Date,AAPL,AMZN,AVGO,GOOGL,META,MSFT,NVDA,ORCL,TSLA,TSM
2012-09-10,19.924589157104492,12.854499816894531,2.5175864696502686,17.39303207397461,18.66353988647461,24.481849670410156,0.3043724596500397,26.496721267700195,1.824666976928711,10.411362648010254
2012-09-11,19.859949111938477,12.783499717712402,2.51470947265625,17.180076599121094,19.278715133666992,24.537643432617188,0.30803966522216797,26.504905700683594,1.8533329963684082,10.567176818847656
2012-09-12,20.136533737182617,12.781499862670898,2.5341320037841797,17.147565841674805,20.767030715942383,24.529678344726562,0.3114777207374573,26.45570182800293,1.8853329420089722,10.602590560913086
2012-09-13,20.5330753326416,13.01200008392334,2.52262282371521,17.523834228515625,20.548744201660156,24.657180786132812,0.3135404884815216,26.750934600830078,1.9653329849243164,10.645084381103516
2012-09-14,20.782609939575195,13.06350040435791,2.5219037532806396,17.614179611206055,21.82870101928711,24.87234878540039,0.3172074556350708,27.02155876159668,2.0260000228881836,10.878808975219727
2012-09-17,21.038156509399414,12.899999618530273,2.5377278327941895,17.621625900268555,21.352439880371094,24.87234878540039,0.3084981441497803,27.144577026367188,2.169332981109619,10.616752624511719
2012-09-18,21.102188110351562,12.9375,2.540618658065796,17.82762908935547,21.699710845947266,24.84844970703125,0.3105609118938446,27.078969955444336,2.0893330574035645,10.687581062316895
2012-09-19,21.107906341552734,13.083999633789062,2.532670736312866,18.056468963623047,23.108654022216797,24.744844436645508,0.3142279386520386,26.88214683532715,2.069999933242798,10.652167320251465
2012-09-20,21.00568199157715,13.040499687194824,2.4387338161468506,18.071857452392578,22.414106369018555,25.063621520996094,0.31193599104881287,26.45570182800293,2.059999942779541,10.482187271118164
2012-09-21,21.047470092773438,12.873499870300293,2.565908432006836,18.21755027770996,22.682003021240234,24.856412887573242,0.3133111894130707,26.627920150756836,2.001332998275757,10.482187271118164
2012-09-24,20.767879486083984,12.739999771118164,2.5001535415649414,18.599529266357422,20.628124237060547,24.529678344726562,0.3130819797515869,26.42290687561035,2.0439999103546143,10.503433227539062
2012-09-25,20.249279022216797,12.623000144958496,2.3852624893188477,18.594066619873047,20.12209129333496,24.218870162963867,0.3073520362377167,25.66843605041504,1.843999981880188,10.482187271118164
2012-09-26,19.997943878173828,12.483499526977539,2.4177777767181396,18.700794219970703,20.45944595336914,24.04353904724121,0.30208057165145874,25.200990676879883,1.8359999656677246,10.616752624511719
2012-09-27,20.483171463012695,12.829500198364258,2.5218305587768555,18.7762451171875,20.16177749633789,24.035573959350586,0.3043724596500397,25.602819442749023,1.8993330001831055,11.048789024353027
2012-09-28,20.055667877197266,12.715999603271484,2.5196633338928223,18.726604461669922,21.49134635925293,23.716796875,0.3057476580142975,25.79964828491211,1.9520000219345093,11.204605102539062
2012-10-01,19.823869705200195,12.600500106811523,2.506655693054199,18.907297134399414,21.818777084350586,23.50162124633789,0.3007054626941681,25.971860885620117,1.944000005722046,11.26126480102539
2012-10-02,19.881591796875,12.529999732971191,2.4871466159820557,18.788408279418945,22.096599578857422,23.637096405029297,0.30185142159461975,25.955459594726562,1.9866670370101929,11.332094192504883
2012-10-03,20.186447143554688,12.795999526977539,2.497986078262329,18.9251651763916,21.66002082824707,23.796489715576172,0.2988717555999756,26.09487533569336,1.9533330202102661,11.367506980895996
2012-10-04,20.046642303466797,13.023500442504883,2.4871466159820557,19.062917709350586,21.779088973999023,23.931970596313477,0.31216517090797424,26.160478591918945,1.9600000381469727,11.445414543151855
2012-10-05,19.619430541992188,12.92549991607666,2.4885919094085693,19.052988052368164,20.74718475341797,23.78851890563965,0.3048308491706848,25.74224090576172,1.9259999990463257,11.381671905517578
2012-10-08,19.1859188079834,12.95300006866455,2.448127031326294,18.80950164794922,20.24115753173828,23.73273468017578,0.30185142159461975,25.57002830505371,1.9500000476837158,10.999213218688965
2012-10-09,19.11617088317871,12.54800033569336,2.4271724224090576,18.468231201171875,20.07248306274414,23.334270477294922,0.295433908700943,25.135377883911133,1.891332983970642,10.878808975219727
2012-10-10,19.26828384399414,12.249500274658203,2.3549132347106934,18.479894638061523,19.487071990966797,23.095190048217773,0.2903915047645569,25.127166748046875,1.8933329582214355,10.708829879760742
2012-10-11,18.88317108154297,12.211000442504883,2.3794808387756348,18.65165138244629,19.596220016479492,23.071290969848633,0.291996031999588,25.24220085144043,1.8880000114440918,10.645084381103516
2012-10-12,18.93157196044922,12.118000030517578,2.383094310760498,18.48461151123047,19.368011474609375,23.2705135345459,0.28947481513023376,25.472272872924805,1.8426669836044312,10.708829879760742
2012-10-15,19.083406448364258,12.208999633789062,2.3982675075531006,18.391042709350586,19.368011474609375,23.51755714416504,0.2931419909000397,25.718778610229492,1.8220000267028809,10.829233169555664
2012-10-16,19.535255432128906,12.196999549865723,2.482088327407837,18.483369827270508,19.328319549560547,23.50162124633789,0.30162230134010315,26.187137603759766,1.8706669807434082,10.942553520202637
2012-10-17,19.37952995300293,12.374500274658203,2.4647464752197266,18.751176834106445,19.725204467773438,23.581317901611328,0.2993302345275879,25.66126823425293,1.9213329553604126,11.048789024353027
2012-10-18,19.019657135009766,12.242500305175781,2.460411548614502,17.249820709228516,18.83221435546875,23.509601593017578,0.2947463095188141,25.570873260498047,1.869333028793335,11.013379096984863
2012-10-19,18.334205627441406,12.0,2.3982675075531006,16.921953201293945,18.85205841064453,22.824234008789062,0.27755656838417053,25.04500389099121,1.8493330478668213,10.779655456542969
2012-10-22,19.06144142150879,11.689000129699707,2.413442850112915,16.844512939453125,19.16956901550293,22.31418800354004,0.2743477523326874,25.30793571472168,1.8566670417785645,10.857563018798828
2012-10-23,18.440034866333008,11.715499877929688,2.401881694793701,16.886211395263672,19.34816551208496,22.354032516479492,0.28259894251823425,25.13538360595703,1.8926670551300049,10.779655456542969
2012-10-24,18.544347763061523,11.424500465393066,2.3650290966033936,16.810510635375977,23.049121856689453,22.2345027923584,0.27893170714378357,25.143596649169922,1.8279999494552612,10.730076789855957
2012-10-25,18.325185775756836,11.145999908447266,2.4351205825805664,16.821929931640625,22.384340286254883,22.218549728393555,0.2791610658168793,25.35724639892578,1.8346669673919678,10.892976760864258
2012-10-26,18.158628463745117,11.911999702453613,2.444514513015747,16.75714683532715,21.769166946411133,22.481544494628906,0.2761813998222351,25.464052200317383,1.8253329992294312,10.977967262268066
2012-10-31,17.897672653198242,11.644499778747559,2.386706829071045,16.884971618652344,20.945632934570312,22.744535446166992,0.2745770514011383,25.538002014160156,1.8753329515457153,11.26126480102539
2012-11-01,17.93434715270996,11.607000350952148,2.492927312850952,17.065906524658203,21.044851303100586,23.525531768798828,0.287641316652298,25.866682052612305,1.9500000476837158,11.410000801086426
2012-11-02,17.340879440307617,11.621000289916992,2.454630136489868,17.074098587036133,21.01508903503418,23.509601593017578,0.2862660586833954,25.644824981689453,1.9279999732971191,11.169196128845215
2012-11-05,17.575984954833984,11.716500282287598,2.4799206256866455,16.950992584228516,21.08453941345215,23.613191604614258,0.2984134554862976,25.677696228027344,2.0999999046325684,11.247103691101074
2012-11-06,17.52277946472168,11.878000259399414,2.5492892265319824,16.92021369934082,21.00516128540039,23.796489715576172,0.29818421602249146,25.98994255065918,2.076667070388794,11.473746299743652
2012-11-07,16.852312088012695,11.602999687194824,2.4539079666137695,16.557844161987305,20.310611724853516,23.174890518188477,0.2890164256095886,25.29972267150879,2.1026670932769775,11.452496528625488
2012-11-08,16.24073028564453,11.367500305175781,2.4452366828918457,16.189767837524414,19.834346771240234,22.9597110748291,0.29062071442604065,24.995698928833008,2.0873329639434814,11.424166679382324
2012-11-09,16.521909713745117,11.315500259399414,2.4192235469818115,16.456329345703125,19.060420989990234,22.975650787353516,0.2793901562690735,24.938173294067383,2.0213329792022705,11.587065696716309
2012-11-12,16.394155502319336,11.32349967956543,2.4286177158355713,16.527563095092773,19.913726806640625,22.489519119262695,0.2732018828392029,24.8970947265625,2.0713329315185547,11.650811195373535
2012-11-13,16.396268844604492,11.329999923706055,2.404771566390991,16.357547760009766,19.705364227294922,21.766380310058594,0.2711390256881714,24.667022705078125,2.107332944869995,11.459580421447754
2012-11-14,16.214452743530273,11.147500038146973,2.386706829071045,16.196218490600586,22.185897827148438,21.565507888793945,0.2644924521446228,24.305484771728516,2.0920000076293945,11.275433540344238
2012-11-15,15.874393463134766,11.029999732971191,2.3303449153900146,16.064922332763672,21.99737548828125,21.420883178710938,0.2656383216381073,24.6095027923584,2.0546669960021973,11.367506980895996
2012-11-16,15.93661117553711,11.261500358581543,2.3079442977905273,16.062936782836914,23.376554489135742,21.308395385742188,0.26082533597946167,24.65058708190918,2.122667074203491,11.466665267944336
2012-11-19,17.085769653320312,11.48550033569336,2.3664743900299072,16.584897994995117,22.74153709411621,21.47713279724121,0.2681594789028168,24.765623092651367,2.194667100906372,11.572900772094727
2012-11-20,16.94019317626953,11.689000129699707,2.370810031890869,16.62858009338379,22.920137405395508,21.46105194091797,0.2650454044342041,24.81492042541504,2.200000047683716,11.509157180786133
2012-11-21,16.964048385620117,11.90149974822998,2.3715333938598633,16.526819229125977,24.13063621520996,21.65389633178711,0.2726576626300812,24.979257583618164,2.1646668910980225,11.516241073608398
2012-11-23,17.260026931762695,11.994000434875488,2.424281597137451,16.578941345214844,23.813127517700195,22.256505966186523,0.2745031416416168,25.406539916992188,2.1419999599456787,11.92702865600586
2012-11-26,17.804546356201172,12.180999755859375,2.459689140319824,16.409666061401367,25.738021850585938,22.00742530822754,0.27934730052948,25.43941307067871,2.1513330936431885,11.771211624145508
2012-11-27,17.661104202270508,12.170000076293945,2.465468406677246,16.64694595336914,25.946386337280273,21.758342742919922,0.2805006206035614,25.65304183959961,2.1433329582214355,11.919946670532227
2012-11-28,17.605533599853516,12.355500221252441,2.4972634315490723,16.968612670898438,26.154752731323242,21.98331642150879,0.28280743956565857,26.12961769104004,2.2153329849243164,11.969523429870605
2012-11-29,17.79941749572754,12.56350040435791,2.536282539367676,17.172636032104492,27.107275009155273,21.65389633178711,0.2777325510978699,26.162492752075195,2.246000051498413,12.132421493530273
2012-11-30,17.676198959350586,12.602499961853027,2.536282539367676,17.333463668823242,27.781980514526367,21.38874626159668,0.2761177718639374,26.441864013671875,2.254667043685913,12.231582641601562
2012-12-03,17.70368003845215,12.516500473022461,2.5153276920318604,17.25602912902832,26.829458236694336,21.236082077026367,0.2710430920124054,26.548688888549805,2.308000087738037,12.097013473510742
2012-12-04,17.391399383544922,12.624500274658203,2.5232760906219482,17.151287078857422,27.246185302734375,21.18787384033203,0.27911660075187683,26.606203079223633,2.259999990463257,11.863286018371582
2012-12-05,16.272146224975586,12.697999954223633,2.495095729827881,17.071613311767578,27.494237899780273,21.428918838500977,0.2758871614933014,26.293960571289062,2.24733304977417,12.012017250061035
2012-12-06,16.5273380279541,12.668499946594238,2.5377278327941895,17.15376853942871,26.7600040435791,21.47713279724121,0.2763485312461853,26.318613052368164,2.259999990463257,12.075760841369629
2012-12-07,16.104829788208008,12.66349983215332,2.4748635292053223,16.982013702392578,27.27595329284668,21.26018714904785,0.2758871614933014,26.228221893310547,2.2780001163482666,12.061600685119629
2012-12-10,16.001235961914062,12.388500213623047,2.489314079284668,17.012048721313477,27.623228073120117,21.645856857299805,0.2851141095161438,26.351478576660156,2.3046669960021973,11.955357551574707
2012-12-11,16.350664138793945,12.534500122070312,2.4972634315490723,17.296483993530273,27.76213836669922,21.951181411743164,0.2918038070201874,26.573333740234375,2.3519999980926514,12.174919128417969
2012-12-12,16.278484344482422,12.588000297546387,2.497986078262329,17.313364028930664,27.365251541137695,21.88690757751465,0.28880491852760315,26.39155387878418,2.3506669998168945,12.082845687866211
2012-12-13,15.997304916381836,12.5625,2.4471545219421387,17.440935134887695,28.020111083984375,21.782451629638672,0.2890356481075287,26.11887550354004,2.2406671047210693,12.118258476257324
2012-12-14,15.396306037902832,12.459500312805176,2.261258602142334,17.42256736755371,26.60124969482422,21.54140281677246,0.29041963815689087,26.4080810546875,2.253999948501587,12.004939079284668
2012-12-17,15.66932487487793,12.692999839782715,2.322981357574463,17.889680862426758,26.541715621948242,21.774412155151367,0.28926634788513184,26.705537796020508,2.293333053588867,11.997854232788086
2012-12-18,16.12445831298828,13.020000457763672,2.3433139324188232,17.896875381469727,27.494237899780273,22.144014358520508,0.2897276282310486,27.168258666992188,2.305999994277954,12.02618408203125
2012-12-19,15.89522933959961,12.899499893188477,2.322981357574463,17.873050689697266,27.19657325744629,21.94315528869629,0.2918038070201874,28.168071746826172,2.307332992553711,12.10409164428711
2012-12-20,15.756909370422363,13.074999809265137,2.316445827484131,17.928895950317383,27.146963119506836,22.240432739257812,0.29157301783561707,28.04411506652832,2.295332908630371,12.11117935180664
2012-12-21,15.68442153930664,12.845999717712402,2.277233362197876,17.76185417175293,26.055532455444336,22.05563735961914,0.2848834991455078,27.8953914642334,2.266666889190674,12.004939079284668
2012-12-24,15.709793090820312,12.930999755859375,2.261984348297119,17.609712600708008,26.720314025878906,21.742277145385742,0.2825767397880554,27.77145004272461,2.2853329181671143,11.99077320098877
2012-12-26,15.493247985839844,12.431500434875488,2.242377758026123,17.594074249267578,26.30358123779297,21.581579208374023,0.2823461592197418,27.77145004272461,2.239332914352417,11.983691215515137
2012-12-27,15.555466651916504,12.415499687194824,2.2779598236083984,17.530038833618164,25.847164154052734,21.66192626953125,0.2805006206035614,27.490509033203125,2.246000051498413,12.02618408203125
2012-12-28,15.390267372131348,12.258999824523926,2.261984348297119,17.374170303344727,25.708251953125,21.33249855041504,0.27911660075187683,27.283939361572266,2.2146670818328857,12.132421493530273
2012-12-31,16.072206497192383,12.543499946594238,2.2982921600341797,17.557092666625977,26.412729263305664,21.46105194091797,0.28280743956565857,27.531827926635742,2.257999897003174,12.153672218322754
2013-01-02,16.581403732299805,12.865500450134277,2.362919807434082,17.95098304748535,27.781980514526367,22.19223403930664,0.2934184968471527,28.663833618164062,2.357332944869995,12.81943130493164
2013-01-03,16.372100830078125,12.923999786376953,2.3752646446228027,17.961406707763672,27.55377197265625,21.894939422607422,0.29364901781082153,28.34984588623047,2.318000078201294,12.812350273132324
2013-01-04,15.916057586669922,12.957500457763672,2.360015392303467,18.316335678100586,28.53606414794922,21.485164642333984,0.3033374845981598,28.59773063659668,2.293333053588867,12.72027587890625
2013-01-07,15.822446823120117,13.42300033569336,2.3469443321228027,18.236413955688477,29.1909236907959,21.444988250732422,0.29457181692123413,28.449010848999023,2.2893331050872803,12.536127090454102
2013-01-08,15.865029335021973,13.319000244140625,2.3309693336486816,18.200424194335938,28.833730697631836,21.33249855041504,0.28811293840408325,28.457265853881836,2.245332956314087,12.422809600830078
2013-01-09,15.617076873779297,13.317500114440918,2.382526159286499,18.320056915283203,30.351816177368164,21.453018188476562,0.28165403008461,28.47379493713379,2.2426669597625732,12.422809600830078
2013-01-10,15.810665130615234,13.267000198364258,2.4340837001800537,18.403453826904297,31.056283950805664,21.26018714904785,0.28211548924446106,28.84562110900879,2.23533296585083,12.876092910766602
2013-01-11,15.713722229003906,13.397000312805176,2.49362850189209,18.366470336914062,31.473018646240234,21.557466506958008,0.28165403008461,28.804298400878906,2.194000005722046,12.854844093322754
2013-01-14,15.153488159179688,13.636500358581543,2.5103306770324707,17.95098304748535,30.709012985229492,21.60568618774414,0.28142333030700684,28.886930465698242,2.2173330783843994,12.755688667297363
2013-01-15,14.67540168762207,13.595000267028809,2.459498882293701,17.992685317993164,29.865629196166992,21.862802505493164,0.2763485312461853,28.672100067138672,2.259999990463257,12.670698165893555
2013-01-16,15.284554481506348,13.446499824523926,2.5096044540405273,17.750934600830078,29.61757469177246,21.726207733154297,0.2788859009742737,28.622520446777344,2.2733330726623535,12.606949806213379
2013-01-17,15.181570053100586,13.52400016784668,2.5277581214904785,17.65488052368164,29.905319213867188,21.894939422607422,0.2825767397880554,28.60599708557129,2.2920000553131104,12.93274974822998
2013-01-18,15.100632667541504,13.605999946594238,2.5008902549743652,17.48586082458496,29.429052352905273,21.894939422607422,0.28073129057884216,29.0108699798584,2.301332950592041,12.847763061523438
2013-01-22,15.244688987731934,13.509499549865723,2.5008902549743652,17.445154190063477,30.49072265625,21.814592361450195,0.27934730052948,28.862144470214844,2.3459999561309814,12.861926078796387
2013-01-23,15.523755073547363,13.405500411987305,2.4994378089904785,18.40394401550293,30.58002281188965,22.18419647216797,0.2798086702823639,28.663833618164062,2.4000000953674316,12.939834594726562
2013-01-24,13.605669975280762,13.67300033569336,2.4638559818267822,18.719411849975586,30.83799934387207,22.20026206970215,0.2811926305294037,28.870397567749023,2.4660000801086426,12.614034652709961
2013-01-25,13.284934997558594,14.19950008392334,2.480558395385742,18.706008911132812,31.29442024230957,22.4011287689209,0.28626754879951477,29.233970642089844,2.4653329849243164,12.571539878845215
2013-01-28,13.585434913635254,13.802000045776367,2.5037951469421387,18.633037567138672,32.21717834472656,22.425243377685547,0.29088103771209717,29.366168975830078,2.5353329181671143,12.408642768859863
2013-01-29,13.840333938598633,13.017499923706055,2.5103306770324707,18.706254959106445,30.55025863647461,22.505584716796875,0.28465282917022705,29.564502716064453,2.5299999713897705,12.578622817993164
2013-01-30,13.796847343444824,13.637999534606934,2.545186758041382,18.709976196289062,30.996753692626953,22.377025604248047,0.28419145941734314,29.233970642089844,2.501332998275757,12.606949806213379
2013-01-31,13.756375312805176,13.274999618530273,2.5974693298339844,18.75614356994629,30.7387752532959,22.05563735961914,0.28280743956565857,29.341384887695312,2.500667095184326,12.564456939697266
2013-02-01,13.699901580810547,13.25,2.6330509185791016,19.250303268432617,29.498512268066406,22.44130516052246,0.28534480929374695,29.919784545898438,2.553333044052124,12.798186302185059
2013-02-04,13.358623504638672,12.99899959564209,2.5546252727508545,18.838788986206055,27.891124725341797,22.047597885131836,0.2805006206035614,29.027400970458984,2.5160000324249268,12.677778244018555
2013-02-05,13.827350616455078,13.344499588012695,2.5713272094726562,19.005582809448242,28.4169979095459,22.095813751220703,0.28695952892303467,29.316593170166016,2.5420000553131104,12.876092910766602
2013-02-06,13.812548637390137,13.111000061035156,2.588029146194458,19.11553192138672,28.82380485534668,21.967254638671875,0.28465282917022705,29.00261878967285,2.611332893371582,12.776936531066895
2013-02-07,14.223252296447754,13.011500358581543,2.5386505126953125,19.2093505859375,28.42691993713379,21.919042587280273,0.28349944949150085,28.556421279907227,2.631999969482422,12.96108341217041
2013-02-08,14.428603172302246,13.09749984741211,2.564791679382324,19.492795944213867,28.32769775390625,22.13597869873047,0.28534480929374695,28.837360382080078,2.615999937057495,13.067320823669434
2013-02-11,14.578967094421387,12.86050033569336,2.5706019401550293,19.419574737548828,28.039955139160156,22.38506507873535,0.28857421875,28.886930465698242,2.561332941055298,13.088569641113281
2013-02-12,14.213530540466309,12.9350004196167,2.5517213344573975,19.37688446044922,27.156885147094727,22.4011287689209,0.2867289185523987,29.0108699798584,2.5260000228881836,13.10273265838623
2013-02-13,14.186492919921875,13.47350025177002,2.5538995265960693,19.430496215820312,27.69268226623535,22.52166748046875,0.28534480929374695,28.91172218322754,2.563333034515381,13.038993835449219
2013-02-14,14.173735618591309,13.461999893188477,2.588029146194458,19.553604125976562,28.27808952331543,22.529687881469727,0.29364901781082153,28.837360382080078,2.551332950592041,13.152312278747559
2013-02-15,13.978411674499512,13.254500389099121,2.5517213344573975,19.679441452026367,28.0994873046875,22.505584716796875,0.29364901781082153,28.762989044189453,2.4693329334259033,13.123981475830078
2013-02-19,13.973247528076172,13.487500190734863,2.5807666778564453,20.02592658996582,28.704740524291992,22.724319458007812,0.2897276282310486,29.250499725341797,2.618666887283325,13.563103675842285
2013-02-20,13.634841918945312,13.320500373840332,2.5175909996032715,19.66876983642578,28.238399505615234,22.578500747680664,0.28557538986206055,28.92824363708496,2.569333076477051,13.378952980041504
2013-02-21,13.550093650817871,13.29699993133545,2.4449760913848877,19.74496841430664,27.06758689880371,22.270645141601562,0.28349944949150085,28.32505989074707,2.3440001010894775,13.237302780151367
2013-02-22,13.694382667541504,13.270999908447266,2.475475311279297,19.84871482849121,26.91875457763672,22.4893856048584,0.28880491852760315,28.713403701782227,2.4073328971862793,13.386038780212402
2013-02-25,13.451059341430664,12.993499755859375,2.3926923274993896,19.62682342529297,27.057662963867188,22.173437118530273,0.28373023867607117,28.32505989074707,2.2920000553131104,12.925670623779297
2013-02-26,13.63848876953125,12.968000411987305,2.405763864517212,19.610939025878906,27.176729202270508,22.173437118530273,0.28709548711776733,28.358108520507812,2.295332908630371,12.614034652709961
2013-02-27,13.504827499389648,13.162500381469727,2.446427822113037,19.85045051574707,26.660781860351562,22.52989387512207,0.2924334406852722,28.65557098388672,2.3399999141693115,12.876092910766602
2013-02-28,13.408533096313477,13.213500022888184,2.4849143028259277,19.88569450378418,27.037818908691406,22.52178955078125,0.2938258945941925,28.29200553894043,2.322000026702881,12.925670623779297
2013-03-01,13.076505661010742,13.286999702453613,2.4471545219421387,20.009546279907227,27.563695907592773,22.643310546875,0.29498663544654846,28.614267349243164,2.309999942779541,12.925670623779297
2013-03-04,12.759976387023926,13.655500411987305,2.4355359077453613,20.38953971862793,27.50415802001953,22.805335998535156,0.2938258945941925,28.961299896240234,2.371999979019165,12.847763061523438
2013-03-05,13.0968599319458,13.779500007629395,2.492903232574463,20.8139591217041,27.30571746826172,22.96735954284668,0.2970753014087677,29.300077438354492,2.4433329105377197,12.982329368591309
2013-03-06,12.930390357971191,13.689499855041504,2.520495891571045,20.63475799560547,27.236265182495117,22.75672149658203,0.2968430817127228,29.630586624145508,2.512666940689087,12.833597183227539
2013-03-07,13.079851150512695,13.694000244140625,2.539376974105835,20.665040969848633,28.357463836669922,22.797237396240234,0.29614701867103577,29.696687698364258,2.5486669540405273,12.784017562866211
2013-03-08,13.114483833312988,13.709500312805176,2.5611605644226074,20.638233184814453,27.742290496826172,22.68381118774414,0.29753944277763367,29.50665283203125,2.564666986465454,12.684861183166504
2013-03-11,13.301301002502441,13.562000274658203,2.5604348182678223,20.72014045715332,27.92089080810547,22.578500747680664,0.29475435614585876,29.647111892700195,2.6066670417785645,12.55029010772705
2013-03-12,13.014537811279297,13.706500053405762,2.5742316246032715,20.541187286376953,27.613304138183594,22.61090660095215,0.2956826984882355,29.27528953552246,2.6080000400543213,12.557376861572266
2013-03-13,13.012107849121094,13.755000114440918,2.6134448051452637,20.484100341796875,26.8691463470459,22.619003295898438,0.2956826984882355,29.39922523498535,2.5986669063568115,12.748604774475098
2013-03-14,13.138175964355469,13.286999702453613,2.662097692489624,20.39052963256836,26.829458236694336,22.797237396240234,0.29591476917266846,29.994159698486328,2.456666946411133,12.784017562866211
2013-03-15,13.477188110351562,13.090999603271484,2.614170551300049,20.210838317871094,26.44249153137207,22.716224670410156,0.2933618426322937,30.02721405029297,2.3526670932769775,12.493632316589355
2013-03-18,13.843536376953125,12.894499778747559,2.5604348182678223,20.049259185791016,26.283737182617188,22.76483154296875,0.2912730276584625,29.77931785583496,2.3433330059051514,12.210331916809082
2013-03-19,13.806173324584961,12.820500373840332,2.5633394718170166,20.136871337890625,26.343271255493164,22.829641342163086,0.2894163429737091,29.49012565612793,2.3386669158935547,12.097013473510742
2013-03-20,13.732961654663086,12.86400032043457,2.6090869903564453,20.221012115478516,25.65864372253418,22.94305992126465,0.29289767146110535,29.556230545043945,2.396667003631592,12.217412948608398
2013-03-21,13.752706527709961,12.669500350952148,2.5959482192993164,20.13538360595703,25.539581298828125,22.772926330566406,0.28825587034225464,26.68901252746582,2.4006669521331787,11.962441444396973
2013-03-22,14.031573295593262,12.887499809265137,2.6134679317474365,20.111804962158203,25.52965545654297,22.8863525390625,0.2896483838558197,26.42460823059082,2.441333055496216,12.089924812316895
2013-03-25,14.082304000854492,12.800999641418457,2.5930275917053223,20.09517478942871,24.934328079223633,22.813438415527344,0.2880237400531769,25.8214168548584,2.502000093460083,12.004939079284668
2013-03-26,14.008180618286133,13.01550006866455,2.6127376556396484,20.164175033569336,25.01370620727539,22.813438415527344,0.29011255502700806,26.061037063598633,2.5239999294281006,12.089924812316895
2013-03-27,13.732961654663086,13.265000343322754,2.601787805557251,19.921932220458984,25.886857986450195,22.98356819152832,0.29359400272369385,26.39980697631836,2.5439999103546143,12.160754203796387
2013-03-28,13.446807861328125,13.32450008392334,2.6222281455993652,19.711706161499023,25.380823135375977,23.17799949645996,0.29777154326438904,26.71380615234375,2.5260000228881836,12.174919128417969
2013-04-01,13.029121398925781,13.080499649047852,2.5798871517181396,19.885448455810547,25.331212997436523,23.17799949645996,0.2880237400531769,26.779905319213867,2.9286670684814453,12.097013473510742
2013-04-02,13.055856704711914,13.166000366210938,2.546306610107422,20.1795654296875,25.22206687927246,23.33192253112793,0.2850065529346466,27.052579879760742,2.9560000896453857,12.118258476257324
2013-04-03,13.122681617736816,12.951499938964844,2.504694700241089,20.009796142578125,26.04560661315918,23.137493133544922,0.28152528405189514,26.771635055541992,2.740000009536743,11.85620403289795
2013-04-04,12.992971420288086,12.954000473022461,2.5258660316467285,19.733551025390625,26.859222412109375,23.169898986816406,0.28431037068367004,26.74684715270996,2.8006670475006104,11.919946670532227
2013-04-05,12.855668067932129,12.77400016784668,2.5061557292938232,19.435213088989258,27.176729202270508,23.250917434692383,0.2891843020915985,26.465919494628906,2.757999897003174,11.84912109375
2013-04-08,12.947098731994629,12.947500228881836,2.5302462577819824,19.2316951751709,26.64093780517578,23.16179847717285,0.2884880602359772,26.738595962524414,2.7886669635772705,11.92702865600586
2013-04-09,12.970492362976074,13.057000160217285,2.539006233215332,19.30118751525879,26.382959365844727,23.98813247680664,0.29312968254089355,27.30046844482422,2.700000047683716,12.004939079284668
2013-04-10,13.235076904296875,13.238499641418457,2.5828073024749756,19.612178802490234,27.355329513549805,24.530927658081055,0.29777154326438904,27.870609283447266,2.7906670570373535,12.174919128417969
2013-04-11,13.193764686584473,13.492500305175781,2.6010563373565674,19.61739158630371,27.80182647705078,23.445354461669922,0.2963789999485016,27.77971076965332,2.9059998989105225,12.281156539916992
2013-04-12,13.05615234375,13.643500328063965,2.5484964847564697,19.608949661254883,27.1866512298584,23.32382583618164,0.3038058578968048,27.64750862121582,2.9166669845581055,12.259909629821777
2013-04-15,12.753904342651367,13.38599967956543,2.4660048484802246,19.40741729736328,26.313508987426758,23.242809295654297,0.29753944277763367,27.10215187072754,2.886667013168335,11.962441444396973
2013-04-16,12.948012351989746,13.616999626159668,2.5244059562683105,19.691354751586914,26.710391998291016,23.46965217590332,0.30078867077827454,27.614450454711914,3.0393331050872803,12.210331916809082
2013-04-17,12.235966682434082,13.369999885559082,2.3652610778808594,19.423053741455078,26.42264747619629,23.356233596801758,0.2968430817127228,26.84601402282715,3.0299999713897705,12.097013473510742
2013-04-18,11.909411430358887,12.970999717712402,2.290070056915283,19.009801864624023,25.48996925354004,23.32382583618164,0.29104098677635193,26.54027557373047,3.131333112716675,12.706110000610352
2013-04-19,11.863241195678711,13.015999794006348,2.282039165496826,19.852685928344727,25.52965545654297,24.117759704589844,0.2917371690273285,26.74684715270996,3.188667058944702,13.315207481384277
2013-04-22,12.110511779785156,13.177499771118164,2.305400848388672,19.858644485473633,25.767786026000977,24.976505279541016,0.29220137000083923,26.87079620361328,3.3459999561309814,13.10273265838623
2013-04-23,12.337125778198242,13.444999694824219,2.3630709648132324,20.051986694335938,25.7777099609375,24.790170669555664,0.2998603284358978,26.821218490600586,3.4006669521331787,12.946917533874512
2013-04-24,12.316771507263184,13.439000129699707,2.381321907043457,20.189743041992188,25.906700134277344,25.72993278503418,0.3100724518299103,26.862533569335938,3.361999988555908,13.060237884521484
2013-04-25,12.405477523803711,13.734999656677246,2.382051944732666,20.081769943237305,25.936464309692383,25.875755310058594,0.31262531876564026,26.664230346679688,3.4666669368743896,13.237302780151367
2013-04-26,12.673402786254883,12.740500450134277,2.344090700149536,19.89115333557129,26.64093780517578,25.754234313964844,0.3112327754497528,26.738595962524414,3.413332939147949,13.123981475830078
2013-04-29,13.065877914428711,12.487000465393066,2.3747518062591553,20.328977584838867,26.769926071166992,26.418546676635742,0.3149462640285492,26.639436721801758,3.6626670360565186,13.336458206176758
2013-04-30,13.450453758239746,12.690500259399414,2.3331403732299805,20.465736389160156,27.55377197265625,26.815509796142578,0.3195880055427551,27.08562660217285,3.5993330478668213,13.51352310180664
2013-05-01,13.344435691833496,12.411499977111816,2.286419153213501,20.362979888916016,27.216419219970703,26.50765609741211,0.3168029487133026,27.399614334106445,3.552000045776367,13.534770965576172
2013-05-02,13.533686637878418,12.6274995803833,2.3426308631896973,20.59082794189453,28.744428634643555,26.864126205444336,0.3205164670944214,27.83755111694336,3.607332944869995,13.832237243652344
2013-05-03,13.669172286987305,12.90250015258789,2.327300786972046,20.990673065185547,28.089567184448242,27.131465911865234,0.3219088613986969,27.58141326904297,3.636667013168335,13.747246742248535
2013-05-06,13.9951171875,12.78600025177002,2.3944623470306396,21.383577346801758,27.355329513549805,27.342100143432617,0.32098063826560974,27.688817977905273,3.9666669368743896,13.846403121948242
2013-05-07,13.932843208312988,12.886500358581543,2.375481605529785,21.276350021362305,26.68062400817871,26.98563575744629,0.3168029487133026,27.482257843017578,3.700666904449463,13.78974437713623
2013-05-08,14.09019660949707,12.934000015258789,2.445563554763794,21.683399200439453,26.908836364746094,26.726396560668945,0.32260510325431824,27.64750862121582,3.7193329334259033,14.31385326385498
2013-05-09,13.967273712158203,13.008000373840332,2.472574234008789,21.63003921508789,26.829458236694336,26.45905303955078,0.3228372633457184,27.8458194732666,4.626667022705078,14.31385326385498
2013-05-10,13.85107707977295,13.181500434875488,2.4864444732666016,21.847213745117188,26.472257614135742,26.483352661132812,0.337458997964859,28.110218048095703,5.117332935333252,14.2855224609375
2013-05-13,13.905196189880371,13.225500106811523,2.454324245452881,21.780197143554688,26.611169815063477,26.758798599243164,0.33049634099006653,27.911911010742188,5.853332996368408,14.115540504455566
2013-05-14,13.572505950927734,13.416500091552734,2.4601635932922363,22.017724990844727,26.859222412109375,27.354352951049805,0.335370272397995,27.821020126342773,5.549333095550537,14.087203979492188
2013-05-15,13.113525390625,13.32800006866455,2.495204210281372,22.732288360595703,26.39288330078125,27.61540412902832,0.34117233753204346,28.085430145263672,5.656000137329102,14.023465156555176
2013-05-16,13.28874397277832,13.206000328063965,2.4973955154418945,22.433950424194336,25.926544189453125,27.80304527282715,0.3395478129386902,28.3994140625,6.150000095367432,13.775577545166016
2013-05-17,13.248373985290527,13.494999885559082,2.5134551525115967,22.565746307373047,26.04560661315918,28.44753646850586,0.3451178967952728,28.94475746154785,6.099999904632568,13.818074226379395
2013-05-20,13.544072151184082,13.381500244140625,2.5141851902008057,22.54961585998535,25.55942153930664,28.618865966796875,0.34442171454429626,28.837360382080078,5.995999813079834,13.718917846679688
2013-05-21,13.444080352783203,13.442999839782715,2.5616371631622314,22.510894775390625,25.460201263427734,28.431228637695312,0.34803739190101624,29.00261878967285,5.8393330574035645,13.619760513305664
2013-05-22,13.495758056640625,13.14799976348877,2.5229461193084717,22.075305938720703,24.964096069335938,28.235437393188477,0.3359072804450989,28.192852020263672,5.815999984741211,13.378952980041504
2013-05-23,13.519912719726562,13.09000015258789,2.479874849319458,21.910751342773438,24.8648738861084,27.86016082763672,0.3412725031375885,28.28375244140625,6.182000160217285,13.279797554016113
2013-05-24,13.611956596374512,13.086999893188477,2.4893651008605957,21.675704956054688,24.12071418762207,27.95805549621582,0.33917319774627686,28.135005950927734,6.4720001220703125,13.357705116271973
2013-05-28,13.49850845336914,13.364500045776367,2.5141851902008057,21.873022079467773,23.9123477935791,28.569915771484375,0.3389398157596588,28.531641006469727,7.355332851409912,13.492271423339844
2013-05-29,13.605838775634766,13.27649974822998,2.5134551525115967,21.55135726928711,23.1384220123291,28.45570182800293,0.33684027194976807,28.424203872680664,6.975333213806152,13.626843452453613
2013-05-30,13.808570861816406,13.341500282287598,2.7609317302703857,21.612163543701172,24.358840942382812,28.57807159423828,0.3412725031375885,28.374624252319336,6.99666690826416,13.435613632202148
2013-05-31,13.75200080871582,13.460000038146973,2.7543623447418213,21.62358283996582,24.160402297973633,28.472023010253906,0.33754023909568787,27.911911010742188,6.517333030700684,13.21605396270752
2013-06-03,13.782279968261719,13.343999862670898,2.722970962524414,21.534481048583984,23.664297103881836,29.03493309020996,0.33707383275032043,28.41594123840332,6.172667026519775,13.25146770477295
2013-06-04,13.739157676696777,13.28499984741211,2.7594716548919678,21.32276725769043,23.336862564086914,28.54544448852539,0.33754023909568787,28.225908279418945,6.322667121887207,13.414365768432617
2013-06-05,13.61073112487793,13.358499526977539,2.7010700702667236,21.337656021118164,22.72169303894043,28.37411880493164,0.3303088843822479,28.192852020263672,6.357999801635742,13.21605396270752
2013-06-06,13.40738582611084,13.391500473022461,2.6828200817108154,21.460269927978516,22.791147232055664,28.520967483520508,0.3324083387851715,27.556615829467773,6.489999771118164,13.17355728149414
2013-06-07,13.509822845458984,13.843500137329102,2.722240447998047,21.83479881286621,23.108654022216797,29.10019874572754,0.33707383275032043,27.936710357666016,6.802667140960693,13.237302780151367
2013-06-10,13.420530319213867,14.053500175476074,2.688660144805908,22.095163345336914,24.14055824279785,28.93703842163086,0.33684027194976807,28.135005950927734,6.670000076293945,13.322291374206543
2013-06-11,13.381087303161621,13.73900032043457,2.6492390632629395,21.8367862701416,23.842893600463867,28.423080444335938,0.3305422067642212,27.73838996887207,6.297999858856201,13.116897583007812
2013-06-12,13.215658187866211,13.583499908447266,2.626608371734619,21.642446517944336,23.584915161132812,28.55360221862793,0.32774287462234497,27.69707679748535,6.51533317565918,13.003580093383789
2013-06-13,13.330937385559082,13.78950023651123,2.7250049114227295,21.76704216003418,23.54522705078125,28.32518196105957,0.3352075219154358,28.300275802612305,6.545332908630371,12.939834594726562
2013-06-14,13.150219917297363,13.69950008392334,2.760251522064209,21.718393325805664,23.44600486755371,28.06410789489746,0.3347410261631012,27.90365982055664,6.686666965484619,12.741521835327148
2013-06-17,13.20985221862793,13.902999877929688,2.796966552734375,21.996623992919922,23.832971572875977,28.55360221862793,0.33800673484802246,28.31679916381836,6.813333034515381,12.833597183227539
2013-06-18,13.202818870544434,14.088000297546387,2.845430850982666,22.353288650512695,24.02149200439453,28.53728485107422,0.3359072804450989,28.424203872680664,6.892666816711426,13.053154945373535
2013-06-19,12.93464469909668,13.907999992370605,2.795498847961426,22.354780197143555,24.12071418762207,28.219114303588867,0.34617117047309875,28.168071746826172,6.97866678237915,12.741521835327148
2013-06-20,12.746281623840332,13.67199993133545,2.721332550048828,21.95914649963379,23.713905334472656,27.32171630859375,0.33684027194976807,27.440927505493164,6.710000038146973,12.330734252929688
2013-06-21,12.644147872924805,13.668000221252441,2.7448320388793945,21.864585876464844,24.339000701904297,27.142236709594727,0.33637383580207825,24.90424346923828,6.636666774749756,12.16783618927002
2013-06-24,12.309009552001953,13.530500411987305,2.694164752960205,21.58809471130371,23.75359344482422,27.509349822998047,0.32937583327293396,24.929031372070312,6.765999794006348,11.99077320098877
2013-06-25,12.311762809753418,13.604499816894531,2.7242701053619385,21.49898910522461,24.061182022094727,27.468555450439453,0.33170849084854126,24.75550651550293,6.826666831970215,12.415726661682129
2013-06-26,12.172327041625977,13.878499984741211,2.7352852821350098,21.683895111083984,23.971878051757812,28.0233097076416,0.3298424184322357,24.90424346923828,7.047999858856201,12.493632316589355
2013-06-27,12.041142463684082,13.8774995803833,2.7404251098632812,21.768781661987305,24.467987060546875,28.24358367919922,0.32680994272232056,25.160388946533203,7.283332824707031,12.69902515411377
2013-06-28,12.125234603881836,13.884499549865723,2.7448320388793945,21.850683212280273,24.6862735748291,28.178325653076172,0.32750970125198364,25.375221252441406,7.157332897186279,12.975251197814941
2013-07-01,12.513272285461426,14.104999542236328,2.7617204189300537,22.037084579467773,24.6168212890625,28.031482696533203,0.328909307718277,24.879451751708984,7.811999797821045,13.067320823669434
2013-07-02,12.796737670898438,14.18649959564209,2.8256046772003174,21.898836135864258,24.219934463500977,27.68883514404297,0.3286759555339813,24.87118911743164,7.8546671867370605,13.10273265838623
2013-07-03,12.867365837097168,14.201499938964844,2.8336822986602783,22.001096725463867,24.32908058166504,27.745941162109375,0.3296090364456177,25.366960525512695,7.682666778564453,13.191553115844727
2013-07-05,12.764017105102539,14.293999671936035,2.8498363494873047,22.176321029663086,24.180248260498047,27.909103393554688,0.33217504620552063,25.771839141845703,8.005999565124512,13.257070541381836
2013-07-08,12.691545486450195,14.529500007629395,2.7367546558380127,22.464231491088867,24.51759910583496,28.00701141357422,0.3305422067642212,26.151933670043945,8.107333183288574,12.812984466552734
2013-07-09,12.91476821899414,14.576499938964844,2.759516954421997,22.467958450317383,25.281600952148438,28.0233097076416,0.33217504620552063,26.044519424438477,8.229999542236328,12.987706184387207
2013-07-10,12.865228652954102,14.616499900817871,2.8145902156829834,22.486574172973633,25.599111557006836,28.308862686157227,0.3366072177886963,25.903501510620117,8.15133285522461,12.987706184387207
2013-07-11,13.065824508666992,14.982999801635742,2.8336822986602783,22.840253829956055,25.609031677246094,29.116506576538086,0.3412725031375885,26.426055908203125,8.37399959564209,13.497315406799316
2013-07-12,13.041975975036621,15.3774995803833,2.8601179122924805,22.908756256103516,25.708251953125,29.10019874572754,0.34150567650794983,25.920095443725586,8.65999984741211,13.424514770507812
2013-07-15,13.070412635803223,15.328499794006348,2.79109263420105,22.950702667236328,26.07537269592285,29.508102416992188,0.3408060371875763,26.55047035217285,8.484000205993652,13.395393371582031
2013-07-16,13.154804229736328,15.343500137329102,2.854243278503418,22.82461929321289,26.115060806274414,29.589693069458008,0.342672199010849,26.54218101501465,7.269999980926514,13.417235374450684
2013-07-17,13.158169746398926,15.434499740600586,2.8579142093658447,22.79830551147461,26.44249153137207,29.157306671142578,0.3408060371875763,26.674896240234375,8.016667366027832,13.431796073913574
2013-07-18,13.202509880065918,15.205499649047852,2.760986089706421,22.602975845336914,25.976154327392578,28.91256332397461,0.33940640091896057,26.55047035217285,7.935332775115967,12.237855911254883
2013-07-19,12.994272232055664,15.261500358581543,2.779344081878662,22.253509521484375,25.678485870361328,25.616661071777344,0.33217504620552063,26.426055908203125,7.97866678237915,12.004895210266113
2013-07-22,13.035858154296875,15.173999786376953,2.7749383449554443,22.603473663330078,25.847164154052734,26.114303588867188,0.33194175362586975,26.434350967407227,8.161999702453613,12.09953784942627
2013-07-23,12.812026023864746,15.053000450134277,2.7617204189300537,22.43221664428711,25.926544189453125,25.959300994873047,0.33147531747817993,26.600234985351562,8.182666778564453,12.186897277832031
2013-07-24,13.470072746276855,14.946999549865723,2.708850145339966,22.40987777709961,26.30358123779297,26.073516845703125,0.33147531747817993,26.865659713745117,8.113332748413086,12.39074420928955
2013-07-25,13.40860652923584,15.170000076293945,2.7095847129821777,22.032615661621094,34.092464447021484,25.608503341674805,0.3326416015625,26.849063873291016,8.271332740783691,12.507221221923828
2013-07-26,13.484746932983398,15.600500106811523,2.700772762298584,21.974288940429688,33.74517822265625,25.796140670776367,0.33124202489852905,26.99007225036621,8.62600040435791,12.303380012512207
2013-07-29,13.692678451538086,15.305000305175781,2.6868207454681396,21.897842407226562,35.15413284301758,25.73087501525879,0.3305422067642212,26.940317153930664,8.974666595458984,12.157776832580566
2013-07-30,13.861777305603027,15.120499610900879,2.705913782119751,22.11253547668457,37.336997985839844,25.983779907226562,0.3361407220363617,26.998369216918945,8.78266716003418,12.354341506958008
2013-07-31,13.837623596191406,15.060999870300293,2.693429708480835,22.033857345581055,36.513465881347656,25.975622177124023,0.33684027194976807,26.832473754882812,8.95199966430664,12.361618995666504
2013-08-01,13.964520454406738,15.278499603271484,2.7462995052337646,22.442636489868164,37.198089599609375,25.836923599243164,0.34150567650794983,27.16425895690918,9.036666870117188,12.558183670043945
2013-08-02,14.143710136413574,15.21049976348877,2.752908945083618,22.500967025756836,37.753726959228516,26.01641082763672,0.34430503845214844,27.01496124267578,9.199999809265137,12.23057746887207
2013-08-05,14.355003356933594,15.049500465393066,2.718395948410034,22.461999893188477,38.88485336303711,25.861404418945312,0.34593796730041504,27.189138412475586,9.645333290100098,12.245139122009277
2013-08-06,14.226576805114746,15.037500381469727,2.7066471576690674,22.252769470214844,38.24983215332031,25.76350212097168,0.3408060371875763,27.371620178222656,9.476667404174805,12.07769775390625
2013-08-07,14.2183198928833,14.845499992370605,2.738222122192383,22.105833053588867,38.56733703613281,26.155099868774414,0.3405727446079254,27.222320556640625,8.9486665725708,11.771932601928711
2013-08-08,14.190007209777832,14.786999702453613,2.7404251098632812,22.155719757080078,38.23991775512695,26.83222198486328,0.34290531277656555,27.38820457458496,10.232000350952148,11.808332443237305
2013-08-09,13.988085746765137,14.86299991607666,2.7044451236724854,22.099878311157227,38.200218200683594,26.677223205566406,0.33800673484802246,27.305267333984375,10.199999809265137,11.801050186157227
2013-08-12,14.385458946228027,14.834500312805176,2.768329381942749,21.978261947631836,37.92240905761719,26.815916061401367,0.3352075219154358,27.5789852142334,9.825332641601562,11.6845703125
2013-08-13,15.06908893585205,14.69849967956543,2.7918264865875244,21.872526168823242,36.73174285888672,26.47907066345215,0.33637383580207825,27.5789852142334,9.695332527160645,11.844734191894531
2013-08-14,15.34395980834961,14.567000389099121,2.7330822944641113,21.588586807250977,36.36463165283203,26.57765769958496,0.350603312253952,27.844404220581055,9.290666580200195,11.691849708557129
2013-08-15,15.325796127319336,14.32349967956543,2.6449661254882812,21.336668014526367,36.27532958984375,26.117578506469727,0.3529360294342041,27.147676467895508,9.311332702636719,11.648170471191406
2013-08-16,15.461841583251953,14.241000175476074,2.6618542671203613,21.26841163635254,36.79128646850586,26.125791549682617,0.35433563590049744,26.882253646850586,9.466667175292969,11.626330375671387
2013-08-19,15.62836742401123,14.278499603271484,2.6618542671203613,21.48533821105957,37.515594482421875,25.78895378112793,0.3487372100353241,26.591949462890625,9.65999984741211,11.509846687316895
2013-08-20,15.423067092895508,14.354499816894531,2.701507806777954,21.479629516601562,38.110923767089844,25.9779109954834,0.3504956066608429,26.708070755004883,9.972000122070312,11.524408340454102
2013-08-21,15.462775230407715,14.228500366210938,2.6868207454681396,21.57667350769043,38.02162551879883,25.96969985961914,0.3488544225692749,26.791015625,9.857333183288574,11.466167449951172
2013-08-22,15.481239318847656,14.486499786376953,2.688291072845459,21.685382843017578,38.24983215332031,26.610517501831055,0.3507300019264221,26.87395477294922,10.473333358764648,11.691849708557129
2013-08-23,15.42152214050293,14.500499725341797,2.697836399078369,21.5985164642334,40.23426055908203,28.54941749572754,0.3507300019264221,26.351408004760742,10.78933334350586,11.808332443237305
2013-08-26,15.481542587280273,14.310500144958496,2.7521748542785645,21.50370216369629,41.01811599731445,28.056476593017578,0.35143306851387024,26.824188232421875,10.947999954223633,11.837451934814453
2013-08-27,15.03891658782959,14.046500205993652,2.683884859085083,21.100629806518555,39.33134841918945,27.325288772583008,0.34697893261909485,26.359699249267578,11.133999824523926,11.633607864379883
2013-08-28,15.110027313232422,14.079000473022461,2.8109190464019775,21.060916900634766,40.23426055908203,27.128103256225586,0.34697893261909485,26.26017189025879,11.096667289733887,11.837451934814453
2013-08-29,15.134653091430664,14.199000358581543,2.8601179122924805,21.231679916381836,40.958580017089844,27.56353759765625,0.34627556800842285,26.293346405029297,11.070667266845703,12.135934829711914
2013-08-30,14.99675464630127,14.048999786376953,2.827807664871216,21.019962310791016,40.968502044677734,27.440305709838867,0.3458065390586853,26.426055908203125,11.266667366027832,12.055856704711914
2013-09-03,15.03862190246582,14.4399995803833,2.8160581588745117,21.354534149169922,41.54398727416992,26.19152069091797,0.34604108333587646,26.558774948120117,11.262666702270508,12.303380012512207
2013-09-04,15.349804878234863,14.682000160217285,2.8623201847076416,21.633758544921875,41.45468521118164,25.632863998413086,0.34932324290275574,26.807594299316406,11.374667167663574,12.274256706237793
2013-09-05,15.24453067779541,14.704999923706055,2.84836745262146,21.830581665039062,42.32783126831055,25.65750503540039,0.35026100277900696,26.757835388183594,11.328666687011719,12.507221221923828
2013-09-06,15.335336685180664,14.793000221252441,2.831479072570801,21.83108139038086,43.607784271240234,25.591777801513672,0.3488544225692749,26.708070755004883,11.131333351135254,12.38346004486084
2013-09-09,15.58004093170166,14.98550033569336,2.8468990325927734,22.041303634643555,43.69709014892578,26.010774612426758,0.3547155261039734,27.16425895690918,10.713333129882812,12.594581604003906
2013-09-10,15.225149154663086,15.017999649047852,2.9122531414031982,22.056692123413086,43.26051330566406,26.610517501831055,0.36221766471862793,27.2554988861084,11.091333389282227,12.725625991821289
2013-09-11,14.396232604980469,14.982000350952148,2.882146120071411,22.24333953857422,44.68930435180664,26.89806365966797,0.3683133125305176,27.38820457458496,10.90133285522461,12.696504592895508
2013-09-12,14.549520492553711,14.942999839782715,2.8659920692443848,22.165645599365234,44.40155792236328,26.856983184814453,0.36807891726493835,27.197437286376953,10.995332717895508,12.580022811889648
2013-09-13,14.309739112854004,14.895999908447266,2.8630542755126953,22.06661605834961,43.96498489379883,27.136322021484375,0.37042325735092163,26.92371940612793,11.03600025177002,12.616421699523926
2013-09-16,13.854812622070312,14.803000450134277,2.884350061416626,22.034107208251953,42.17899703979492,26.947364807128906,0.3706578314304352,27.346742630004883,11.10533332824707,12.82754898071289
2013-09-17,14.01486873626709,15.208499908447266,2.9633824825286865,21.99315071105957,44.71906661987305,27.05416488647461,0.3718301057815552,27.5872859954834,11.081999778747559,12.871225357055664
2013-09-18,14.302971839904785,15.601499557495117,3.0040080547332764,22.42030143737793,44.8778190612793,27.37457847595215,0.3751121759414673,28.093236923217773,11.08133316040039,12.820267677307129
2013-09-19,14.537514686584473,15.602999687194824,3.0099170207977295,22.29793930053711,45.621986389160156,27.637483596801758,0.3734711706638336,28.109827041625977,11.861332893371582,12.812984466552734
2013-09-20,14.386998176574707,15.817000389099121,3.0741775035858154,22.415088653564453,47.12022399902344,26.93914794921875,0.3701888918876648,28.242530822753906,12.22599983215332,12.601862907409668
2013-09-23,15.102033615112305,15.57450008392334,3.0926427841186523,22.002830505371094,46.82255935668945,26.89806365966797,0.36667224764823914,28.151290893554688,12.074000358581543,12.849386215209961
2013-09-24,15.05462646484375,15.706500053405762,3.13252854347229,22.01127052307129,48.07274627685547,26.65981101989746,0.36807891726493835,27.9024658203125,12.155332565307617,12.78386402130127
2013-09-25,14.821614265441895,15.632499694824219,3.1177563667297363,21.77275276184082,49.07489013671875,26.7091064453125,0.3685477674007416,28.093236923217773,12.349332809448242,12.60914421081543
2013-09-26,14.965981483459473,15.906000137329102,3.122187852859497,21.79608154296875,49.99764633178711,26.922712326049805,0.36737555265426636,28.043472290039062,12.576000213623047,12.60914421081543
2013-09-27,14.859172821044922,15.80049991607666,3.153949499130249,21.751901626586914,50.841026306152344,27.33349609375,0.3652655780315399,28.018583297729492,12.726667404174805,12.427139282226562
2013-09-30,14.67448616027832,15.631999969482422,3.1820173263549805,21.739988327026367,49.83889389038086,27.341705322265625,0.36479657888412476,27.512624740600586,12.891332626342773,12.347057342529297
2013-10-01,15.019530296325684,16.047500610351562,3.2071311473846436,22.015241622924805,50.02741241455078,27.588184356689453,0.3645623028278351,27.786334991455078,12.866666793823242,12.6819486618042
2013-10-02,15.068781852722168,16.02549934387207,3.2063920497894287,22.039813995361328,49.88850021362305,27.867509841918945,0.36432772874832153,27.935644149780273,12.063332557678223,12.718343734741211
2013-10-03,14.87948226928711,15.73799991607666,3.1982662677764893,21.744457244873047,48.79705810546875,27.818218231201172,0.36057668924331665,27.5706787109375,11.553999900817871,12.885787010192871
2013-10-04,14.867788314819336,15.95199966430664,3.213038921356201,21.651634216308594,50.642581939697266,27.83464813232422,0.36549994349479675,27.645606994628906,12.065333366394043,12.871225357055664
2013-10-07,15.013065338134766,15.501500129699707,3.1761085987091064,21.487571716308594,50.12663650512695,27.358142852783203,0.36549994349479675,27.337600708007812,12.204667091369629,12.82754898071289
2013-10-08,14.803458213806152,15.161499977111816,3.146562337875366,21.1879940032959,46.772945404052734,27.119892120361328,0.36245226860046387,26.946348190307617,11.648667335510254,12.71106243133545
2013-10-09,14.977364540100098,14.911499977111816,3.1170170307159424,21.24234962463379,46.40583038330078,27.169185638427734,0.3568255305290222,26.7965087890625,11.251999855041504,12.565460205078125
2013-10-10,15.071240425109863,15.258500099182129,3.213777780532837,21.54962158203125,48.66808319091797,27.736064910888672,0.36081114411354065,27.46247673034668,11.528667449951172,12.863947868347168
2013-10-11,15.168816566467285,15.544500350952148,3.197528839111328,21.642696380615234,48.72761535644531,28.040048599243164,0.35776329040527344,27.687225341796875,11.91333293914795,13.169713020324707
2013-10-14,15.268235206604004,15.53499984741211,3.2669591903686523,21.744953155517578,49.12449645996094,28.302946090698242,0.3631555736064911,27.70388412475586,11.981332778930664,13.111468315124512
2013-10-15,15.349496841430664,15.319999694824219,3.2307662963867188,21.891389846801758,49.11457443237305,28.335805892944336,0.36127999424934387,27.26268196105957,12.262666702270508,13.213391304016113
2013-10-16,15.424295425415039,15.524499893188477,3.2869014739990234,22.289003372192383,50.74180221557617,28.459043502807617,0.3657345175743103,27.487451553344727,12.237333297729492,13.30803108215332
2013-10-17,15.528633117675781,15.53849983215332,3.331221103668213,22.059669494628906,51.803466796875,28.689075469970703,0.3664376735687256,27.362579345703125,12.186667442321777,13.577397346496582
2013-10-18,15.663765907287598,16.446500778198242,3.402127981185913,25.10308265686035,53.797821044921875,28.721942901611328,0.3706578314304352,27.387561798095703,12.226667404174805,13.890440940856934
2013-10-21,16.047592163085938,16.32200050354004,3.475253105163574,24.901796340942383,53.43069839477539,28.746591567993164,0.3715956211090088,27.429182052612305,11.506667137145996,13.817639350891113
2013-10-22,16.001731872558594,16.62700080871582,3.4619579315185547,24.99362564086914,52.269813537597656,28.40974235534668,0.36972007155418396,27.387561798095703,11.435999870300293,13.948681831359863
2013-10-23,16.158403396606445,16.33799934387207,3.3526408672332764,25.599483489990234,51.49588394165039,27.736064910888672,0.36338990926742554,27.221065521240234,10.966667175292969,13.628357887268066
2013-10-24,16.372325897216797,16.61050033569336,3.3600263595581055,25.454036712646484,52.041603088378906,27.703203201293945,0.36081114411354065,27.529067993164062,11.543333053588867,13.599234580993652
2013-10-25,16.189186096191406,18.16950035095215,3.370368480682373,25.19715118408203,51.54549789428711,29.35454559326172,0.3572944104671478,27.595664978027344,11.310667037963867,13.446355819702148
2013-10-28,16.309844970703125,17.908000946044922,3.361504077911377,25.192188262939453,49.83889389038086,29.223093032836914,0.3565910756587982,27.58733367919922,10.857333183288574,13.548277854919434
2013-10-29,15.903536796569824,18.135000228881836,3.3829243183135986,25.719362258911133,49.01535415649414,29.182025909423828,0.35705992579460144,28.061832427978516,10.964667320251465,13.66476058959961
2013-10-30,16.15655517578125,18.054000854492188,3.3127543926239014,25.57491111755371,48.62839126586914,29.19844627380371,0.3568255305290222,27.9119930267334,10.614666938781738,13.526435852050781
2013-10-31,16.088838577270508,18.201499938964844,3.355595350265503,25.578880310058594,49.81904602050781,29.091644287109375,0.3561221659183502,27.88701629638672,10.662667274475098,13.402671813964844
2013-11-01,16.006656646728516,17.950000762939453,3.303152084350586,25.491018295288086,49.36262893676758,29.190231323242188,0.35776329040527344,27.9119930267334,10.811332702636719,13.446355819702148
2013-11-04,16.213497161865234,17.937000274658203,3.3267881870269775,25.46793556213379,47.84454345703125,29.527074813842773,0.3474477529525757,28.061832427978516,11.680000305175781,13.351715087890625
2013-11-05,16.17348289489746,17.944499969482422,3.3260490894317627,25.354013442993164,49.71982955932617,30.102184295654297,0.34697893261909485,27.88701629638672,11.787332534790039,13.162428855895996
2013-11-06,16.127668380737305,17.80900001525879,3.351163625717163,25.384540557861328,48.73753356933594,31.367382049560547,0.34932324290275574,28.361520767211914,10.077333450317383,13.300755500793457
2013-11-07,15.866681098937988,17.17799949645996,3.224856376647949,25.017208099365234,47.18967819213867,30.808727264404297,0.3411176800727844,28.30323600769043,9.317999839782715,13.198829650878906
2013-11-08,16.11652183532715,17.515499114990234,3.2758231163024902,25.217750549316406,47.159908294677734,31.038768768310547,0.36479657888412476,28.594594955444336,9.196666717529297,13.111468315124512
2013-11-11,16.069765090942383,17.7189998626709,3.265481948852539,25.08272933959961,45.840274810791016,30.882667541503906,0.36784449219703674,28.611251831054688,9.646666526794434,12.907625198364258
2013-11-12,16.0994930267334,17.476499557495117,3.3334367275238037,25.112268447875977,46.24707794189453,30.693700790405273,0.3685477674007416,28.885950088500977,9.186667442321777,12.96586799621582
2013-11-13,16.118680953979492,17.81100082397461,3.3519017696380615,25.625791549682617,48.33072280883789,31.3509578704834,0.3786289095878601,29.135692596435547,9.24666690826416,12.820267677307129
2013-11-14,16.3518123626709,18.3700008392334,3.172414779663086,25.694293975830078,48.60855484008789,31.23592185974121,0.38026994466781616,28.619565963745117,9.173333168029785,12.740184783935547
2013-11-15,16.253673553466797,18.458499908447266,3.295027494430542,25.652847290039062,48.62839126586914,31.088054656982422,0.3790977895259857,29.069091796875,9.029999732971191,12.856667518615723
2013-11-18,16.056760787963867,18.30900001525879,3.2470173835754395,25.60296058654785,45.4731559753418,30.562240600585938,0.3699544370174408,29.07741355895996,8.10533332824707,12.885787010192871
2013-11-19,16.085250854492188,18.246999740600586,3.172414779663086,25.445354461669922,45.999019622802734,30.41324234008789,0.3639437258243561,28.935903549194336,8.406000137329102,12.79114818572998
2013-11-20,15.944381713867188,18.12849998474121,3.153949499130249,25.373619079589844,46.0684814453125,30.6947021484375,0.35852232575416565,28.92757797241211,8.074000358581543,12.776582717895508
2013-11-21,16.13447380065918,18.445999145507812,3.179800510406494,25.665502548217773,46.33638381958008,30.959592819213867,0.36135080456733704,29.085739135742188,8.140000343322754,12.39074420928955
2013-11-22,16.09298324584961,18.61549949645996,3.1982662677764893,25.61139678955078,45.87004089355469,31.100317001342773,0.35781511664390564,28.99418067932129,8.092000007629395,12.470819473266602
2013-11-25,16.2149715423584,18.832000732421875,3.228550910949707,25.959863662719727,44.471012115478516,31.158267974853516,0.3655937612056732,28.95255470275879,8.055999755859375,12.4999418258667
2013-11-26,16.514047622680664,19.068500518798828,3.305368185043335,26.269617080688477,45.532684326171875,30.918197631835938,0.36865803599357605,29.07741355895996,8.033332824707031,12.71106243133545
2013-11-27,16.902902603149414,19.335500717163086,3.299459218978882,26.386274337768555,46.128013610839844,31.12514305114746,0.3700723350048065,29.37710189819336,8.462667465209961,12.798426628112793
2013-11-29,17.215904235839844,19.680999755859375,3.3038902282714844,26.298906326293945,46.64395523071289,31.563880920410156,0.3677152395248413,29.37710189819336,8.485333442687988,12.907625198364258
2013-12-02,17.06606674194336,19.614999771118164,3.3238346576690674,26.172075271606445,46.693572998046875,31.828777313232422,0.3712509870529175,29.20229148864746,8.277999877929688,12.667384147644043
2013-12-03,17.533245086669922,19.232999801635742,3.307584285736084,26.141799926757812,46.366146087646484,31.712881088256836,0.37101510167121887,29.19396209716797,9.646666526794434,12.7620267868042
2013-12-04,17.492380142211914,19.29800033569336,3.2869014739990234,26.2639102935791,48.24142837524414,32.23440170288086,0.3762008547782898,29.19396209716797,9.263333320617676,12.769307136535645
2013-12-05,17.582164764404297,19.22450065612793,3.5151376724243164,26.243061065673828,47.9636116027832,31.456266403198242,0.3700723350048065,29.010822296142578,9.36533260345459,12.667384147644043
2013-12-06,17.338197708129883,19.34749984741211,3.4686057567596436,26.554054260253906,47.56672286987305,31.7542724609375,0.36465075612068176,29.535274505615234,9.157333374023438,12.82754898071289
2013-12-09,17.536651611328125,19.24449920654297,3.498887777328491,26.75931167602539,48.459716796875,32.04400634765625,0.35852232575416565,29.635154724121094,9.4399995803833,12.79114818572998
2013-12-10,17.509410858154297,19.388999938964844,3.4420151710510254,26.921140670776367,49.858734130859375,31.547327041625977,0.36677226424217224,28.969205856323242,9.47933292388916,12.645545959472656
2013-12-11,17.37968635559082,19.109500885009766,3.405822277069092,26.738218307495117,48.99551010131836,31.133432388305664,0.3632366359233856,28.769418716430664,9.3100004196167,12.725625991821289
2013-12-12,17.35429573059082,19.0625,3.3792312145233154,26.556289672851562,51.42643356323242,30.810579299926758,0.3561651110649109,27.970266342163086,9.83133316040039,12.463542938232422
2013-12-13,17.165130615234375,19.211999893188477,3.371845245361328,26.32868766784668,52.90483474731445,30.371870040893555,0.3540436625480652,27.662256240844727,9.84333324432373,12.434418678283691
2013-12-16,17.260169982910156,19.44849967956543,3.7005341053009033,26.631242752075195,53.391021728515625,30.537412643432617,0.35451528429985046,27.92031478881836,9.862667083740234,12.456257820129395
2013-12-17,17.182466506958008,19.38249969482422,3.9561007022857666,26.55380630493164,54.432838439941406,30.231130599975586,0.3561651110649109,27.995248794555664,10.163999557495117,12.434418678283691
2013-12-18,17.051816940307617,19.79800033569336,3.944227457046509,26.923376083374023,55.137306213378906,30.280813217163086,0.3611152470111847,28.80270767211914,9.86533260345459,12.376180648803711
2013-12-19,16.856468200683594,19.75950050354004,3.8173298835754395,26.959861755371094,54.62135696411133,30.007633209228516,0.362529456615448,30.46759796142578,9.381333351135254,12.412579536437988
2013-12-20,16.997642517089844,20.110000610351562,3.8329126834869385,27.3172664642334,54.6908073425293,30.462913513183594,0.3698366582393646,30.276145935058594,9.549332618713379,12.36889934539795
2013-12-23,17.64996910095215,20.145999908447266,3.863339900970459,27.67665672302246,57.32018280029297,30.31391143798828,0.37195804715156555,30.742321014404297,9.569999694824219,12.478099822998047
2013-12-24,17.575044631958008,19.959999084472656,3.9048969745635986,27.595746994018555,57.508697509765625,30.6947021484375,0.37290099263191223,31.066974639892578,10.093999862670898,12.514500617980957
2013-12-26,17.458324432373047,20.219499588012695,3.9123170375823975,27.735231399536133,57.280494689941406,30.992706298828125,0.3693651556968689,31.37499237060547,10.366666793823242,12.507221221923828
2013-12-27,17.340364456176758,19.90399932861328,3.9167706966400146,27.758562088012695,55.00831604003906,30.868541717529297,0.3714865744113922,31.616395950317383,10.074666976928711,12.565460205078125
2013-12-30,17.167919158935547,19.668500900268555,3.9108333587646484,27.536672592163086,53.29180145263672,30.868541717529297,0.3764365017414093,31.624711990356445,10.162667274475098,12.798426628112793
2013-12-31,17.36915397644043,19.93950080871582,3.9241909980773926,27.815895080566406,54.22447204589844,30.967870712280273,0.3776150941848755,31.84946632385254,10.028667449951172,12.696504592895508
2014-01-02,17.124887466430664,19.898500442504883,3.9071226119995117,27.627513885498047,54.28400421142578,30.760921478271484,0.37384384870529175,31.49983787536621,10.006667137145996,12.485381126403809
2014-01-03,16.74872398376465,19.82200050354004,3.9219658374786377,27.425975799560547,54.13517379760742,30.553979873657227,0.3693651556968689,31.416345596313477,9.970666885375977,12.339780807495117
2014-01-06,16.840057373046875,19.681499481201172,3.8952476978302,27.73175811767578,56.75461959838867,29.908292770385742,0.3743152618408203,31.29106903076172,9.800000190734863,12.303380012512207
2014-01-07,16.719621658325195,19.901500701904297,3.932353973388672,28.26637840270996,57.46901321411133,30.14006805419922,0.3804436922073364,31.6083984375,9.957332611083984,12.310656547546387
2014-01-08,16.82550621032715,20.09600067138672,3.9909780025482178,28.32520294189453,57.77659606933594,29.602012634277344,0.38562944531440735,31.499841690063477,10.085332870483398,12.441699981689453
2014-01-09,16.61063575744629,20.050500869750977,3.9501633644104004,28.05243492126465,56.77446365356445,29.411611557006836,0.3712509870529175,31.441375732421875,9.835332870483398,12.201457977294922
2014-01-10,16.499801635742188,19.882999420166016,3.955357789993286,28.050945281982422,57.48885726928711,29.83379554748535,0.370779424905777,31.825531005859375,9.714667320251465,12.303380012512207
2014-01-13,16.5861873626709,19.548999786376953,3.9063801765441895,27.87224006652832,55.47465896606445,28.956331253051758,0.36205801367759705,31.52490234375,9.28933334350586,12.310656547546387
2014-01-14,16.91621971130371,19.87700080871582,4.101552486419678,28.527982711791992,57.29042434692383,29.618562698364258,0.37337228655815125,31.909034729003906,10.751333236694336,12.652823448181152
2014-01-15,17.255844116210938,19.793500900268555,4.227705955505371,28.508621215820312,57.15150451660156,30.429800033569336,0.37737953662872314,32.07606887817383,10.942000389099121,12.78386402130127
2014-01-16,17.15955924987793,19.790000915527344,4.113424777984619,28.69725227355957,56.744693756103516,30.537412643432617,0.3785579204559326,31.97585678100586,11.39799976348877,13.213391304016113
2014-01-17,16.739124298095703,19.980499267578125,4.16611385345459,28.556026458740234,55.86162567138672,30.11524772644043,0.3769080340862274,31.909034729003906,11.333999633789062,12.936749458312988
2014-01-21,16.999187469482422,20.352500915527344,4.163887023925781,28.882905960083008,58.05441665649414,29.9414005279541,0.3783223032951355,31.825531005859375,11.778667449951172,12.878508567810059
2014-01-22,17.074726104736328,20.226999282836914,4.241063594818115,28.915666580200195,57.06220626831055,29.74273109436035,0.37785089015960693,31.716968536376953,11.904000282287598,13.075066566467285
2014-01-23,17.219314575195312,19.993499755859375,4.159435749053955,28.79355239868164,56.18906021118164,29.8503475189209,0.3764365017414093,31.858938217163086,12.100000381469727,12.885787010192871
2014-01-24,16.906307220458984,19.3799991607666,4.043667316436768,27.89333724975586,54.02603530883789,30.471193313598633,0.36677226424217224,30.990428924560547,11.640000343322754,12.79114818572998
2014-01-27,17.0434627532959,19.31399917602539,4.040700435638428,27.332406997680664,53.13304138183594,29.825504302978516,0.3644152581691742,30.472673416137695,11.307999610900879,12.485381126403809
2014-01-28,15.681221008300781,19.721500396728516,4.060736179351807,27.872982025146484,54.71065902709961,30.024185180664062,0.3679508566856384,30.982084274291992,11.892000198364258,12.492661476135254
2014-01-29,15.503201484680176,19.209999084472656,4.012500762939453,27.473630905151367,53.11320114135742,30.347023010253906,0.3644152581691742,30.873517990112305,11.682000160217285,12.38346004486084
2014-01-30,15.473176956176758,20.15049934387207,4.085226535797119,28.180252075195312,60.60441207885742,30.512588500976562,0.37054377794265747,31.232620239257812,12.189332962036133,12.478099822998047
2014-01-31,15.498564720153809,17.934499740600586,4.054798603057861,29.311546325683594,62.08281326293945,31.323827743530273,0.3700723350048065,30.8150634765625,12.093999862670898,12.317936897277832
2014-02-03,15.527350425720215,17.3075008392334,3.95238995552063,28.13160514831543,61.00129699707031,30.198020935058594,0.36512234807014465,29.92987060546875,11.807332992553711,12.20873737335205
2014-02-04,15.752123832702637,17.397499084472656,4.008047103881836,28.249006271362305,62.26140213012695,30.090408325195312,0.3672437369823456,30.030075073242188,11.915332794189453,12.186897277832031
2014-02-05,15.869768142700195,17.322500228881836,4.005820274353027,28.37409782409668,61.70576095581055,29.651676177978516,0.3639437258243561,30.0217342376709,11.628000259399414,11.983053207397461
2014-02-06,15.962270736694336,17.72949981689453,4.09635591506958,28.79007911682129,61.67599868774414,29.94968032836914,0.36865803599357605,30.664737701416016,11.892000198364258,12.36889934539795
2014-02-07,16.18558120727539,18.054000854492188,4.198024272918701,29.22393226623535,63.819175720214844,30.264245986938477,0.3740794062614441,31.057239532470703,12.435333251953125,12.492661476135254
2014-02-10,16.475543975830078,18.043500900268555,4.178729057312012,29.111989974975586,63.05517578125,30.462913513183594,0.37525808811187744,31.14910125732422,13.104000091552734,12.565460205078125
2014-02-11,16.692626953125,18.089500427246094,4.3093366622924805,29.540132522583008,64.34506225585938,30.769203186035156,0.3830365538597107,31.600055694580078,13.107999801635742,12.660104751586914
2014-02-12,16.691383361816406,17.462499618530273,4.373899936676025,29.453516006469727,63.94816970825195,31.01754379272461,0.3967079520225525,31.79212760925293,13.021332740783691,12.652823448181152
2014-02-13,16.95642852783203,17.860000610351562,4.384289741516113,29.781387329101562,66.80574798583984,31.133432388305664,0.4092009365558624,32.084415435791016,13.308667182922363,12.703783988952637
2014-02-14,16.942718505859375,17.86750030517578,4.3100786209106445,29.853363037109375,66.56761169433594,31.14170265197754,0.4221653640270233,31.716968536376953,13.215332984924316,13.024106979370117
2014-02-18,17.00501823425293,17.6825008392334,4.331599712371826,30.05390739440918,66.77598571777344,31.20842742919922,0.4219295382499695,31.708627700805664,13.579999923706055,12.951308250427246
2014-02-19,16.736543655395508,17.368999481201172,4.281880855560303,29.84194564819336,67.53005981445312,31.28348731994629,0.42758676409721375,31.625099182128906,12.909333229064941,12.929464340209961
2014-02-20,16.54281234741211,17.489999771118164,4.378351211547852,29.885879516601562,69.08783721923828,31.483657836914062,0.4426724314689636,31.959135055541992,13.998000144958496,12.878508567810059
2014-02-21,16.35906410217285,17.33799934387207,4.344958782196045,29.877931594848633,68.055908203125,31.67547607421875,0.4393724203109741,31.817169189453125,13.973333358764648,12.914907455444336
2014-02-24,16.430688858032227,17.589000701904297,4.420650482177734,30.094364166259766,70.22888946533203,31.43360137939453,0.44573673605918884,31.850574493408203,14.510000228881836,12.878508567810059
2014-02-25,16.25971031188965,17.916000366210938,4.378351211547852,30.280263900756836,69.30612182617188,31.308513641357422,0.44372403621673584,31.942440032958984,16.53333282470703,12.82754898071289
2014-02-26,16.113014221191406,17.989999771118164,4.593559741973877,30.284482955932617,68.7207260131836,31.250131607055664,0.4430138170719147,32.15121841430664,16.866666793823242,12.980429649353027
2014-02-27,16.434432983398438,18.006500244140625,4.554969787597656,30.260658264160156,68.4032211303711,31.575389862060547,0.43804141879081726,32.52702331542969,16.836000442504883,13.111468315124512
2014-02-28,16.389890670776367,18.104999542236328,4.578717231750488,30.172298431396484,67.92694091796875,31.950693130493164,0.43520012497901917,32.660621643066406,16.320667266845703,13.1551513671875
2014-03-03,16.43723487854004,17.98900032043457,4.581686019897461,29.85063362121582,66.88513946533203,31.508676528930664,0.4330691397190094,32.159576416015625,16.70400047302246,13.126028060913086
2014-03-04,16.545623779296875,18.19499969482422,4.701163291931152,30.153928756713867,68.26429748535156,32.034095764160156,0.43756791949272156,32.91115188598633,16.98933219909668,13.13331127166748
2014-03-05,16.580507278442383,18.618499755859375,4.681125640869141,30.237075805664062,71.01272583007812,31.783885955810547,0.4413563013076782,32.98631286621094,16.8439998626709,13.388114929199219
2014-03-06,16.530353546142578,18.607999801635742,4.722681999206543,30.270586013793945,70.28841400146484,31.81724739074707,0.43520012497901917,32.952911376953125,16.862667083740234,13.737560272216797
2014-03-07,16.520702362060547,18.60300064086914,4.6566386222839355,30.15095329284668,69.25652313232422,31.6087646484375,0.4347265660762787,32.42679977416992,16.413999557495117,13.66476058959961
2014-03-10,16.53565788269043,18.526500701904297,4.6603474617004395,30.071035385131836,71.46914672851562,31.54203224182129,0.42833343148231506,32.45185852050781,15.922666549682617,13.80307674407959
2014-03-11,16.696674346923828,18.44099998474121,4.602465629577637,29.78361701965332,69.5541763305664,31.708845138549805,0.4325956106185913,32.48525619506836,15.62733268737793,13.66476058959961
2014-03-12,16.712871551513672,18.531999588012695,4.688547611236572,29.96505355834961,70.3281021118164,31.917329788208008,0.4337794780731201,32.16792678833008,16.099332809448242,14.145242691040039
2014-03-13,16.527246475219727,18.57550048828125,4.651443004608154,29.51233673095703,68.29405975341797,31.60041618347168,0.42004624009132385,31.441375732421875,15.852666854858398,14.028762817382812
2014-03-14,16.341623306274414,18.687000274658203,4.651443004608154,29.108762741088867,67.19271087646484,31.441953659057617,0.42194047570228577,31.399621963500977,15.39799976348877,13.7593994140625
2014-03-17,16.405471801757812,18.75200080871582,4.705615997314453,29.58778953552246,68.20476531982422,31.733848571777344,0.42194047570228577,31.917394638061523,15.59866714477539,13.912283897399902
2014-03-18,16.55060577392578,18.938499450683594,4.756293296813965,30.063337326049805,68.65126037597656,32.98485565185547,0.4318852424621582,32.435157775878906,16.002666473388672,13.963242530822754
2014-03-19,16.546249389648438,18.661500930786133,4.800264835357666,29.765249252319336,67.70866394042969,32.7513427734375,0.43946221470832825,32.19297409057617,15.72266674041748,13.74483585357666
2014-03-20,16.466514587402344,18.44849967956543,4.867337703704834,29.71337890625,66.44855499267578,33.63538360595703,0.43969887495040894,32.04264450073242,15.660667419433594,13.722997665405273
2014-03-21,16.596389770507812,18.0310001373291,4.762255668640137,29.3629207611084,66.71643829345703,33.49360275268555,0.43898850679397583,31.31612205505371,15.259332656860352,13.490036964416504
2014-03-24,16.793228149414062,17.592500686645508,4.707106590270996,28.73969268798828,63.600894927978516,33.77716827392578,0.43685758113861084,31.883996963500977,14.678000450134277,13.57011604309082
2014-03-25,16.973867416381836,17.73550033569336,4.769707679748535,28.759300231933594,64.38473510742188,33.64371871948242,0.43685758113861084,32.067710876464844,14.696000099182129,13.919561386108398
2014-03-26,16.81159782409668,17.170499801635742,4.681021213531494,28.095373153686523,59.91978073120117,33.185020446777344,0.42691272497177124,32.63557434082031,14.197333335876465,13.897720336914062
2014-03-27,16.739343643188477,16.923500061035156,4.67878532409668,27.65630531311035,60.49525833129883,32.82640075683594,0.4212302565574646,32.76919174194336,13.821332931518555,14.137969017028809
2014-03-28,16.72066307067871,16.914499282836914,4.777905464172363,27.802001953125,59.54273986816406,33.6103630065918,0.4238346219062805,33.04477310180664,14.157999992370605,14.29812240600586
2014-03-31,16.716928482055664,16.818500518798828,4.800264835357666,27.66201400756836,59.77095031738281,34.18582534790039,0.4240715503692627,34.16379928588867,13.896666526794434,14.574769973754883
2014-04-01,16.86984634399414,17.149499893188477,4.847961902618408,28.1678466796875,62.132415771484375,34.5444450378418,0.44159314036369324,34.648155212402344,14.464667320251465,14.79317569732666
2014-04-02,16.89787483215332,17.097999572753906,4.817406177520752,28.173053741455078,62.23163604736328,34.486083984375,0.43875187635421753,34.34752655029297,15.352666854858398,14.589333534240723
2014-04-03,16.78076934814453,16.680999755859375,4.764492034912109,28.340768814086914,59.02678298950195,34.20249938964844,0.44348737597465515,33.71284484863281,15.026666641235352,14.516530990600586
2014-04-04,16.563682556152344,16.149999618530273,4.60575008392334,27.03902244567871,56.30812454223633,33.25173568725586,0.4297541081905365,33.48670196533203,14.148667335510254,14.392768859863281
2014-04-07,16.303621292114258,15.887999534606934,4.498431205749512,26.80991554260254,56.50656509399414,33.193355560302734,0.4311748445034027,33.05952835083008,13.834667205810547,14.370924949645996
2014-04-08,16.302688598632812,16.353500366210938,4.484272003173828,27.646997451782227,57.73691177368164,33.21004104614258,0.44656550884246826,33.704471588134766,14.36400032043457,14.545652389526367
2014-04-09,16.516963958740234,16.590499877929688,4.655683517456055,28.119592666625977,61.924049377441406,33.752140045166016,0.4460919201374054,34.240516662597656,14.461999893188477,14.669407844543457
2014-04-10,16.30393409729004,15.855500221252441,4.461167335510254,27.110435485839844,58.69935607910156,32.82640075683594,0.43520012497901917,33.32756042480469,13.612667083740234,14.429169654846191
2014-04-11,16.18340492248535,15.58650016784668,4.362048625946045,26.6675968170166,58.07426071166992,32.7012825012207,0.42904382944107056,32.64912414550781,13.585332870483398,14.480130195617676
2014-04-14,16.247867584228516,15.795499801635742,4.383660793304443,27.036544799804688,58.431461334228516,32.6762809753418,0.4337794780731201,33.14329147338867,13.206000328063965,14.749494552612305
2014-04-15,16.13201332092285,15.803999900817871,4.392603874206543,27.210107803344727,58.62990951538086,33.15166091918945,0.43685758113861084,33.277313232421875,12.927332878112793,14.93149471282959
2014-04-16,16.164718627929688,16.18400001525879,4.4201788902282715,27.963878631591797,59.255001068115234,33.69376754760742,0.4378047585487366,33.61233901977539,13.27400016784668,14.669407844543457
2014-04-17,16.34940528869629,16.245500564575195,4.537930965423584,26.944305419921875,58.48107147216797,33.36849594116211,0.43946221470832825,33.570457458496094,13.208000183105469,15.084375381469727
2014-04-21,16.543445587158203,16.543500900268555,4.612456798553467,26.747432708740234,60.763160705566406,33.31010818481445,0.4430138170719147,33.704471588134766,13.625332832336426,14.9678955078125
2014-04-22,16.55994987487793,16.465999603271484,4.7279744148254395,27.051422119140625,62.539222717285156,33.35182571411133,0.4468022584915161,33.888736724853516,14.576000213623047,14.9678955078125
2014-04-23,16.343486785888672,16.229000091552734,4.814423561096191,26.655193328857422,60.882232666015625,33.101619720458984,0.4520113170146942,33.32756042480469,13.866000175476074,14.858695983886719
2014-04-24,17.68336296081543,16.857500076293945,4.872555732727051,26.50295639038086,60.39604568481445,33.2433967590332,0.4560365676879883,33.29405212402344,13.857333183288574,14.9678955078125
2014-04-25,17.813236236572266,15.191499710083008,4.645993232727051,25.940601348876953,57.26064682006836,33.28508758544922,0.44348737597465515,33.04279327392578,13.323332786560059,14.494690895080566
2014-04-28,18.503101348876953,14.829000473022461,4.5297322273254395,25.934648513793945,55.70287322998047,34.08573913574219,0.44159314036369324,33.61233901977539,13.234000205993652,14.778614044189453
2014-04-29,18.44828224182129,15.019000053405762,4.540167331695557,26.596677780151367,57.69723129272461,33.785491943359375,0.4425402283668518,33.595584869384766,13.79466724395752,14.633009910583496
2014-04-30,18.37851905822754,15.206500053405762,4.732445240020752,26.52477264404297,59.31452560424805,33.69376754760742,0.4373311996459961,34.240516662597656,13.859333038330078,14.633009910583496
2014-05-01,18.42181968688965,15.394499778747559,4.7316999435424805,26.705778121948242,60.67386245727539,33.36016082763672,0.43969887495040894,34.315914154052734,13.84866714477539,14.392768859863281
2014-05-02,18.456066131591797,15.400500297546387,4.78983211517334,26.474689483642578,59.989234924316406,33.101619720458984,0.4363841116428375,34.181907653808594,14.060667037963867,14.283571243286133
2014-05-05,18.717071533203125,15.5024995803833,4.788341522216797,26.547090530395508,60.74332046508789,32.8847770690918,0.44111958146095276,34.51693344116211,14.440667152404785,14.312688827514648
2014-05-06,18.513072967529297,14.869000434875488,5.018627643585205,25.914318084716797,58.07426071166992,32.57620620727539,0.43212202191352844,34.34941864013672,13.8186674118042,14.560211181640625
2014-05-07,18.44828224182129,14.635499954223633,4.979126453399658,25.687692642211914,56.943138122558594,32.876434326171875,0.4325956106185913,34.39130401611328,13.423333168029785,14.800457954406738
2014-05-08,18.415395736694336,14.416000366210938,5.064087867736816,25.79530143737793,56.318050384521484,33.059913635253906,0.43804141879081726,34.2321662902832,11.906000137329102,14.93149471282959
2014-05-09,18.338672637939453,14.612000465393066,5.023844242095947,26.11515998840332,56.7943115234375,32.97651290893555,0.4273863732814789,34.37454605102539,12.150667190551758,14.858695983886719
2014-05-12,18.566986083984375,15.142999649047852,5.152030944824219,26.700817108154297,59.3641471862793,33.33512878417969,0.43993571400642395,35.13674545288086,12.311332702636719,14.989738464355469
2014-05-13,18.596111297607422,15.232000350952148,5.124456405639648,26.855039596557617,59.3641471862793,33.94825744628906,0.43283236026763916,35.08650207519531,12.677332878112793,15.026140213012695
2014-05-14,18.599557876586914,14.880999565124512,5.105823040008545,26.5014705657959,58.7688102722168,33.797088623046875,0.4285702109336853,35.07811737060547,12.708000183105469,14.982453346252441
2014-05-15,18.441394805908203,14.759499549865723,5.06259822845459,26.239133834838867,57.46901321411133,33.2595329284668,0.4262024760246277,35.1199951171875,12.572667121887207,15.040696144104004
2014-05-16,18.713560104370117,14.885000228881836,5.103587627410889,26.198471069335938,57.5682373046875,33.452728271484375,0.42525535821914673,34.918968200683594,12.77066707611084,15.120777130126953
2014-05-19,18.935304641723633,14.838000297546387,5.0916643142700195,26.720653533935547,58.748966217041016,33.38553237915039,0.43898850679397583,35.31263732910156,13.072667121887207,15.040696144104004
2014-05-20,18.93906593322754,15.059499740600586,5.032042980194092,26.798015594482422,58.104034423828125,33.32674026489258,0.4338743984699249,34.810089111328125,13.020000457763672,14.93149471282959
2014-05-21,18.989171981811523,15.250499725341797,5.098371982574463,27.25969696044922,60.01900100708008,33.88945388793945,0.4338743984699249,34.91059494018555,13.296667098999023,14.924213409423828
2014-05-22,19.01923370361328,15.245499610900879,5.1184916496276855,27.544841766357422,60.04876708984375,33.67949676513672,0.43577730655670166,34.77658462524414,13.658666610717773,15.026140213012695
2014-05-23,19.234081268310547,15.612000465393066,5.257857322692871,27.958919525146484,60.87230682373047,33.6962776184082,0.4398210942745209,35.30426788330078,13.819999694824219,15.040696144104004
2014-05-27,19.59425926208496,15.541000366210938,5.286177158355713,28.50788116455078,62.9857177734375,33.75507736206055,0.44767072796821594,35.103233337402344,14.104000091552734,15.208138465881348
2014-05-28,19.543519973754883,15.508000373840332,5.224320888519287,28.288692474365234,63.0154914855957,33.60389709472656,0.4514768421649933,34.818450927734375,14.015999794006348,15.186301231384277
2014-05-29,19.899621963500977,15.689000129699707,5.275745868682861,28.29414939880371,63.3329963684082,33.88105773925781,0.45076313614845276,35.34614562988281,14.015999794006348,15.069814682006836
2014-05-30,19.8250789642334,15.6274995803833,5.2668023109436035,28.34819984436035,62.8071174621582,34.38498306274414,0.4519525170326233,35.195369720458984,13.851332664489746,14.9678955078125
2014-06-02,19.688846588134766,15.442000389099121,5.339093208312988,27.98569679260254,62.58884048461914,34.25901412963867,0.45052528381347656,35.15350341796875,13.646666526794434,15.040696144104004
2014-06-03,19.967269897460938,15.35949993133545,5.3249335289001465,27.498226165771484,62.380470275878906,33.839073181152344,0.44862228631973267,35.01948547363281,13.662667274475098,15.462943077087402
2014-06-04,20.195270538330078,15.33899974822998,5.336856842041016,27.461036682128906,62.84680938720703,33.86427307128906,0.44909805059432983,34.927345275878906,13.599332809448242,15.361021041870117
2014-06-05,20.27451515197754,16.178499221801758,5.356233596801758,28.014955520629883,62.69797897338867,34.61175537109375,0.4510009288787842,35.26238250732422,13.793333053588867,15.433822631835938
2014-06-06,20.21876335144043,16.48349952697754,5.3383469581604,28.06950569152832,62.01334762573242,34.838539123535156,0.4526660442352295,35.706298828125,13.878000259399414,15.353743553161621
2014-06-09,20.542285919189453,16.375,5.350272178649902,28.302579879760742,62.3903923034668,34.66216278076172,0.4531417787075043,35.76493835449219,13.687333106994629,15.441100120544434
2014-06-10,20.662874221801758,16.620500564575195,5.355487823486328,28.182077407836914,65.25788879394531,34.52778244018555,0.45552048087120056,35.73143005371094,13.486666679382324,15.50662612915039
2014-06-11,20.57737159729004,16.760000228881836,5.347289562225342,28.142404556274414,65.26780700683594,34.317806243896484,0.46146729588508606,35.647674560546875,13.631333351135254,15.38286304473877
2014-06-12,20.233171463012695,16.295499801635742,5.348036766052246,27.74567985534668,63.78941345214844,34.082637786865234,0.46432164311408997,35.178627014160156,13.567999839782715,15.368300437927246
2014-06-13,20.011735916137695,16.313499450683594,5.322697639465332,27.787832260131836,63.99777603149414,34.628570556640625,0.46479734778404236,35.2958984375,13.761333465576172,15.353743553161621
2014-06-16,20.213436126708984,16.381000518798828,5.282452583312988,27.388633728027344,63.69019317626953,34.85533905029297,0.46337008476257324,35.30426788330078,14.973999977111816,15.441100120544434
2014-06-17,20.1871337890625,16.2810001373291,5.349053382873535,27.305322647094727,63.89856719970703,35.00651168823242,0.46646249294281006,35.446659088134766,15.444666862487793,15.477499961853027
2014-06-18,20.20905303955078,16.7189998626709,5.329596996307373,27.803207397460938,65.08921813964844,34.981319427490234,0.4659867584705353,35.857059478759766,15.141332626342773,15.543027877807617
2014-06-19,20.138900756835938,16.350000381469727,5.307894706726074,28.017934799194336,63.83902359008789,34.86372756958008,0.4552825689315796,35.60579299926758,15.185999870300293,15.790550231933594
2014-06-20,19.93062973022461,16.209999084472656,5.3557891845703125,28.093807220458984,63.99777603149414,35.00651168823242,0.450287401676178,34.19027328491211,15.305999755859375,15.397428512573242
2014-06-23,19.913089752197266,16.36199951171875,5.331093788146973,28.479122161865234,64.86100769042969,35.26688766479492,0.44505423307418823,34.42478942871094,15.814666748046875,15.179023742675781
2014-06-24,19.79250144958496,16.20800018310547,5.28843879699707,28.392337799072266,65.20826721191406,35.065303802490234,0.4381560683250427,34.140018463134766,15.5,15.128055572509766
2014-06-25,19.810047149658203,16.371999740600586,5.360279083251953,29.056346893310547,66.91487884521484,35.30048370361328,0.44267550110816956,33.888736724853516,15.792667388916016,15.310063362121582
2014-06-26,19.928428649902344,16.284500122070312,5.310139179229736,28.998825073242188,66.6072998046875,35.04010009765625,0.43672874569892883,33.629093170166016,15.706666946411133,15.30278205871582
2014-06-27,20.165206909179688,16.228500366210938,5.308643341064453,29.044445037841797,67.07363891601562,35.485252380371094,0.4372044503688812,33.94737243652344,15.937333106994629,15.492059707641602
2014-06-30,20.373477935791016,16.23900032043457,5.393204689025879,28.993867874145508,66.76605224609375,35.0233268737793,0.44101032614707947,33.94737243652344,16.003999710083008,15.57214641571045
2014-07-01,20.502824783325195,16.61949920654297,5.539876937866211,29.332073211669922,67.53005981445312,35.16609573364258,0.4460057020187378,34.148406982421875,15.981332778930664,15.994394302368164
2014-07-02,20.49405860900879,16.642499923706055,5.56157922744751,29.29686164855957,65.93257904052734,35.19129180908203,0.4443405866622925,34.299156188964844,15.295332908630371,16.292875289916992
2014-07-03,20.61463737487793,16.874500274658203,5.6259355545043945,29.410919189453125,65.77383422851562,35.10730743408203,0.4483844041824341,34.62582015991211,15.283332824707031,16.53312110900879
2014-07-07,21.039955139160156,16.677499771118164,5.577293872833252,29.29587173461914,64.78162384033203,35.26688766479492,0.44481638073921204,34.34861373901367,14.843999862670898,16.503999710083008
2014-07-08,20.90403175354004,16.190500259399414,5.491983413696289,28.68293571472168,62.27132034301758,35.090518951416016,0.4412482976913452,34.07140350341797,14.604666709899902,16.431201934814453
2014-07-09,20.912799835205078,16.49850082397461,5.554844379425049,28.92890167236328,64.46411895751953,34.99810791015625,0.4545690417289734,33.819400787353516,14.870667457580566,16.32200050354004
2014-07-10,20.836063385009766,16.395999908447266,5.474023342132568,28.764263153076172,64.36489868164062,35.014923095703125,0.4521903395652771,33.86977767944336,14.630666732788086,16.70784568786621
2014-07-11,20.875530242919922,17.309999465942383,5.4777655601501465,29.09205436706543,65.82344818115234,35.35087585449219,0.4531417787075043,33.7101936340332,14.541999816894531,16.605918884277344
2014-07-14,21.145185470581055,17.766000747680664,5.540626525878906,29.46943473815918,67.3713150024414,35.39284896850586,0.4588507115840912,34.01261520385742,15.113332748413086,16.86794090270996
2014-07-15,20.897449493408203,17.722000122070312,5.494227409362793,29.409927368164062,66.6469955444336,35.653228759765625,0.4607536792755127,34.054603576660156,14.638667106628418,16.72650909423828
2014-07-16,20.779067993164062,17.795000076293945,5.511441230773926,29.288928985595703,67.1331787109375,37.02223587036133,0.46027785539627075,33.819400787353516,14.477333068847656,15.580143928527832
2014-07-17,20.408565521240234,17.622499465942383,5.380484104156494,28.80294418334961,65.89291381835938,37.40019607543945,0.45908844470977783,33.52537536621094,14.359999656677246,15.03674030303955
2014-07-18,20.70233917236328,17.933000564575195,5.612463474273682,30.00748634338379,67.88723754882812,37.53457260131836,0.43863165378570557,33.60098648071289,14.668000221252441,15.245168685913086
2014-07-21,20.59490966796875,17.988000869750977,5.643895149230957,29.67672348022461,68.859619140625,37.660560607910156,0.4412482976913452,33.6093864440918,14.702667236328125,15.207947731018066
2014-07-22,20.76590919494629,18.04199981689453,5.641650199890137,29.93111801147461,68.73062896728516,37.65217208862305,0.4393453598022461,33.962215423583984,14.638667106628418,15.416385650634766
2014-07-23,21.307422637939453,17.906999588012695,5.509943962097168,30.011457443237305,70.73490905761719,37.685752868652344,0.43006840348243713,33.86138916015625,14.832667350769043,15.394050598144531
2014-07-24,21.272336959838867,17.930500030517578,5.426131725311279,29.903348922729492,74.39617919921875,37.29100036621094,0.43078216910362244,33.99580764770508,14.902667045593262,15.550372123718262
2014-07-25,21.412656784057617,16.20050048828125,5.23231315612793,29.658870697021484,74.60454559326172,37.375003814697266,0.4231703281402588,33.878211975097656,14.904666900634766,15.148394584655762
2014-07-28,21.708620071411133,16.02050018310547,5.27646541595459,29.70548439025879,74.33663940429688,36.929866790771484,0.4215051233768463,34.0629997253418,14.98799991607666,15.163283348083496
2014-07-29,21.568307876586914,16.0,5.229321002960205,29.45406150817871,73.13605499267578,36.862667083740234,0.42293232679367065,34.13019943237305,15.000666618347168,15.289839744567871
2014-07-30,21.517887115478516,16.125499725341797,5.27646541595459,29.527952194213867,74.0985107421875,36.6023063659668,0.43006840348243713,34.40740203857422,15.261333465576172,15.423830032348633
2014-07-31,20.958837509155273,15.649499893188477,5.191903591156006,28.739967346191406,72.08432006835938,36.249549865722656,0.4162720739841461,33.928592681884766,14.886667251586914,14.887858390808105
2014-08-01,21.075035095214844,15.352999687194824,5.271225452423096,28.444904327392578,71.79657745361328,35.99757385253906,0.4207913875579834,33.27337646484375,15.5513334274292,15.03674030303955
2014-08-04,20.956647872924805,15.682499885559082,5.33857536315918,28.87485122680664,72.93762969970703,36.42592239379883,0.41984012722969055,33.685001373291016,15.90133285522461,15.26750373840332
2014-08-05,20.853609085083008,15.616000175476074,5.247280120849609,28.42209243774414,72.12400817871094,36.1823616027832,0.42007794976234436,33.56737518310547,15.899333000183105,14.73898696899414
2014-08-06,20.818532943725586,15.694499969482422,5.260002136230469,28.489038467407227,71.90571594238281,35.896793365478516,0.4196021556854248,33.735382080078125,16.595333099365234,14.91763973236084
2014-08-07,20.816320419311523,15.572500228881836,5.2106122970581055,28.35613250732422,72.60026550292969,36.30835723876953,0.41532057523727417,33.32377624511719,16.826000213623047,14.820867538452148
2014-08-08,20.873613357543945,15.84000015258789,5.27047872543335,28.660125732421875,72.49112701416016,36.28315353393555,0.4519525170326233,33.550594329833984,16.54199981689453,14.731536865234375
2014-08-11,21.149019241333008,15.916500091552734,5.299663066864014,28.625905990600586,72.86817169189453,36.28315353393555,0.44957369565963745,33.53379440307617,17.288000106811523,14.925079345703125
2014-08-12,21.144607543945312,15.965999603271484,5.324356555938721,28.371509552001953,72.2629165649414,36.551902770996094,0.44957369565963745,33.516990661621094,17.33066749572754,14.880414962768555
2014-08-13,21.424413681030273,16.31399917602539,5.385721206665039,28.98841094970703,73.19560241699219,37.02223587036133,0.4521903395652771,33.80259323120117,17.354000091552734,15.133512496948242
2014-08-14,21.481698989868164,16.660499572753906,5.525660037994385,28.992874145507812,73.72146606445312,37.181827545166016,0.44719505310058594,33.785797119140625,17.42533302307129,15.282387733459473
2014-08-15,21.587467193603516,16.681499481201172,5.596749305725098,28.946258544921875,73.05668640136719,37.618560791015625,0.45290395617485046,33.83618927001953,17.46733283996582,15.2228364944458
2014-08-18,21.84744644165039,16.726499557495117,5.640153408050537,29.392072677612305,74.00921630859375,37.88732147216797,0.45908844470977783,34.13860321044922,17.32933235168457,15.237726211547852
2014-08-19,22.1492977142334,16.756500244140625,5.6588616371154785,29.61076545715332,74.7037582397461,38.30989456176758,0.4627918601036072,34.78541946411133,17.117332458496094,15.438714981079102
2014-08-20,22.158100128173828,16.788999557495117,5.715734004974365,29.526464462280273,74.22749328613281,37.988746643066406,0.4599247872829437,34.651023864746094,17.047332763671875,15.51314926147461
2014-08-21,22.16031265258789,16.64550018310547,5.707501411437988,29.378192901611328,73.98937225341797,38.2169303894043,0.4556240439414978,34.928226470947266,16.95599937438965,15.349387168884277
2014-08-22,22.323348999023438,16.579500198364258,5.703012466430664,29.384140014648438,73.98937225341797,38.157772064208984,0.4558631181716919,34.97023391723633,17.118667602539062,15.505709648132324
2014-08-25,22.371824264526367,16.701000213623047,5.6700849533081055,29.28644561767578,74.43585968017578,38.17467498779297,0.4565798044204712,35.06264114379883,17.503332138061523,15.394050598144531
2014-08-26,22.22861099243164,17.09149932861328,5.684304237365723,29.164953231811523,75.36853790283203,38.039451599121094,0.46470314264297485,35.14664077758789,17.44933319091797,15.483372688293457
2014-08-27,22.501806259155273,17.159000396728516,5.699271202087402,28.91105079650879,74.04889678955078,37.921138763427734,0.4594469368457794,34.978641510009766,17.549999237060547,15.565258979797363
2014-08-28,22.52825355529785,17.000999450683594,5.714237689971924,28.77815055847168,73.28489685058594,37.92959976196289,0.46326974034309387,34.667823791503906,17.590667724609375,15.565258979797363
2014-08-29,22.583328247070312,16.95199966430664,6.143030166625977,28.87931251525879,74.2374267578125,38.3944091796875,0.46470314264297485,34.886226654052734,17.979999542236328,15.587594032287598
2014-09-02,22.759593963623047,17.118999481201172,6.362290382385254,29.19024085998535,76.08294677734375,38.1070556640625,0.4658978283405304,34.995426177978516,18.941333770751953,15.69180965423584
2014-09-03,21.798980712890625,16.950000762939453,6.389976501464844,29.234378814697266,75.23956298828125,37.9972038269043,0.4701984226703644,35.197044372558594,18.746000289916992,15.892790794372559
2014-09-04,21.61830711364746,17.297500610351562,6.442363262176514,29.41389274597168,75.35862731933594,38.250736236572266,0.4785607159137726,34.90303039550781,19.069332122802734,15.773690223693848
2014-09-05,21.805585861206055,17.319000244140625,6.576313018798828,29.643991470336914,76.65841674804688,38.80006790161133,0.47712719440460205,34.667823791503906,18.492666244506836,15.766243934631348
2014-09-08,21.671192169189453,17.117000579833984,6.599510192871094,29.834911346435547,77.28352355957031,39.27334976196289,0.47282662987709045,34.13860321044922,18.80733299255371,15.68436336517334
2014-09-09,21.589664459228516,16.487499237060547,6.615974426269531,29.35587501525879,76.0730209350586,39.5184440612793,0.4668534994125366,34.19740295410156,18.565332412719727,15.669475555419922
2014-09-10,22.252840042114258,16.566499710083008,6.660124778747559,29.427778244018555,76.82709503173828,39.586055755615234,0.4685259163379669,34.19740295410156,18.739999771118164,15.654587745666504
2014-09-11,22.34758758544922,16.525999069213867,6.665360450744629,29.3132266998291,77.31327819824219,39.72127914428711,0.4637475311756134,34.172203063964844,18.687332153320312,15.557811737060547
2014-09-12,22.398256301879883,16.559499740600586,6.574065685272217,29.005271911621094,76.8767318725586,39.46773147583008,0.45681869983673096,34.0210075378418,18.613332748413086,15.140957832336426
2014-09-15,22.391647338867188,16.194499969482422,6.4887566566467285,28.843605041503906,73.99930572509766,39.0789794921875,0.4506068229675293,34.15540313720703,16.923999786376953,15.066514015197754
2014-09-16,22.222002029418945,16.38800048828125,6.5793046951293945,29.19767951965332,75.48761749267578,39.5184440612793,0.45729655027389526,34.60061264038086,17.382667541503906,15.245168685913086
2014-09-17,22.380632400512695,16.200000762939453,6.589822769165039,29.42133331298828,75.83488464355469,39.31560134887695,0.45753559470176697,34.558616638183594,17.42533302307129,15.349387168884277
2014-09-18,22.426908493041992,16.25,6.723509788513184,29.61870002746582,76.40043640136719,39.45082092285156,0.4644642472267151,34.90303039550781,17.58799934387207,15.57270336151123
2014-09-19,22.244029998779297,16.56599998474121,6.6919636726379395,30.021869659423828,77.3033676147461,40.16073226928711,0.4558631181716919,33.432987213134766,17.288000106811523,15.274950981140137
2014-09-22,22.266063690185547,16.225000381469727,6.547760963439941,29.61870002746582,76.20201110839844,39.77196502685547,0.45132356882095337,33.24818420410156,16.66866683959961,15.155839920043945
2014-09-23,22.614177703857422,16.181499481201172,6.576301574707031,29.31669807434082,77.68041229248047,39.349403381347656,0.4494122564792633,32.61814880371094,16.694000244140625,15.140957832336426
2014-09-24,22.418088912963867,16.410499572753906,6.685956001281738,29.67572784423828,77.92845916748047,39.78887939453125,0.45204028487205505,33.113773345947266,16.80933380126953,15.327054977416992
2014-09-25,21.56322479248047,16.096500396728516,6.493683338165283,29.022626876831055,76.61874389648438,38.90993118286133,0.44224441051483154,32.55935287475586,16.463333129882812,14.969742774963379
2014-09-26,22.197757720947266,16.160499572753906,6.571795463562012,29.15404510498047,78.176513671875,39.222633361816406,0.4432002604007721,32.71897506713867,16.440000534057617,14.992074966430664
2014-09-29,22.0567569732666,16.090999603271484,6.54250431060791,29.14957618713379,78.38488006591797,39.24799728393555,0.44248348474502563,32.2905387878418,16.35066795349121,14.850643157958984
2014-09-30,22.197757720947266,16.121999740600586,6.534241199493408,29.179330825805664,78.42456817626953,39.180389404296875,0.4408111274242401,32.15615463256836,16.178667068481445,15.02185344696045
2014-10-01,21.851852416992188,15.873000144958496,6.424586296081543,28.743932723999023,75.95396423339844,38.791622161865234,0.4365103840827942,31.996540069580078,16.016000747680664,14.962300300598145
2014-10-02,22.010486602783203,15.920499801635742,6.249588966369629,28.805919647216797,76.4798355102539,38.67330551147461,0.43459898233413696,32.147743225097656,16.761333465576172,15.103734016418457
2014-10-03,21.94879722595215,16.136999130249023,6.2691168785095215,29.07221794128418,76.83702850341797,38.95219421386719,0.4355546236038208,32.66856002807617,17.013999938964844,15.505709648132324
2014-10-06,21.94879722595215,16.110000610351562,6.224804401397705,29.148090362548828,76.95609283447266,38.95219421386719,0.4329264760017395,32.929779052734375,17.374666213989258,15.498266220092773
2014-10-07,21.757108688354492,15.848999977111816,6.0858588218688965,28.469697952270508,75.69597625732422,38.478912353515625,0.4283871054649353,32.4073371887207,17.30466651916504,15.170730590820312
2014-10-08,22.20878028869629,16.135000228881836,6.256348609924316,28.9477481842041,76.9164047241211,39.535335540771484,0.43627145886421204,32.87921905517578,17.28533363342285,15.334497451782227
2014-10-09,22.25725746154785,15.768500328063965,6.053562164306641,28.306547164916992,75.3189468383789,38.74936294555664,0.4279091954231262,32.643287658691406,17.134000778198242,15.237726211547852
2014-10-10,22.193355560302734,15.569499969482422,5.359581470489502,27.531949996948242,72.34228515625,37.21121597290039,0.4025835394859314,32.10399627685547,15.793999671936035,14.47099781036377
2014-10-13,21.990652084350586,15.322500228881836,5.18533182144165,27.01422691345215,72.42167663574219,36.89007568359375,0.4011499881744385,32.21355056762695,14.97266674041748,14.642213821411133
2014-10-14,21.757108688354492,15.415499687194824,5.409151554107666,27.209611892700195,73.01699829101562,36.95768737792969,0.41046789288520813,32.4073371887207,15.137332916259766,14.992074966430664
2014-10-15,21.490522384643555,15.298500061035156,5.448957443237305,26.81487464904785,72.63995361328125,36.526668548583984,0.41667991876602173,32.27252960205078,15.313332557678223,14.939967155456543
2014-10-16,21.208507537841797,15.142999649047852,5.678031921386719,26.62593650817871,72.0644760131836,36.12100601196289,0.4169187843799591,31.648984909057617,15.09000015258789,15.423830032348633
2014-10-17,21.519161224365234,15.182000160217285,5.794447422027588,25.93415641784668,75.35862731933594,36.87318801879883,0.4162020683288574,31.91020965576172,15.165332794189453,15.423830032348633
2014-10-20,21.979639053344727,15.310500144958496,5.857534408569336,26.400798797607422,76.350830078125,37.25346755981445,0.4197857975959778,31.85120964050293,15.364666938781738,15.535480499267578
2014-10-21,22.576723098754883,15.766500473022461,6.187250137329102,26.68098258972168,78.07730102539062,37.92959976196289,0.43770498037338257,32.314659118652344,15.689332962036133,15.92257022857666
2014-10-22,22.69129753112793,15.648500442504883,6.073091506958008,26.912073135375977,77.75978088378906,37.50700759887695,0.42743149399757385,31.716400146484375,15.40666675567627,15.810908317565918
2014-10-23,23.096689224243164,15.659000396728516,6.112144947052002,27.45557975769043,79.41677856445312,38.04790496826172,0.43698835372924805,32.21355056762695,15.685999870300293,15.855579376220703
2014-10-24,23.1826229095459,14.352999687194824,6.147444248199463,27.22002601623535,80.0418701171875,38.98601150512695,0.441527783870697,32.63484191894531,15.682666778564453,15.766243934631348
2014-10-27,23.15838050842285,14.498499870300293,6.126415252685547,27.268625259399414,79.6549072265625,38.80006790161133,0.4417667090892792,32.382057189941406,14.777999877929688,15.900238037109375
2014-10-28,23.517507553100586,14.779500007629395,6.32394552230835,27.717912673950195,80.1410903930664,39.29025650024414,0.45227915048599243,32.56745529174805,16.184667587280273,16.07145118713379
2014-10-29,23.64971160888672,14.706000328063965,6.3750176429748535,27.69361686706543,75.26931762695312,39.400115966796875,0.4494122564792633,32.508460998535156,15.873332977294922,16.07145118713379
2014-10-30,23.57038688659668,14.953499794006348,6.188004016876221,27.78386688232422,73.53295135498047,38.91838073730469,0.44654521346092224,32.441043853759766,15.910667419433594,15.714137077331543
2014-10-31,23.79512596130371,15.27299976348877,6.477911949157715,28.160751342773438,74.40611267089844,39.679019927978516,0.4668534994125366,32.904502868652344,16.113332748413086,16.39153480529785
2014-11-03,24.103574752807617,15.28600025177002,6.484670639038086,27.957429885864258,73.30473327636719,40.09312438964844,0.4747379720211029,32.85394287109375,16.172666549682617,16.302213668823242
2014-11-04,23.927316665649414,15.14050006866455,6.411067008972168,27.978260040283203,75.17011260986328,40.20299530029297,0.48094984889030457,32.971900939941406,15.928667068481445,16.339426040649414
2014-11-05,23.984600067138672,14.826000213623047,6.512461185455322,27.569639205932617,74.24736022949219,40.44808578491211,0.48094984889030457,33.10673141479492,15.39799976348877,16.398975372314453
2014-11-06,24.053197860717773,14.831999778747559,6.581557750701904,27.358381271362305,74.67399597167969,41.157997131347656,0.4831000566482544,33.54487991333008,16.08133316040039,16.22776985168457
2014-11-07,24.121793746948242,14.993000030517578,6.3870344161987305,27.36482810974121,75.01134490966797,41.1411018371582,0.47282662987709045,33.65443801879883,16.01333236694336,16.24265480041504
2014-11-10,24.08197593688965,15.255499839782715,6.452376365661621,27.68270492553711,74.41602325439453,41.31856918334961,0.4783218801021576,34.08417892456055,16.1286678314209,16.570188522338867
2014-11-11,24.274478912353516,15.600500106811523,6.47115421295166,27.834447860717773,74.029052734375,41.301666259765625,0.4725877046585083,34.10103225708008,16.738666534423828,16.525522232055664
2014-11-12,24.617464065551758,15.575499534606934,6.538000106811523,27.68369483947754,74.13819885253906,41.22560119628906,0.46948152780532837,33.82295227050781,16.606666564941406,16.413862228393555
2014-11-13,24.96487045288086,15.824000358581543,6.568039417266846,27.593936920166016,73.67185974121094,41.92707061767578,0.46709248423576355,34.31168746948242,16.780000686645508,16.62973976135254
2014-11-14,25.26581573486328,16.391000747680664,6.685956001281738,27.531949996948242,74.29694366455078,41.90171432495117,0.47282662987709045,34.41279983520508,17.245332717895508,16.674400329589844
2014-11-17,25.223766326904297,16.15250015258789,6.648404121398926,27.107955932617188,73.66192626953125,41.80030059814453,0.4706762731075287,34.68243408203125,16.93199920654297,16.309654235839844
2014-11-18,25.55126953125,16.24650001525879,6.8654608726501465,27.002323150634766,73.76116943359375,41.45161056518555,0.4819055497646332,34.76669692993164,17.18000030517578,16.413862228393555
2014-11-19,25.37424087524414,16.32699966430664,6.703231334686279,27.135723114013672,72.75902557373047,41.00935363769531,0.48010602593421936,34.48021697998047,16.516000747680664,16.77117919921875
2014-11-20,25.73714256286621,16.527000427246094,6.754305362701416,26.965133666992188,73.02693176269531,41.41758728027344,0.4880237877368927,34.48021697998047,16.58066749572754,16.9423828125
2014-11-21,25.772550582885742,16.631500244140625,6.775332927703857,27.070758819580078,73.17575073242188,40.80526351928711,0.49066320061683655,34.918365478515625,16.185333251953125,17.16571044921875
2014-11-24,26.250511169433594,16.781999588012695,6.845182418823242,27.149608612060547,73.4337387084961,40.473575592041016,0.49378231167793274,34.90993118286133,16.447999954223633,17.07637596130371
2014-11-25,26.022594451904297,16.75200080871582,6.845930576324463,27.23638916015625,75.0411148071289,40.371524810791016,0.49354231357574463,34.67399978637695,16.53933334350586,17.05404281616211
2014-11-26,26.332380294799805,16.678499221801758,7.043460845947266,27.162004470825195,77.01561737060547,40.60964584350586,0.5019400715827942,35.280696868896484,16.562667846679688,17.25503158569336
2014-11-28,26.316898345947266,16.93199920654297,7.014923095703125,27.228954315185547,77.09500122070312,40.66067123413086,0.5031394958496094,35.73571014404297,16.301332473754883,17.470905303955078
2014-12-01,25.46275520324707,16.299999237060547,6.8309102058410645,26.76131820678711,74.5152359008789,41.34952926635742,0.49378231167793274,35.45765686035156,15.442667007446289,17.07637596130371
2014-12-02,25.36539649963379,16.315500259399414,6.924794673919678,26.70875358581543,74.87244415283203,41.21348571777344,0.49450215697288513,35.541908264160156,15.428667068481445,16.80095863342285
2014-12-03,25.653053283691406,15.824999809265137,7.1448564529418945,26.628414154052734,74.29694366455078,40.89030456542969,0.5072183609008789,35.440792083740234,15.286666870117188,17.06892967224121
2014-12-04,25.555696487426758,15.846500396728516,7.741196632385254,26.9066162109375,74.65415954589844,41.536651611328125,0.5026597380638123,35.29754638671875,15.218667030334473,16.98705291748047
2014-12-05,25.447263717651367,15.631500244140625,7.810295104980469,26.187559127807617,75.76543426513672,41.17945098876953,0.5055388808250427,35.33125686645508,14.913999557495117,16.92749786376953
2014-12-08,24.871936798095703,15.331999778747559,7.5639495849609375,26.318973541259766,75.92417907714844,40.5671272277832,0.4990607500076294,34.85938262939453,14.290666580200195,16.74884605407715
2014-12-09,25.252538681030273,15.625,7.708901405334473,26.585769653320312,76.24168395996094,40.473575592041016,0.4973812997341156,35.280696868896484,14.459333419799805,16.808399200439453
2014-12-10,24.772356033325195,15.291999816894531,7.454296112060547,26.18557357788086,75.58683013916016,39.886749267578125,0.48634427785873413,34.48021697998047,13.989333152770996,16.51807975769043
2014-12-11,24.699344635009766,15.368000030517578,7.551933288574219,26.387409210205078,77.12477111816406,40.11637878417969,0.48610442876815796,34.34537887573242,13.925333023071289,16.480865478515625
2014-12-12,24.28112030029297,15.366000175476074,7.450540542602539,25.861751556396484,77.22398376464844,39.929283142089844,0.47098851203918457,33.6628532409668,13.800000190734863,16.35432243347168
2014-12-15,23.949190139770508,15.303500175476074,7.376181125640869,25.580575942993164,76.3905258178711,39.69114303588867,0.46954917907714844,34.64030075073242,13.602666854858398,16.331987380981445
2014-12-16,23.621700286865234,14.753000259399414,7.310090065002441,24.703821182250977,74.10842895507812,38.406951904296875,0.4642704427242279,34.235836029052734,13.187333106994629,15.959786415100098
2014-12-17,24.21030044555664,14.944000244140625,7.4615960121154785,25.114925384521484,75.51738739013672,38.900211334228516,0.4832252562046051,34.68243408203125,13.721332550048828,16.10866355895996
2014-12-18,24.927255630493164,14.886500358581543,7.662102222442627,25.520082473754883,77.78954315185547,40.41402816772461,0.4851445257663727,38.213035583496094,14.550666809082031,16.22032928466797
2014-12-19,24.7347412109375,14.994999885559082,7.54903507232666,25.78885269165039,79.25801086425781,40.53310775756836,0.48994317650794983,38.76074981689453,14.619333267211914,16.525522232055664
2014-12-22,24.991422653198242,15.32699966430664,7.644009113311768,26.396827697753906,80.8157958984375,40.80526351928711,0.4985811114311218,38.4658203125,14.84000015258789,16.652074813842773
2014-12-23,24.902908325195312,15.314499855041504,7.596521377563477,26.71767807006836,79.98234558105469,41.20497512817383,0.4954618513584137,38.769161224365234,14.731332778930664,16.53297233581543
2014-12-24,24.7856388092041,15.15149974822998,7.592000961303711,26.626434326171875,80.1410903930664,40.941341400146484,0.49354231357574463,38.954551696777344,14.817333221435547,16.63718605041504
2014-12-26,25.223766326904297,15.454500198364258,7.584464073181152,26.854053497314453,80.1510238647461,40.72019577026367,0.4940221905708313,38.84501266479492,15.187999725341797,16.60740852355957
2014-12-29,25.206066131591797,15.60200023651123,7.634962558746338,26.645275115966797,79.39693450927734,40.35450744628906,0.49330228567123413,38.432132720947266,15.047332763671875,16.659515380859375
2014-12-30,24.898487091064453,15.515000343322754,7.601800918579102,26.544607162475586,78.60315704345703,39.98881530761719,0.4887436032295227,38.20460891723633,14.815333366394043,16.704179763793945
2014-12-31,24.424949645996094,15.517499923706055,7.582202911376953,26.315500259399414,77.41251373291016,39.504051208496094,0.4810657501220703,37.89284133911133,14.827333450317383,16.659515380859375
2015-01-02,24.19260597229004,15.425999641418457,7.5445122718811035,26.26045799255371,77.83916473388672,39.76768493652344,0.4829852283000946,37.353553771972656,14.620667457580566,16.5850830078125
2015-01-05,23.511062622070312,15.10949993133545,7.4239068031311035,25.76009178161621,76.5889663696289,39.402000427246094,0.4748275578022003,36.8297119140625,14.005999565124512,16.18311309814453
2015-01-06,23.513273239135742,14.76449966430664,7.255064010620117,25.12434959411621,75.55706787109375,38.823673248291016,0.4604315161705017,36.44949722290039,14.085332870483398,15.900238037109375
2015-01-07,23.84297752380371,14.920999526977539,7.451043605804443,25.050458908081055,75.55706787109375,39.31694030761719,0.4592319428920746,36.45795822143555,14.063332557678223,16.13100242614746
2015-01-08,24.75908660888672,15.02299976348877,7.8234100341796875,25.13773536682129,77.57127380371094,40.473575592041016,0.4765070974826813,36.6776237487793,14.041333198547363,16.23520851135254
2015-01-09,24.7856388092041,14.846500396728516,7.907079219818115,24.83077049255371,77.13467407226562,40.13338851928711,0.47842657566070557,36.66073226928711,13.77733325958252,15.78113079071045
2015-01-12,24.17490005493164,14.570500373840332,7.775919437408447,24.649276733398438,76.12263488769531,39.631622314453125,0.47242826223373413,36.559329986572266,13.480667114257812,15.475929260253906
2015-01-13,24.389543533325195,14.737000465393066,7.732201099395752,24.88433265686035,75.8547134399414,39.4275016784668,0.4717082381248474,36.27205276489258,13.616666793823242,15.669475555419922
2015-01-14,24.296606063842773,14.66349983215332,7.793262004852295,25.08913803100586,75.68605041503906,39.08733367919922,0.47362780570983887,36.381900787353516,12.845999717712402,15.67691707611084
2015-01-15,23.637189865112305,14.34749984741211,7.63722562789917,24.993927001953125,73.47341918945312,38.6790885925293,0.47026878595352173,36.01860046386719,12.791333198547363,17.039159774780273
2015-01-16,23.45352554321289,14.536999702453613,7.825669288635254,25.313783645629883,74.59461212158203,39.32545852661133,0.47890645265579224,36.762107849121094,12.871333122253418,16.823284149169922
2015-01-20,24.057626724243164,14.472000122070312,7.904815673828125,25.287996292114258,75.64637756347656,39.45301055908203,0.48034602403640747,37.091636657714844,12.795332908630371,17.188037872314453
2015-01-21,24.241289138793945,14.862500190734863,7.9432573318481445,25.80621337890625,76.14248657226562,39.05329513549805,0.48706409335136414,36.7452278137207,13.104666709899902,17.277362823486328
2015-01-22,24.871936798095703,15.515999794006348,7.929689884185791,26.644779205322266,77.04539489746094,40.08235168457031,0.4954618513584137,37.218360900878906,13.441332817077637,17.64955711364746
2015-01-23,25.00027847290039,15.619500160217285,8.063862800598145,26.87537384033203,77.22398376464844,40.124874114990234,0.4969014525413513,37.33665466308594,13.419333457946777,17.85799217224121
2015-01-26,25.026830673217773,15.482999801635742,8.045019149780273,26.61602020263672,76.89655303955078,39.98030090332031,0.4947420656681061,37.091636657714844,13.770000457763672,17.98453140258789
2015-01-27,24.150556564331055,15.337499618530273,7.898786544799805,25.845884323120117,75.18994140625,36.28076934814453,0.47098851203918457,36.6691780090332,13.732000350952148,18.006864547729492
2015-01-28,25.515859603881836,15.195500373840332,7.914614677429199,25.411476135253906,75.64637756347656,35.030601501464844,0.46331077814102173,36.06929016113281,13.291333198547363,17.81332778930664
2015-01-29,26.31026268005371,15.58899974822998,8.029943466186523,25.451147079467773,77.39266204833984,35.727989196777344,0.474587619304657,36.212928771972656,13.680000305175781,17.3369140625
2015-01-30,25.925230026245117,17.726499557495117,7.7548136711120605,26.65717887878418,75.3189468383789,34.35873031616211,0.46067145466804504,35.39335632324219,13.573332786560059,16.905162811279297
2015-02-02,26.250511169433594,18.223499298095703,7.720141410827637,26.39187240600586,74.40611267089844,35.107154846191406,0.4707486927509308,36.06085205078125,14.062666893005371,17.07637596130371
2015-02-03,26.254940032958984,18.177499771118164,7.778936862945557,26.446422576904297,74.81291961669922,35.37928771972656,0.4825054407119751,36.365013122558594,14.557332992553711,17.232696533203125
2015-02-04,26.45630645751953,18.237499237060547,7.899539947509766,26.089372634887695,75.0411148071289,35.58339309692383,0.483705073595047,35.841156005859375,14.569999694824219,17.552783966064453
2015-02-05,26.64513397216797,18.694499969482422,8.005066871643066,26.274343490600586,75.02127075195312,36.10219955444336,0.4916228950023651,36.46639633178711,14.732666969299316,17.612340927124023
2015-02-06,26.42076301574707,18.714000701904297,7.895016670227051,26.47518539428711,73.89015197753906,36.06816482543945,0.4894633889198303,36.314308166503906,14.490667343139648,17.195478439331055
2015-02-09,26.596256256103516,18.527999877929688,7.706573963165283,26.247068405151367,73.8603744506836,36.02565383911133,0.4889836013317108,36.6691780090332,14.498666763305664,16.875394821166992
2015-02-10,27.107213973999023,18.649999618530273,8.068384170532227,26.78660774230957,74.60454559326172,36.22975540161133,0.5026597380638123,37.16766357421875,14.419333457946777,17.7612247467041
2015-02-11,27.742572784423828,18.756999969482422,8.136226654052734,26.679489135742188,75.91426086425781,36.042667388916016,0.49930068850517273,36.635379791259766,14.186667442321777,18.081302642822266
2015-02-12,28.093578338623047,18.85849952697754,8.268890380859375,27.076709747314453,75.6364517211914,36.646484375,0.5350508093833923,37.08318328857422,13.525333404541016,18.215299606323242
2015-02-13,28.231313705444336,19.09149932861328,8.302809715270996,27.33209991455078,75.1502685546875,37.309844970703125,0.535290539264679,37.116981506347656,13.584667205810547,18.490726470947266
2015-02-17,28.39792823791504,18.771499633789062,8.35707950592041,27.02712059020996,75.01134490966797,37.32698059082031,0.5369701981544495,37.04094696044922,13.623332977294922,18.438617706298828
2015-02-18,28.59564971923828,18.668500900268555,8.29150104522705,26.91008758544922,76.11271667480469,37.284149169921875,0.5307316780090332,37.2606201171875,13.630666732788086,18.393953323364258
2015-02-19,28.53567123413086,18.950000762939453,8.359338760375977,27.09853172302246,78.80160522460938,37.25844955444336,0.5321715474128723,37.269065856933594,14.11400032043457,18.252517700195312
2015-02-20,28.768924713134766,19.183000564575195,8.446779251098633,26.867935180664062,79.27786254882812,37.566810607910156,0.5360104441642761,36.98179626464844,14.473999977111816,18.19296646118164
2015-02-23,29.546464920043945,19.006999969482422,8.506326675415039,26.530725479125977,78.22611236572266,37.815185546875,0.5316917300224304,36.9902458190918,13.822667121887207,18.029197692871094
2015-02-24,29.362079620361328,18.929500579833984,8.531201362609863,26.71173095703125,77.83916473388672,37.76380920410156,0.5373519062995911,37.07472229003906,13.607333183288574,18.639602661132812
2015-02-25,28.611194610595703,19.26849937438965,8.49351692199707,27.142169952392578,78.94050598144531,37.67813491821289,0.533257246017456,36.948001861572266,13.583999633789062,18.639602661132812
2015-02-26,28.973310470581055,19.239999771118164,9.742513656616211,27.735267639160156,79.78390502929688,37.73810958862305,0.5347024202346802,37.08318328857422,13.812666893005371,18.371620178222656
2015-02-27,28.537891387939453,19.007999420166016,9.619649887084961,27.900901794433594,78.35509490966797,37.55821990966797,0.531330406665802,37.0240364074707,13.555999755859375,18.259963989257812
2015-03-02,28.67784309387207,19.283000946044922,9.725177764892578,28.515321731567383,79.12903594970703,37.583946228027344,0.5443366169929504,37.201480865478516,13.155332565307617,18.33439826965332
2015-03-03,28.737823486328125,19.230499267578125,9.664873123168945,28.70227813720703,78.9802017211914,37.070030212402344,0.5342206954956055,36.65228271484375,13.303999900817871,18.237632751464844
2015-03-04,28.555660247802734,19.13599967956543,9.753820419311523,28.679462432861328,80.27008056640625,36.881587982177734,0.5402420163154602,36.84660339355469,13.496000289916992,18.111085891723633
2015-03-05,28.082469940185547,19.39150047302246,9.842011451721191,28.83319664001465,80.57767486572266,36.924415588378906,0.5505988001823425,37.00714874267578,13.375332832336426,18.207849502563477
2015-03-06,28.124677658081055,19.004499435424805,9.640000343322754,28.41019058227539,79.38700866699219,36.28202819824219,0.5431323647499084,35.807369232177734,12.925333023071289,17.93242835998535
2015-03-09,28.244644165039062,18.92799949645996,9.581957817077637,28.469697952270508,78.82145690917969,36.701725006103516,0.5445775389671326,36.06929016113281,12.725333213806152,17.456018447875977
2015-03-10,27.66037940979004,18.475500106811523,9.431203842163086,27.763036727905273,76.94618225097656,35.99938201904297,0.5539709329605103,35.3342170715332,12.687999725341797,17.158260345458984
2015-03-11,27.15608787536621,18.318500518798828,9.396533012390137,27.556745529174805,76.96600341796875,35.95655059814453,0.5510807633399963,35.03849411010742,12.916000366210938,17.485790252685547
2015-03-12,27.647048950195312,18.711999893188477,9.506585121154785,27.82849884033203,78.31541442871094,35.13429641723633,0.5460225939750671,35.165225982666016,12.73799991607666,17.51556968688965
2015-03-13,27.45599937438965,18.52899932861328,9.422163963317871,27.4233455657959,77.4422836303711,35.44264602661133,0.5467451214790344,35.807369232177734,12.578666687011719,17.77610969543457
2015-03-16,27.758119583129883,18.667499542236328,9.789250373840332,27.851804733276367,77.46211242675781,35.59681701660156,0.5532484650611877,36.6776237487793,13.046667098999023,18.073869705200195
2015-03-17,28.222427368164062,18.59600067138672,9.731208801269531,27.65195655822754,78.7420654296875,35.716739654541016,0.5599926114082336,36.22136688232422,12.982000350952148,18.096195220947266
2015-03-18,28.54010581970215,18.756999969482422,9.861238479614258,28.07595443725586,80.28001403808594,36.40193557739258,0.5508396625518799,37.285945892333984,13.380666732788086,18.393953323364258
2015-03-19,28.32461166381836,18.66200065612793,9.98220157623291,27.95247459411621,82.10568237304688,36.222076416015625,0.5592696666717529,37.311309814453125,13.043333053588867,18.356733322143555
2015-03-20,27.96917724609375,18.92449951171875,10.076702117919922,28.015947341918945,83.14750671386719,36.72742462158203,0.5652912855148315,37.52254104614258,13.20533275604248,18.438617706298828
2015-03-23,28.260189056396484,18.75550079345703,10.1636381149292,28.036775588989258,83.77259826660156,36.71028518676758,0.5469861030578613,37.387351989746094,13.308667182922363,18.460947036743164
2015-03-24,28.14468002319336,18.704500198364258,10.063848495483398,28.640289306640625,84.645751953125,36.74455261230469,0.5395197868347168,36.93110275268555,13.447999954223633,18.237632751464844
2015-03-25,27.409339904785156,18.54800033569336,9.406882286071777,28.11760711669922,82.27436065673828,35.51115417480469,0.5067631006240845,36.27205276489258,12.953332901000977,17.25503158569336
2015-03-26,27.600391387939453,18.36750030517578,9.428054809570312,27.950984954833984,82.3636703491211,35.29702377319336,0.5050768852233887,36.322757720947266,12.694000244140625,17.26991844177246
2015-03-27,27.380460739135742,18.527999877929688,9.69265365600586,27.648983001708984,82.65139770507812,35.09148406982422,0.5149521827697754,36.02703094482422,12.333333015441895,17.07637596130371
2015-03-30,28.073583602905273,18.72949981689453,9.869556427001953,27.827011108398438,82.55216217041016,35.08291244506836,0.5171196460723877,36.70297622680664,12.704667091369629,17.307138442993164
2015-03-31,27.642601013183594,18.604999542236328,9.599665641784668,27.507648468017578,81.57980346679688,34.82593536376953,0.504113495349884,36.45795822143555,12.584667205810547,17.478357315063477
2015-04-01,27.602619171142578,18.51300048828125,9.497604370117188,27.249282836914062,81.03407287597656,34.87733459472656,0.506040632724762,36.2805061340332,12.505999565124512,17.292251586914062
2015-04-02,27.84032440185547,18.612499237060547,9.451488494873047,26.843639373779297,80.9249496459961,34.50904083251953,0.5072448253631592,36.13637924194336,12.733332633972168,17.63467025756836
2015-04-06,28.29129409790039,18.851999282836914,9.512726783752441,26.97455406188965,81.79808807373047,35.58826446533203,0.5219369530677795,36.424659729003906,13.539999961853027,17.523012161254883
2015-04-07,27.993610382080078,18.720500946044922,9.499115943908691,27.019681930541992,81.67902374267578,35.571109771728516,0.5265134572982788,36.424659729003906,13.550000190734863,17.41135597229004
2015-04-08,27.90252685546875,19.059999465942383,9.58530044555664,27.217050552368164,81.63932800292969,35.47689437866211,0.5303670167922974,36.55185317993164,13.844667434692383,17.26991844177246
2015-04-09,28.11579132080078,19.177000045776367,9.61780834197998,27.1763858795166,81.53018951416016,35.52829360961914,0.5426506400108337,36.628150939941406,14.005999565124512,17.44857406616211
2015-04-10,28.235755920410156,19.13249969482422,9.587567329406738,27.202173233032227,81.40119934082031,35.73385238647461,0.5481903553009033,36.8909797668457,14.0600004196167,17.49323844909668
2015-04-13,28.180221557617188,19.118000030517578,9.47643756866455,27.207134246826172,82.3636703491211,35.76811218261719,0.5431323647499084,36.526397705078125,13.985333442687988,17.3666934967041
2015-04-14,28.058032989501953,19.25550079345703,9.372862815856934,26.767765045166016,82.86967468261719,35.67390823364258,0.5385561585426331,36.229652404785156,13.830666542053223,17.25503158569336
2015-04-15,28.164670944213867,19.172500610351562,9.518017768859863,26.830249786376953,82.06598663330078,36.196372985839844,0.5450592637062073,37.297950744628906,13.85533332824707,17.500682830810547
2015-04-16,28.02916145324707,19.302000045776367,9.474925994873047,26.95323371887207,81.66910552978516,36.1107292175293,0.5416873097419739,36.848594665527344,13.779999732971191,17.299694061279297
2015-04-17,27.713695526123047,18.777999877929688,9.211834907531738,26.41864776611328,80.1510238647461,35.64820098876953,0.5347024202346802,36.45856857299805,13.78600025177002,17.284807205200195
2015-04-20,28.346837997436523,19.475500106811523,9.301043510437012,27.003318786621094,82.44303894042969,36.75310134887695,0.5320531129837036,36.72989273071289,13.684666633605957,17.322025299072266
2015-04-21,28.193540573120117,19.55900001525879,9.3063383102417,26.923477172851562,82.96891021728516,36.5218620300293,0.531330406665802,36.81468200683594,13.96066665649414,17.3666934967041
2015-04-22,28.573429107666016,19.489999771118164,9.66921329498291,27.23391342163086,83.97103881835938,36.82162857055664,0.5373519062995911,36.92488479614258,14.629332542419434,17.7463321685791
2015-04-23,28.80669403076172,19.499500274658203,9.379669189453125,27.64451789855957,81.76831817626953,37.12140655517578,0.5351839065551758,36.789241790771484,14.573332786560059,18.08875274658203
2015-04-24,28.94219970703125,22.2549991607666,9.03417682647705,28.447877883911133,80.89518737792969,41.00143051147461,0.5306078791618347,36.526397705078125,14.562000274658203,18.542835235595703
2015-04-27,29.468704223632812,21.92799949645996,9.083319664001465,28.073970794677734,81.27220916748047,41.13846969604492,0.5347024202346802,36.975772857666016,15.436667442321777,18.915023803710938
2015-04-28,29.004404067993164,21.465499877929688,8.879199028015137,27.987184524536133,80.05179595947266,42.1063346862793,0.5373519062995911,37.730377197265625,15.36533260345459,18.617271423339844
2015-04-29,28.577871322631836,21.4685001373291,8.847448348999023,27.83940887451172,79.84342956542969,42.02069091796875,0.533257246017456,37.92539978027344,15.49666690826416,18.453502655029297
2015-04-30,27.802555084228516,21.089000701904297,8.836106300354004,27.213579177856445,78.15666961669922,41.660945892333984,0.5347024202346802,36.984249114990234,15.069999694824219,18.19296646118164
2015-05-01,28.646745681762695,21.14349937438965,9.283656120300293,27.33209991455078,78.37494659423828,41.67808151245117,0.5479496717453003,37.620155334472656,15.0686674118042,18.41628646850586
2015-05-04,28.591205596923828,21.152000427246094,9.159672737121582,27.41541290283203,78.19634246826172,41.31835174560547,0.5445775389671326,37.80668258666992,15.36733341217041,18.103633880615234
2015-05-05,27.946956634521484,21.059499740600586,8.829304695129395,26.92943000793457,76.95609283447266,40.770179748535156,0.5306078791618347,37.238609313964844,15.529999732971191,18.081302642822266
2015-05-06,27.77145767211914,20.954999923706055,8.828544616699219,26.534690856933594,77.49189758300781,39.63957214355469,0.5322937369346619,36.67901611328125,15.362000465393066,18.20041275024414
2015-05-07,27.943227767944336,21.3439998626709,9.2594633102417,26.879838943481445,77.81932067871094,39.99932098388672,0.5416873097419739,36.86554718017578,15.786666870117188,18.140865325927734
2015-05-08,28.469703674316406,21.684499740600586,9.323721885681152,27.222505569458008,77.8987045288086,40.898658752441406,0.5017050504684448,37.314910888671875,15.77400016784668,18.27484703063965
2015-05-11,28.179702758789062,21.642499923706055,9.284411430358887,27.065303802490234,77.40259552001953,40.57316589355469,0.49688777327537537,37.170799255371094,15.965999603271484,18.140865325927734
2015-05-12,28.079313278198242,21.551000595092773,9.294998168945312,26.715694427490234,76.85687255859375,40.55605697631836,0.5017050504684448,36.941864013671875,16.31599998474121,18.148303985595703
2015-05-13,28.110538482666016,21.3435001373291,9.308605194091797,26.753385543823242,77.8292465209961,40.79587173461914,0.5045952200889587,37.128395080566406,16.211999893188477,18.19296646118164
2015-05-14,28.766407012939453,21.61400032043457,9.596641540527344,27.23490333557129,80.7364273071289,41.72947311401367,0.5127843618392944,37.628639221191406,16.273332595825195,18.170631408691406
2015-05-15,28.726245880126953,21.299999237060547,9.666947364807129,27.10051155090332,79.7938232421875,41.36973190307617,0.5130254030227661,37.43362808227539,16.589332580566406,18.28229522705078
2015-05-18,29.043031692504883,21.261999130249023,9.841580390930176,27.109439849853516,80.25023651123047,41.12133026123047,0.5123028755187988,37.50993728637695,16.583332061767578,18.170631408691406
2015-05-19,29.016252517700195,21.085500717163086,9.787907600402832,27.238874435424805,80.0021743774414,41.01789474487305,0.5091086626052856,37.5777587890625,16.47599983215332,18.304628372192383
2015-05-20,29.014019012451172,21.19300079345703,9.760690689086914,27.399045944213867,79.92281341552734,41.01789474487305,0.5091086626052856,37.55232238769531,16.290000915527344,18.297178268432617
2015-05-21,29.310720443725586,21.581499099731445,9.796980857849121,27.612287521362305,79.85334777832031,40.87995529174805,0.5054790377616882,37.54384231567383,16.374666213989258,18.044086456298828
2015-05-22,29.5672607421875,21.381500244140625,10.02756118774414,27.49872398376465,79.91287994384766,40.431678771972656,0.5047531127929688,37.24708557128906,16.51533317565918,18.014314651489258
2015-05-26,28.915864944458008,21.273500442504883,9.92625617980957,27.135229110717773,78.71231079101562,40.164432525634766,0.5016076564788818,36.738372802734375,16.497333526611328,18.05897331237793
2015-05-27,29.455718994140625,21.570999145507812,10.696619987487793,27.485332489013672,79.92281341552734,41.04375457763672,0.5284665822982788,37.425148010253906,16.495332717895508,18.312070846557617
2015-05-28,29.397720336914062,21.328500747680664,10.763903617858887,27.481861114501953,79.52591705322266,40.905818939208984,0.5357254147529602,37.187744140625,16.76333236694336,18.20041275024414
2015-05-29,29.063098907470703,21.46150016784668,11.194063186645508,27.04249382019043,78.57339477539062,40.39719009399414,0.535483717918396,36.874027252197266,16.719999313354492,18.073869705200195
2015-06-01,29.121091842651367,21.54599952697754,11.084444046020508,27.235401153564453,79.66482543945312,40.716163635253906,0.5415330529212952,37.128395080566406,16.6299991607666,17.969646453857422
2015-06-02,28.99170684814453,21.54949951171875,10.898468971252441,27.470455169677734,79.81366729736328,40.44890594482422,0.5308861136436462,37.052085876464844,16.55666732788086,17.619783401489258
2015-06-03,29.02740478515625,21.829500198364258,10.81531047821045,27.536909103393555,81.79808807373047,40.388572692871094,0.5250788927078247,37.28099822998047,16.599332809448242,17.612340927124023
2015-06-04,28.85786247253418,21.538999557495117,10.674694061279297,27.358381271362305,81.4111328125,39.966163635253906,0.5345157980918884,37.11143493652344,16.39466667175293,17.10615348815918
2015-06-05,28.699474334716797,21.34749984741211,10.87200927734375,27.25126838684082,81.50042724609375,39.776493072509766,0.5386293530464172,37.14535903930664,16.609333038330078,17.01682472229004
2015-06-08,28.50985336303711,21.174999237060547,10.480402946472168,26.95124626159668,80.0418701171875,39.42304229736328,0.5262885689735413,36.543357849121094,17.086000442504883,16.860502243041992
2015-06-09,28.425085067749023,21.27400016784668,10.599848747253418,26.88578987121582,80.0418701171875,39.35408020019531,0.5289505124092102,36.51791763305664,17.066667556762695,16.994489669799805
2015-06-10,28.75078582763672,21.53849983215332,10.800189971923828,27.40350914001465,81.52027130126953,40.18167495727539,0.5195134282112122,37.25556945800781,16.713333129882812,17.3666934967041
2015-06-11,28.686092376708984,21.648500442504883,10.734416961669922,27.276559829711914,81.19284057617188,40.035118103027344,0.5250788927078247,37.54384231567383,16.76066780090332,17.500682830810547
2015-06-12,28.36931610107422,21.496000289916992,10.6195068359375,27.149110794067383,80.89518737792969,39.629940032958984,0.5108025670051575,37.594722747802734,16.71266746520996,17.619783401489258
2015-06-15,28.313547134399414,21.183500289916992,10.819845199584961,26.92744255065918,80.08155822753906,39.20751190185547,0.5098345279693604,37.06903839111328,16.691999435424805,17.31458282470703
2015-06-16,28.465242385864258,21.363000869750977,10.734416961669922,27.02018165588379,80.4288330078125,39.50924301147461,0.5161259174346924,37.84908676147461,16.874666213989258,17.552783966064453
2015-06-17,28.398317337036133,21.390499114990234,10.666184425354004,27.105968475341797,81.15315246582031,39.629940032958984,0.5221752524375916,38.078006744384766,17.360666275024414,17.567670822143555
2015-06-18,28.527698516845703,21.969499588012695,10.841314315795898,27.581039428710938,82.2644271850586,40.27650451660156,0.5308861136436462,36.23811340332031,17.459333419799805,17.686777114868164
2015-06-19,28.242158889770508,21.746000289916992,10.832975387573242,27.647491455078125,81.86756134033203,39.74200439453125,0.529192328453064,35.26306915283203,17.500667572021484,17.418800354003906
2015-06-22,28.467470169067383,21.81450080871582,10.862543106079102,27.754608154296875,84.08018493652344,39.85408401489258,0.5270146727561951,35.17828369140625,17.319332122802734,17.7463321685791
2015-06-23,28.338085174560547,22.29949951171875,10.738205909729004,27.93858528137207,87.19571685791016,39.578224182128906,0.5134641528129578,35.364810943603516,17.844667434692383,17.81332778930664
2015-06-24,28.579015731811523,22.04199981689453,10.611599922180176,27.699565887451172,88.16809844970703,39.345458984375,0.5083826780319214,34.932411193847656,17.67799949645996,17.790990829467773
2015-06-25,28.442930221557617,22.0049991607666,10.555499076843262,27.66881561279297,87.29496002197266,39.35408020019531,0.5122544765472412,34.81370162963867,17.91933250427246,17.92498779296875
2015-06-26,28.27562141418457,21.905000686645508,10.246177673339844,27.426319122314453,87.3247299194336,39.01786804199219,0.5018494129180908,34.75434112548828,17.805999755859375,17.590009689331055
2015-06-29,27.780384063720703,21.493000030517578,10.008126258850098,26.84066390991211,85.1319351196289,38.250614166259766,0.4868473410606384,34.27105712890625,17.468000411987305,17.1890811920166
2015-06-30,27.981159210205078,21.704500198364258,10.077875137329102,26.78066062927246,85.10215759277344,38.060951232910156,0.48660531640052795,34.169307708740234,17.884000778198242,17.442541122436523
2015-07-01,28.242158889770508,21.86949920654297,10.272712707519531,26.94232177734375,86.2332763671875,38.31956481933594,0.4936226010322571,34.118431091308594,17.94333267211914,17.611509323120117
2015-07-02,28.206464767456055,21.885499954223633,10.434952735900879,27.142667770385742,86.6103286743164,38.276466369628906,0.4941065013408661,34.22018814086914,18.667999267578125,17.780485153198242
2015-07-06,28.108314514160156,21.802000045776367,10.174154281616211,27.057369232177734,86.8683090209961,38.267852783203125,0.4880569875240326,34.169124603271484,18.648000717163086,17.619190216064453
2015-07-07,28.039154052734375,21.836000442504883,10.071050643920898,27.27606201171875,86.54086303710938,38.190269470214844,0.4788622260093689,34.1776237487793,17.858667373657227,17.634553909301758
2015-07-08,27.343135833740234,21.485000610351562,9.707905769348145,26.86297607421875,84.98310089111328,38.1385383605957,0.47547462582588196,33.845726013183594,16.997333526611328,17.073871612548828
2015-07-09,26.785432815551758,21.719499588012695,9.452412605285645,27.009265899658203,85.21131134033203,38.37992477416992,0.4696672558784485,34.19464874267578,17.19466781616211,17.066190719604492
2015-07-10,27.501527786254883,22.175500869750977,9.843610763549805,27.57756996154785,87.26519012451172,38.45751190185547,0.4778944253921509,34.347843170166016,17.27666664123535,17.335012435913086
2015-07-13,28.032459259033203,22.778499603271484,9.793574333190918,28.3521728515625,89.39844512939453,39.25926208496094,0.48103994131088257,34.722286224365234,17.477333068847656,17.55774688720703
2015-07-14,28.021312713623047,23.278499603271484,10.030109405517578,28.969566345214844,88.98171997070312,39.328216552734375,0.48128193616867065,34.705265045166016,17.709999084472656,17.51166534423828
2015-07-15,28.29123306274414,23.059499740600586,9.986139297485352,28.958656311035156,89.06110382080078,39.44890213012695,0.4778944253921509,34.713775634765625,17.542667388916016,17.327329635620117
2015-07-16,28.668243408203125,23.77400016784668,10.212066650390625,29.842357635498047,90.1426010131836,40.22477340698242,0.48854121565818787,34.85845184326172,17.778667449951172,17.45790672302246
2015-07-17,28.915864944458008,24.15049934387207,10.13321590423584,34.69425582885742,94.23052978515625,40.19029998779297,0.4856373965740204,34.381893157958984,18.310667037963867,17.688318252563477
2015-07-20,29.46242332458496,24.405000686645508,10.207514762878418,34.3580322265625,97.14764404296875,40.44890594482422,0.47668445110321045,33.981895446777344,18.817333221435547,17.58847427368164
2015-07-21,29.16794776916504,24.399999618530273,10.19765567779541,34.48250198364258,97.6239013671875,40.75926971435547,0.4788622260093689,33.675514221191406,17.784666061401367,17.57311248779297
2015-07-22,27.934303283691406,24.41349983215332,9.824657440185547,34.4701042175293,96.28440856933594,39.25926208496094,0.4696672558784485,33.547855377197266,17.857999801635742,17.066190719604492
2015-07-23,27.92091941833496,24.108999252319336,10.005093574523926,33.459957122802734,94.6968765258789,39.75062942504883,0.47547462582588196,33.1904296875,17.81333351135254,17.135318756103516
2015-07-24,27.773693084716797,26.47100067138672,9.740503311157227,32.470130920410156,96.19510650634766,39.60407638549805,0.46990934014320374,33.1904296875,17.694000244140625,16.62071990966797
2015-07-27,27.387752532958984,26.570499420166016,9.450139045715332,32.64370346069336,93.43675231933594,39.09545135498047,0.46724751591682434,32.77342224121094,16.867332458496094,16.613037109375
2015-07-28,27.52383041381836,26.30150032043457,9.735953330993652,32.71263122558594,94.54802703857422,39.086830139160156,0.4774104356765747,33.4287223815918,17.654666900634766,16.805055618286133
2015-07-29,27.436832427978516,26.450000762939453,9.748085975646973,32.8004035949707,96.23480224609375,39.90581512451172,0.483217716217041,33.86274719238281,17.58799934387207,16.98171043395996
2015-07-30,27.29852294921875,26.83799934387207,9.677579879760742,32.95561981201172,94.46866607666016,40.414432525634766,0.4844276010990143,33.743614196777344,17.785999298095703,17.434858322143555
2015-07-31,27.05982208251953,26.8075008392334,9.487289428710938,32.60551834106445,93.27799987792969,40.25926971435547,0.48273369669914246,33.99040985107422,17.74333381652832,16.98171043395996
2015-08-03,26.42180824279785,26.75149917602539,9.537324905395508,32.963558197021484,93.40699005126953,40.35409164428711,0.4909607470035553,33.79465866088867,17.332666397094727,16.682161331176758
2015-08-04,25.574092864990234,26.594999313354492,9.360678672790527,32.792964935302734,93.32762145996094,40.9834098815918,0.49289649724960327,33.75210952758789,17.75200080871582,16.474790573120117
2015-08-05,25.743640899658203,26.850500106811523,9.457719802856445,33.3885498046875,95.6890869140625,41.01789474487305,0.49797818064689636,33.73508834838867,18.0086669921875,16.597679138183594
2015-08-06,25.799663543701172,26.472999572753906,9.345514297485352,33.23283386230469,94.37935638427734,40.19029998779297,0.49483248591423035,33.46275329589844,16.408666610717773,16.344215393066406
2015-08-07,25.887062072753906,26.131000518798828,9.290928840637207,32.94719696044922,93.56575012207031,40.29374694824219,0.5560513138771057,33.66700744628906,16.167333602905273,16.152206420898438
2015-08-10,26.828250885009766,26.200000762939453,9.649526596069336,32.88520431518555,93.41690063476562,40.80237579345703,0.5754089951515198,33.94784927368164,16.076000213623047,16.597679138183594
2015-08-11,25.432147979736328,26.37299919128418,9.416780471801758,34.23207473754883,92.89105224609375,40.00926208496094,0.5725054144859314,33.33509826660156,15.824666976928711,15.99859619140625
2015-08-12,25.824310302734375,26.295499801635742,9.532015800476074,34.29009246826172,93.45659637451172,40.29374694824219,0.5739570260047913,33.4287223815918,15.878000259399414,15.937150955200195
2015-08-13,25.80414581298828,26.482999801635742,9.415265083312988,34.044124603271484,92.70252990722656,40.28513717651367,0.5691176652908325,33.45424270629883,16.167333602905273,15.775862693786621
2015-08-14,25.98565673828125,26.576000213623047,9.246198654174805,34.185951232910156,93.684814453125,40.51788330078125,0.5696014761924744,33.53934097290039,16.209999084472656,15.652972221374512
2015-08-17,26.254568099975586,26.76099967956543,9.516095161437988,34.421016693115234,93.1986312866211,40.79373550415039,0.5659719109535217,33.80318832397461,16.999332427978516,15.576170921325684
2015-08-18,26.106674194335938,26.750999450683594,9.267426490783691,34.15422058105469,94.42896270751953,41.019378662109375,0.5608206987380981,33.89678955078125,17.381332397460938,15.384151458740234
2015-08-19,25.77277946472168,26.645999908447266,9.207538604736328,34.417537689208984,94.56787872314453,40.44664764404297,0.5586339235305786,33.641475677490234,17.016666412353516,15.291987419128418
2015-08-20,25.243919372558594,25.788999557495117,8.720812797546387,33.69550704956055,89.8548812866211,39.62226104736328,0.5384656190872192,32.87554168701172,16.14533233642578,15.061568260192871
2015-08-21,23.699922561645508,24.723499298095703,8.449399948120117,31.937536239624023,85.3899154663086,37.37474060058594,0.5216993093490601,31.956417083740234,15.38466739654541,14.500885963439941
2015-08-24,23.108325958251953,23.168500900268555,8.334924697875977,30.65216064453125,81.45081329345703,36.168548583984375,0.5032321810722351,30.705400466918945,14.591333389282227,14.408723831176758
2015-08-25,23.247264862060547,23.318500518798828,8.226510047912598,30.372472763061523,82.35374450683594,35.118560791015625,0.49278369545936584,30.169246673583984,14.66866683959961,14.408723831176758
2015-08-26,24.580608367919922,25.03849983215332,8.809517860412598,32.71659469604492,86.5111083984375,37.06235122680664,0.5299608707427979,31.41175651550293,14.989333152770996,14.938678741455078
2015-08-27,25.304426193237305,25.918500900268555,9.572196006774902,33.124229431152344,89.03133392333984,38.094993591308594,0.5498861074447632,31.335174560546875,16.19933319091797,15.315027236938477
2015-08-28,25.387340545654297,25.90049934387207,9.675305366516113,32.714115142822266,90.30136108398438,38.12102508544922,0.5523160099983215,31.87983512878418,16.565332412719727,15.36111068725586
2015-08-31,25.268569946289062,25.644500732421875,9.550213813781738,32.12548065185547,88.7336654663086,37.765235900878906,0.5462413430213928,31.56495475769043,16.604000091552734,15.268943786621094
2015-09-01,24.13914680480957,24.82699966430664,9.049843788146973,31.219966888427734,86.55078887939453,36.29003143310547,0.5238862633705139,30.645828247070312,15.908666610717773,14.90795612335205
2015-09-02,25.174448013305664,25.52750015258789,9.403895378112793,31.981170654296875,89.19007873535156,37.62638473510742,0.539680540561676,31.275592803955078,16.512666702270508,15.315027236938477
2015-09-03,24.732990264892578,25.236000061035156,9.3834228515625,31.591398239135742,87.46363830566406,37.747894287109375,0.5411383509635925,31.40324592590332,16.3713321685791,15.414874076843262
2015-09-04,24.486482620239258,24.950000762939453,9.184792518615723,31.190214157104492,87.57276916503906,36.9755744934082,0.5285029411315918,30.867094039916992,16.1286678314209,15.107650756835938
2015-09-08,25.167728424072266,25.87700080871582,9.792057991027832,31.930097579956055,88.83287048339844,38.0863151550293,0.55110102891922,32.06706619262695,16.544666290283203,15.39951229095459
2015-09-09,24.683687210083008,25.844499588012695,9.641185760498047,31.90678596496582,89.73578643798828,37.37474060058594,0.5401666164398193,31.56495475769043,16.5939998626709,15.268943786621094
2015-09-10,25.22599220275879,26.11199951171875,9.758699417114258,32.287147521972656,91.26380920410156,37.56566619873047,0.5486709475517273,32.00749588012695,16.565332412719727,15.13068962097168
2015-09-11,25.5935001373291,26.472000122070312,9.937618255615234,32.49641418457031,91.33326721191406,37.730533599853516,0.5503721833229065,32.271305084228516,16.682666778564453,15.284306526184082
2015-09-14,25.840007781982422,26.069000244140625,9.945959091186523,32.3560791015625,91.59123992919922,37.348716735839844,0.5513439774513245,31.964935302734375,16.87933349609375,15.391831398010254
2015-09-15,26.057371139526367,26.118499755859375,10.187800407409668,32.98091506958008,92.1766586303711,38.16441345214844,0.5574187636375427,32.33088302612305,16.904666900634766,15.660649299621582
2015-09-16,26.086503982543945,26.36949920654297,9.999958038330078,33.003231048583984,92.72235870361328,38.44208908081055,0.5613064765930176,32.56916809082031,17.483333587646484,15.875710487365723
2015-09-17,25.528512954711914,26.943500518798828,9.933032989501953,33.30820846557617,93.60543060302734,38.39872741699219,0.5664093494415283,31.26708221435547,17.471332550048828,15.868024826049805
2015-09-18,25.423187255859375,27.01300048828125,9.70335865020752,32.77511978149414,93.66497039794922,37.730533599853516,0.5659235119819641,30.960702896118164,17.374666213989258,15.829623222351074
2015-09-21,25.817584991455078,27.41950035095215,9.678261756896973,33.07563018798828,94.8060073852539,38.27722930908203,0.571755051612854,31.34368324279785,17.613332748413086,15.768180847167969
2015-09-22,25.41197967529297,26.920000076293945,9.48357105255127,32.392276763916016,92.23617553710938,38.094993591308594,0.5562038421630859,30.799001693725586,17.395999908447266,15.322705268859863
2015-09-23,25.618148803710938,26.803499221801758,9.547451972961426,32.39674758911133,93.23831939697266,38.0689697265625,0.5588765740394592,30.628801345825195,17.40399932861328,15.368792533874512
2015-09-24,25.770530700683594,26.6875,9.437938690185547,32.47707748413086,93.67488861083984,38.103660583496094,0.569568395614624,30.688398361206055,17.541332244873047,15.35343074798584
2015-09-25,25.705541610717773,26.212499618530273,9.638713836669922,31.745126724243164,92.04765319824219,38.129703521728516,0.5736991763114929,30.679882049560547,17.12733268737793,15.39951229095459
2015-09-28,25.19685935974121,25.202999114990234,9.190773963928223,30.95664405822754,88.51537322998047,37.56566619873047,0.5661664605140686,30.16073226928711,16.562000274658203,15.076929092407227
2015-09-29,24.439428329467773,24.803499221801758,9.101032257080078,30.87531852722168,85.99515533447266,37.695823669433594,0.5761290192604065,30.220306396484375,16.44333267211914,15.276622772216797
2015-09-30,24.71730613708496,25.594499588012695,9.507145881652832,31.6568603515625,89.20000457763672,38.407386779785156,0.5989700555801392,30.739450454711914,16.559999465942383,15.937150955200195
2015-10-01,24.55595588684082,26.035999298095703,9.28887939453125,31.836868286132812,90.24182891845703,38.71110153198242,0.5873064994812012,30.8415584564209,15.991999626159668,16.021642684936523
2015-10-02,24.735227584838867,26.62700080871582,9.37938117980957,32.58021926879883,91.35310363769531,39.54416275024414,0.6026149392127991,31.394746780395508,16.504667282104492,15.944832801818848
2015-10-05,24.82486343383789,27.18400001525879,9.218912124633789,33.3087043762207,93.27799987792969,40.4640007019043,0.6176801919937134,31.99047088623047,16.40999984741211,16.436386108398438
2015-10-06,24.94363021850586,26.874000549316406,8.906343460083008,33.30672073364258,92.07743072509766,40.56813049316406,0.625698983669281,32.1096076965332,16.097333908081055,16.305818557739258
2015-10-07,24.82486343383789,27.097000122070312,9.022698402404785,33.22539138793945,91.68054962158203,40.61152648925781,0.632259726524353,32.05004119873047,15.46399974822998,16.843460083007812
2015-10-08,24.53803062438965,26.658000946044922,8.87440013885498,33.076622009277344,91.74999237060547,41.175567626953125,0.6359045505523682,32.24576950073242,15.114666938781738,17.0892333984375
2015-10-09,25.125150680541992,26.989999771118164,8.891132354736328,33.28688430786133,92.51399230957031,40.880523681640625,0.6334745287895203,32.5533561706543,14.712667465209961,16.858816146850586
2015-10-12,25.008617401123047,27.50950050354004,8.949687957763672,33.544254302978516,93.52606201171875,40.78507614135742,0.6402784585952759,32.50211715698242,14.371999740600586,16.96634292602539
2015-10-13,25.05120277404785,27.44499969482422,8.625714302062988,33.878501892089844,93.38714599609375,40.68962860107422,0.6414934992790222,32.31412887573242,14.616666793823242,16.85114097595215
2015-10-14,24.697134017944336,27.241500854492188,8.932960510253906,33.74162292480469,93.3375244140625,40.50738525390625,0.6648205518722534,31.83564567565918,14.458666801452637,17.158363342285156
2015-10-15,25.06688117980957,28.121999740600586,9.268348693847656,34.36695861816406,95.21282196044922,40.793739318847656,0.6665213108062744,32.08342742919922,14.753999710083008,16.858816146850586
2015-10-16,24.88313102722168,28.538000106811523,9.207505226135254,34.48101806640625,96.780517578125,41.22763442993164,0.6769698262214661,31.92963409423828,15.133999824523926,17.020111083984375
2015-10-19,25.037752151489258,28.657499313354492,9.047037124633789,34.71061706542969,97.70328521728516,41.32309341430664,0.6757548451423645,31.50242805480957,15.206666946411133,17.073871612548828
2015-10-20,25.494901657104492,28.04400062561035,9.117765426635742,33.721290588378906,96.2447280883789,41.453250885009766,0.6747827529907227,31.493881225585938,14.20199966430664,17.135318756103516
2015-10-21,25.492660522460938,27.78849983215332,9.164156913757324,33.31465148925781,96.35387420654297,40.95862579345703,0.6660352349281311,31.28882598876953,14.005999565124512,17.066190719604492
2015-10-22,25.882579803466797,28.195499420166016,9.532240867614746,33.77782440185547,98.89393615722656,41.67886734008789,0.6900912523269653,32.28851318359375,14.114666938781738,17.288930892944336
2015-10-23,26.684831619262695,29.951499938964844,9.854700088500977,35.67167282104492,101.3943099975586,45.87887191772461,0.6947081685066223,32.52773666381836,13.939332962036133,17.258211135864258
2015-10-26,25.833280563354492,30.430500030517578,9.400675773620605,36.256343841552734,102.96199798583984,47.07637405395508,0.6915493011474609,32.784053802490234,14.350666999816895,17.020111083984375
2015-10-27,25.669692993164062,30.550500869750977,9.239445686340332,36.34064483642578,102.8925552368164,46.59042739868164,0.6910632252693176,32.75843048095703,14.023332595825195,17.05083465576172
2015-10-28,26.727405548095703,30.854999542236328,9.665332794189453,36.54396438598633,103.38865661621094,46.84209442138672,0.696651816368103,33.21982192993164,14.197333335876465,16.958663940429688
2015-10-29,27.00975227355957,31.327499389648438,9.132973670959473,36.93721008300781,104.06336212158203,46.304073333740234,0.6725959181785583,33.202720642089844,14.108667373657227,16.758970260620117
2015-10-30,26.778945922851562,31.295000076293945,9.364169120788574,36.5672721862793,101.176025390625,45.67927932739258,0.6893624663352966,33.185638427734375,13.795332908630371,16.866493225097656
2015-11-02,27.155418395996094,31.417499542236328,9.41512393951416,37.080528259277344,102.50557708740234,46.199951171875,0.6973810195922852,33.96315383911133,14.252667427062988,16.974031448364258
2015-11-03,27.46690559387207,31.265499114990234,9.28887939453125,37.134090423583984,101.7812728881836,46.989601135253906,0.6925209164619446,34.34764862060547,13.890000343322754,17.488618850708008
2015-11-04,27.339176177978516,32.04750061035156,9.438698768615723,37.4559211730957,103.13069152832031,47.2065544128418,0.6811005473136902,34.58688735961914,15.442000389099121,18.087709426879883
2015-11-05,27.2131404876709,32.782501220703125,9.206742286682129,37.72173309326172,107.91314697265625,47.1891975402832,0.6733248829841614,34.475807189941406,15.451333045959473,17.649911880493164
2015-11-06,27.244647979736328,32.96849822998047,9.861544609069824,37.767852783203125,106.26608276367188,47.65778350830078,0.7666333317756653,34.70650863647461,15.490667343139648,17.527023315429688
2015-11-09,27.134376525878906,32.77450180053711,9.62045955657959,37.42915344238281,105.66083526611328,46.99827575683594,0.7632312774658203,34.2621955871582,15.022000312805176,17.634553909301758
2015-11-10,26.279184341430664,32.98400115966797,9.115483283996582,37.60220718383789,107.06978607177734,46.43424987792969,0.748651921749115,34.10841369628906,14.433333396911621,17.288930892944336
2015-11-11,26.130653381347656,33.662498474121094,9.122326850891113,37.948856353759766,108.16120910644531,46.55574035644531,0.7413623929023743,33.35651779174805,14.60533332824707,17.342700958251953
2015-11-12,26.04287338256836,33.279998779296875,9.114720344543457,37.516422271728516,107.17891693115234,46.26936721801758,0.7386893033981323,33.00620651245117,14.196000099182129,17.081558227539062
2015-11-13,25.282207489013672,32.11750030517578,8.939043998718262,36.70017623901367,103.14060974121094,45.85282897949219,0.724109947681427,31.869834899902344,13.812666893005371,16.812734603881836
2015-11-16,25.696304321289062,32.390499114990234,9.237927436828613,37.21342849731445,103.22991180419922,46.65985870361328,0.7386893033981323,32.570457458496094,14.287332534790039,17.16604232788086
2015-11-17,25.586027145385742,32.165000915527344,9.282795906066895,36.993255615234375,104.31141662597656,46.27546691894531,0.7386893033981323,32.57899475097656,14.266667366027832,17.296607971191406
2015-11-18,26.39620590209961,33.176998138427734,9.576351165771484,37.68899917602539,106.93085479736328,47.044254302978516,0.7568607330322266,33.066017150878906,14.73799991607666,17.296607971191406
2015-11-19,26.731538772583008,33.063499450683594,9.522356033325195,37.68552780151367,105.43263244628906,47.12287521362305,0.7590559720993042,33.33944320678711,14.786666870117188,17.411819458007812
2015-11-20,26.848560333251953,33.42250061035156,9.612853050231934,38.53153610229492,106.48435974121094,47.34127426147461,0.7656415700912476,33.61286163330078,14.667332649230957,17.53470230102539
2015-11-23,26.499732971191406,33.949501037597656,9.461514472961426,38.516658782958984,106.11724090576172,47.34127426147461,0.7541776895523071,33.44197082519531,14.516667366027832,17.335012435913086
2015-11-24,26.754045486450195,33.557498931884766,9.760395050048828,38.16605758666992,104.91667175292969,47.39370346069336,0.760275661945343,33.71537780761719,14.550000190734863,17.281251907348633
2015-11-25,26.562746047973633,33.766998291015625,9.764198303222656,38.147708892822266,104.58924102783203,46.90446472167969,0.7592998743057251,33.54448699951172,15.309332847595215,17.327329635620117
2015-11-27,26.513229370117188,33.66299819946289,9.889680862426758,38.28209686279297,104.62892150878906,47.114139556884766,0.7656415700912476,33.476139068603516,15.440667152404785,17.242839813232422
2015-11-30,26.623510360717773,33.2400016784668,9.92086410522461,37.829837799072266,103.42835235595703,47.4810676574707,0.7736905217170715,33.296714782714844,15.350666999816895,17.480945587158203
2015-12-01,26.40746307373047,33.952999114990234,10.106428146362305,38.86825942993164,106.28591918945312,48.24112319946289,0.7988136410713196,33.51886749267578,15.812666893005371,17.880334854125977
2015-12-02,26.168909072875977,33.800498962402344,10.05471420288086,38.57368850708008,105.24410247802734,48.232383728027344,0.792715847492218,33.066017150878906,15.465999603271484,17.81121063232422
2015-12-03,25.925853729248047,33.3125,11.010674476623535,38.09514236450195,103.56725311279297,47.35002899169922,0.7910086512565613,32.30558395385742,15.513999938964844,17.611509323120117
2015-12-04,26.787797927856445,33.63199996948242,11.222095489501953,38.64112854003906,105.35325622558594,48.843902587890625,0.8232051134109497,33.45905685424805,15.358667373657227,17.903379440307617
2015-12-07,26.619009017944336,33.49150085449219,11.318680763244629,38.33268356323242,104.78768157958984,48.75654602050781,0.8075946569442749,33.168548583984375,15.408666610717773,17.849611282348633
2015-12-08,26.607763290405273,33.86650085449219,11.23883056640625,38.439300537109375,105.66083526611328,48.73906707763672,0.8185708522796631,33.091651916503906,15.114666938781738,17.72671890258789
2015-12-09,26.02037811279297,33.239498138427734,11.076841354370117,37.81496047973633,103.7855453491211,48.03143310546875,0.7978379726409912,32.96348571777344,14.968000411987305,17.45790672302246
2015-12-10,26.144149780273438,33.11600112915039,11.204604148864746,37.69048309326172,104.59915924072266,48.2847785949707,0.8044238090515137,32.63026428222656,15.137999534606934,17.396453857421875
2015-12-11,25.471250534057617,32.00749969482422,10.98330020904541,37.21342849731445,101.3248519897461,47.22771072387695,0.7924720644950867,31.792936325073242,14.468000411987305,17.035470962524414
2015-12-14,25.313716888427734,32.89550018310547,10.838040351867676,37.8144645690918,103.84507751464844,48.17121124267578,0.7944232821464539,32.16889572143555,14.571999549865723,17.066190719604492
2015-12-15,24.865863800048828,32.93199920654297,10.895838737487793,37.69297409057617,103.7359390258789,48.223636627197266,0.8041799068450928,32.6473503112793,14.739333152770996,17.527023315429688
2015-12-16,25.05715560913086,33.78850173950195,10.97593879699707,38.511199951171875,105.95848846435547,49.036094665527344,0.8090579509735107,33.245452880859375,15.633999824523926,17.788171768188477
2015-12-17,24.526039123535156,33.532501220703125,10.716567993164062,38.17597579956055,105.3929214477539,48.660438537597656,0.7968623042106628,31.553693771362305,15.559332847595215,17.634553909301758
2015-12-18,23.862138748168945,33.207000732421875,10.695209503173828,37.53229522705078,103.22991180419922,47.28886795043945,0.7839351296424866,31.05812644958496,15.36400032043457,17.611509323120117
2015-12-21,24.154701232910156,33.22549819946289,11.122407913208008,37.72817611694336,103.9542236328125,47.900394439697266,0.8024724721908569,31.117948532104492,15.503999710083008,17.626873016357422
2015-12-22,24.1322021484375,33.157501220703125,11.069009780883789,38.04207992553711,104.68846893310547,48.354679107666016,0.8032041192054749,31.263200759887695,15.329999923706055,17.71135902404785
2015-12-23,24.442764282226562,33.185001373291016,11.176568031311035,38.11051559448242,103.81529998779297,48.7652702331543,0.8063749074935913,31.553693771362305,15.313332557678223,17.72671890258789
2015-12-24,24.312236785888672,33.13949966430664,11.16207504272461,37.97811508178711,104.2022705078125,48.63423538208008,0.8090579509735107,31.622041702270508,15.371333122253418,17.780485153198242
2015-12-28,24.0399227142334,33.7599983215332,11.164362907409668,38.79138946533203,105.10519409179688,48.87885665893555,0.8083261847496033,31.434078216552734,15.263333320617676,17.672958374023438
2015-12-29,24.47201919555664,34.69850158691406,11.285658836364746,39.372581481933594,106.42483520507812,49.403011322021484,0.8214977383613586,31.647695541381836,15.812666893005371,17.72671890258789
2015-12-30,24.152446746826172,34.45349884033203,11.242171287536621,39.19108963012695,105.3929214477539,49.193359375,0.8144242167472839,31.5451602935791,15.87266731262207,17.57311248779297
2015-12-31,23.688846588134766,33.794498443603516,11.072820663452148,38.58162307739258,103.84507751464844,48.46824645996094,0.803935706615448,31.211923599243164,16.000667572021484,17.473262786865234
2016-01-04,23.70909881591797,31.84950065612793,10.853882789611816,37.66073226928711,101.42407989501953,47.87418746948242,0.7895448803901672,30.671419143676758,14.894000053405762,16.96634292602539
2016-01-05,23.11496925354004,31.68950080871582,10.490761756896973,37.764381408691406,101.93010711669922,48.09259796142578,0.8022283911705017,30.577058792114258,14.895333290100098,16.858816146850586
2016-01-06,22.66261863708496,31.63249969482422,10.168076515197754,37.65528106689453,102.1682357788086,47.218971252441406,0.7690565586090088,30.73148536682129,14.602666854858398,16.390304565429688
2016-01-07,21.706153869628906,30.39699935913086,9.844626426696777,36.74629211425781,97.1575698852539,45.57658004760742,0.7385675311088562,30.062286376953125,14.376667022705078,16.205970764160156
2016-01-08,21.820926666259766,30.352500915527344,9.779781341552734,36.24592971801758,96.57215881347656,45.71635055541992,0.7227131128311157,29.727689743041992,14.066666603088379,15.983229637145996
2016-01-11,22.174259185791016,30.886999130249023,9.767578125,36.3530387878418,96.7507553100586,45.690147399902344,0.7239323854446411,29.97648811340332,13.856666564941406,16.075403213500977
2016-01-12,22.496084213256836,30.894500732421875,9.910992622375488,36.96151351928711,98.59627532958984,46.10948944091797,0.7361281514167786,30.34540557861328,13.998000144958496,15.937150955200195
2016-01-13,21.91769790649414,29.090499877929688,9.406747817993164,35.68357467651367,94.6968765258789,45.113555908203125,0.7136882543563843,29.238662719726562,13.354000091552734,15.729781150817871
2016-01-14,22.397056579589844,29.649999618530273,9.550165176391602,36.26972961425781,97.60404968261719,46.397769927978516,0.6992971897125244,29.84779930114746,13.745332717895508,16.758970260620117
2016-01-15,21.85918617248535,28.509000778198242,9.15195369720459,35.23329544067383,94.23052978515625,44.54569625854492,0.6612471342086792,29.27298355102539,13.666000366210938,16.205970764160156
2016-01-19,21.7534122467041,28.724000930786133,9.159581184387207,35.65927505493164,94.51825714111328,44.17006301879883,0.6666130423545837,29.641897201538086,13.64799976348877,16.636085510253906
2016-01-20,21.782669067382812,28.588499069213867,9.446415901184082,35.633487701416016,93.61534881591797,44.370975494384766,0.6702715754508972,29.118549346923828,13.24666690826416,16.198293685913086
2016-01-21,21.672391891479492,28.750999450683594,9.499817848205566,36.035667419433594,93.42683410644531,44.10015869140625,0.678076982498169,29.27298355102539,13.33133316040039,16.38262176513672
2016-01-22,22.824647903442383,29.819000244140625,9.498290061950684,36.967464447021484,97.17740631103516,45.68141555786133,0.6939311623573303,29.856388092041016,13.50333309173584,16.843460083007812
2016-01-25,22.379060745239258,29.826499938964844,9.49676513671875,36.38031768798828,96.25464630126953,45.244590759277344,0.6931995153427124,29.461729049682617,13.092000007629395,16.735937118530273
2016-01-26,22.502822875976562,30.0625,9.489137649536133,36.38874053955078,96.58206939697266,45.57658004760742,0.7000290751457214,30.225296020507812,12.904000282287598,16.58232307434082
2016-01-27,21.024246215820312,29.167499542236328,9.333514213562012,35.584896087646484,93.71456909179688,44.746646881103516,0.6917359828948975,29.950756072998047,12.538000106811523,16.651443481445312
2016-01-28,21.175024032592773,31.767499923706055,9.640181541442871,37.108299255371094,108.26042175292969,45.48047637939453,0.6841748952865601,30.31108856201172,12.646666526794434,16.613037109375
2016-01-29,21.906450271606445,29.350000381469727,10.200118064880371,37.75545120239258,111.33628845214844,48.12754821777344,0.7144200801849365,31.15186882019043,12.74666690826416,17.16604232788086
2016-02-01,21.7016544342041,28.74049949645996,10.502967834472656,38.222591400146484,114.19386291503906,47.79556655883789,0.7146638631820679,31.16046142578125,13.129332542419434,17.250524520874023
2016-02-02,21.262802124023438,27.604999542236328,10.164262771606445,38.72543716430664,113.71761322021484,46.30168533325195,0.6844189167022705,30.32825469970703,12.185333251953125,17.327329635620117
2016-02-03,21.683643341064453,26.553499221801758,10.020846366882324,37.161861419677734,111.81256103515625,45.567848205566406,0.6878334879875183,30.619949340820312,11.565333366394043,17.603832244873047
2016-02-04,21.857879638671875,26.812999725341797,10.383963584899902,36.20228958129883,109.62968444824219,45.42805862426758,0.6880773305892944,31.27198600769043,11.688667297363281,17.841930389404297
2016-02-05,21.274085998535156,25.10650062561035,9.791991233825684,34.899559020996094,103.25967407226562,43.820613861083984,0.6446607708930969,30.628524780273438,10.84000015258789,17.473262786865234
2016-02-08,21.498104095458984,24.405000686645508,9.29613208770752,34.91939163208008,98.97331237792969,43.165382385253906,0.6151475310325623,30.551315307617188,9.866000175476074,17.51166534423828
2016-02-09,21.493579864501953,24.103500366210938,9.132121086120605,34.76367950439453,98.76494598388672,43.051822662353516,0.6217331886291504,30.096603393554688,9.883333206176758,17.327329635620117
2016-02-10,21.33066177368164,24.52400016784668,9.093216896057129,35.05278778076172,100.21357727050781,43.4274787902832,0.6202696561813354,30.19955825805664,9.57800006866455,17.12763786315918
2016-02-11,21.20168113708496,25.19099998474121,8.872751235961914,35.02849197387695,101.11648559570312,43.40998840332031,0.6170987486839294,29.890695571899414,10.031332969665527,16.89722442626953
2016-02-12,21.26730728149414,25.354000091552734,9.280877113342285,35.05477523803711,101.21570587158203,44.11764144897461,0.6275871992111206,30.491262435913086,10.06933307647705,17.081558227539062
2016-02-16,21.86692237854004,26.05500030517578,9.630265235900879,35.587867736816406,100.81883239746094,44.95352554321289,0.658319890499115,30.628524780273438,10.344667434692383,17.926414489746094
2016-02-17,22.201807022094727,26.704999923706055,9.968972206115723,36.298492431640625,104.38086700439453,46.123779296875,0.6746622323989868,31.426416397094727,11.245332717895508,18.15682601928711
2016-02-18,21.780948638916016,26.25,9.693585395812988,35.581424713134766,102.66433715820312,45.921409606933594,0.7327133417129517,31.426416397094727,11.118000030517578,18.279726028442383
2016-02-19,21.731155395507812,26.7450008392334,9.815637588500977,35.80952835083008,103.75578308105469,45.59585952758789,0.7424697875976562,31.55511474609375,11.10533332824707,18.264360427856445
2016-02-22,21.921228408813477,27.975000381469727,9.965920448303223,36.153690338134766,106.32561492919922,46.32615280151367,0.7688124179840088,31.83823013305664,11.849332809448242,18.402610778808594
2016-02-23,21.42569923400879,27.64699935913086,9.776731491088867,35.57050704956055,104.63884735107422,45.032718658447266,0.7707639336585999,31.357769012451172,11.814000129699707,17.97250747680664
2016-02-24,21.744739532470703,27.70199966430664,9.943037033081055,35.74952697753906,106.04779815673828,45.19110870361328,0.776129961013794,31.426416397094727,11.933333396911621,17.98786163330078
2016-02-25,21.894081115722656,27.75749969482422,10.105523109436035,36.157161712646484,107.2285385131836,45.84221649169922,0.7778372764587402,31.99266242980957,12.495332717895508,18.195234298706055
2016-02-26,21.92801856994629,27.761499404907227,10.15434455871582,35.94590759277344,107.07970428466797,45.13832092285156,0.7727150321006775,31.709548950195312,12.689332962036133,18.256681442260742
2016-02-29,21.878236770629883,27.625999450683594,10.219950675964355,35.56703186035156,106.08747863769531,44.76875686645508,0.7676966190338135,31.55511474609375,12.795332908630371,18.087709426879883
2016-03-01,22.74712371826172,28.95199966430664,10.560184478759766,36.8043098449707,108.96489715576172,46.264564514160156,0.8017239570617676,32.59321212768555,12.423333168029785,18.878801345825195
2016-03-02,22.796903610229492,29.010499954223633,10.44880485534668,36.67091369628906,109.09388732910156,46.59012985229492,0.8063752055168152,32.395896911621094,12.555999755859375,18.90952491760254
2016-03-03,22.96660614013672,28.874500274658203,10.47626781463623,36.27964782714844,108.72676849365234,46.06218719482422,0.7992758750915527,32.50743103027344,13.049332618713379,18.863441467285156
2016-03-04,23.30827522277832,28.756999969482422,11.14223861694336,36.21171569824219,107.5460433959961,45.7806282043457,0.7968283295631409,32.50743103027344,13.402667045593262,18.93256950378418
2016-03-07,23.050329208374023,28.139999389648438,10.947710990905762,35.34785079956055,104.90674591064453,44.9007453918457,0.7916871905326843,32.91065216064453,13.685999870300293,18.97096824645996
2016-03-08,22.86025619506836,28.01300048828125,10.651729583740234,35.38405227661133,105.10519409179688,45.44626235961914,0.7772438526153564,32.73048782348633,13.506667137145996,18.93256950378418
2016-03-09,22.880626678466797,27.973499298095703,10.82947063446045,35.97318649291992,106.67288208007812,46.493343353271484,0.7767542600631714,33.013607025146484,13.914667129516602,19.001691818237305
2016-03-10,22.891942977905273,27.946500778198242,11.017132759094238,36.308414459228516,106.48435974121094,45.798221588134766,0.7755303382873535,32.644683837890625,13.678667068481445,19.001691818237305
2016-03-11,23.138572692871094,28.480499267578125,11.352788925170898,36.93820571899414,108.5580825805664,46.69572830200195,0.7887494564056396,33.416847229003906,13.833333015441895,19.4702091217041
2016-03-14,23.197404861450195,28.668500900268555,11.300914764404297,37.20450210571289,109.03435516357422,46.783687591552734,0.7907080054283142,33.202354431152344,14.34333324432373,19.370359420776367
2016-03-15,23.663522720336914,28.85099983215332,11.326088905334473,37.22087097167969,109.80828094482422,47.15325164794922,0.7867911458015442,33.23667907714844,14.555999755859375,19.109214782714844
2016-03-16,23.978046417236328,28.713499069213867,11.375838279724121,37.55759048461914,111.30651092529297,47.82197189331055,0.8102921843528748,34.50642776489258,14.795332908630371,19.80047035217285
2016-03-17,23.9395809173584,27.972000122070312,11.59933090209961,37.61312484741211,110.15554809570312,48.0947380065918,0.8034374713897705,34.841026306152344,15.092000007629395,19.79279327392578
2016-03-18,23.966732025146484,27.604000091552734,11.67127513885498,37.46089172363281,110.58219909667969,47.06526565551758,0.8276730179786682,35.587432861328125,15.515999794006348,20.000164031982422
2016-03-21,23.964468002319336,27.698999404907227,11.701891899108887,37.79561996459961,110.97908782958984,47.39082336425781,0.8301210403442383,35.6989631652832,15.887999534606934,19.915678024291992
2016-03-22,24.147743225097656,28.02400016784668,11.845014572143555,37.690982818603516,111.37598419189453,47.57560729980469,0.828652024269104,35.50162887573242,15.616000175476074,19.82350730895996
2016-03-23,24.014249801635742,28.48150062561035,11.709543228149414,37.567508697509766,111.6637191772461,47.48760986328125,0.8428505659103394,34.96113204956055,14.838666915893555,19.72366714477539
2016-03-24,23.9101619720459,29.147499084472656,11.710305213928223,37.43262481689453,112.16975402832031,47.698787689208984,0.8440747857093811,35.14988327026367,15.183333396911621,19.762067794799805
2016-03-28,23.801549911499023,28.993499755859375,11.717961311340332,37.355262756347656,112.80477905273438,47.10926055908203,0.8526426553726196,34.849605560302734,15.350666999816895,19.685258865356445
2016-03-29,24.364971160888672,29.69300079345703,11.796797752380371,37.980587005615234,115.23571014404297,48.138729095458984,0.8663515448570251,34.918243408203125,15.342000007629395,19.94640350341797
2016-03-30,24.790361404418945,29.934499740600586,12.011100769042969,38.102088928222656,113.80690002441406,48.43789291381836,0.8754092454910278,35.14988327026367,15.12600040435791,20.322751998901367
2016-03-31,24.661380767822266,29.68199920654297,11.825112342834473,37.83231735229492,113.21157836914062,48.59627151489258,0.872226893901825,35.0984001159668,15.317999839782715,20.12305450439453
2016-04-01,24.88765525817871,29.924999237060547,12.077689170837402,38.16804122924805,115.15631866455078,48.89543533325195,0.8849563598632812,35.31290054321289,15.839332580566406,20.06161117553711
2016-04-04,25.143342971801758,29.659500122070312,11.94068717956543,37.942405700683594,111.67364501953125,48.772247314453125,0.8763883709907532,35.23567199707031,16.465999603271484,19.854232788085938
2016-04-05,24.846927642822266,29.30699920654297,11.865679740905762,37.617591857910156,111.3462142944336,48.00674819946289,0.8751642107963562,34.77238845825195,17.031333923339844,19.59309959411621
2016-04-06,25.107145309448242,30.104000091552734,12.057790756225586,38.08869552612305,112.8246078491211,48.499481201171875,0.8763883709907532,34.96113204956055,17.69466781616211,19.677583694458008
2016-04-07,24.55956268310547,29.571500778198242,11.861087799072266,37.694454193115234,112.75515747070312,47.918758392333984,0.8673309087753296,34.29194259643555,17.14666748046875,19.485570907592773
2016-04-08,24.586713790893555,29.729999542236328,11.951400756835938,37.66221618652344,109.76859283447266,47.88355255126953,0.8729613423347473,34.62654495239258,16.67133331298828,19.41644287109375
2016-04-11,24.668176651000977,29.796499252319336,11.91007137298584,37.56650924682617,108.14134979248047,47.786766052246094,0.8783467411994934,34.65225601196289,16.661333084106445,19.59309959411621
2016-04-12,24.989482879638672,30.15850067138672,11.8962984085083,37.90273666381836,109.74874877929688,48.0859489440918,0.8773676753044128,34.80728530883789,16.521333694458008,19.63918113708496
2016-04-13,25.351516723632812,30.740999221801758,12.206276893615723,38.27912139892578,109.64952850341797,48.70186233520508,0.8993996977806091,35.57368850708008,16.968666076660156,20.100011825561523
2016-04-14,25.365095138549805,31.037500381469727,12.155759811401367,38.451698303222656,109.9769515991211,48.71065902709961,0.901847779750824,35.513423919677734,16.790666580200195,19.431806564331055
2016-04-15,24.855976104736328,31.29450035095215,11.900886535644531,38.6803092956543,108.78629302978516,48.965824127197266,0.9089469909667969,35.32395553588867,16.96733283996582,19.5546932220459
2016-04-18,24.319717407226562,31.767499923706055,11.932267189025879,39.061153411865234,109.5899887084961,49.67853927612305,0.9050302505493164,35.513423919677734,16.92533302307129,19.585418701171875
2016-04-19,24.190738677978516,31.395000457763672,11.562591552734375,38.49433898925781,111.41566467285156,49.616943359375,0.8888731002807617,35.35841369628906,16.4913330078125,19.324277877807617
2016-04-20,24.240516662597656,31.649499893188477,11.727914810180664,38.42838668823242,111.5446548461914,48.91303634643555,0.8923004269599915,35.39286804199219,16.6646671295166,19.29355239868164
2016-04-21,23.978046417236328,31.549999237060547,11.584019660949707,38.6803092956543,112.55673217773438,49.0802001953125,0.8913214206695557,35.298133850097656,16.55266761779785,19.324277877807617
2016-04-22,23.912429809570312,31.024999618530273,11.505952835083008,36.58612060546875,109.69913482666016,45.560646057128906,0.8878941535949707,35.048397064208984,16.916667938232422,19.255151748657227
2016-04-25,23.77666473388672,31.309999465942383,11.411810874938965,36.80630111694336,109.24271392822266,45.85102081298828,0.8923004269599915,35.1172981262207,16.788000106811523,19.209068298339844
2016-04-26,23.61148452758789,30.8439998626709,11.538864135742188,35.971195220947266,107.91314697265625,45.261497497558594,0.8930348753929138,35.005340576171875,16.916000366210938,19.209068298339844
2016-04-27,22.133926391601562,30.328500747680664,11.597799301147461,35.77730178833008,108.04214477539062,44.82155227661133,0.913353443145752,35.17757034301758,16.764667510986328,19.393402099609375
2016-04-28,21.45737075805664,30.100000381469727,11.326852798461914,34.96402359008789,115.82109832763672,43.906463623046875,0.886180579662323,34.729774475097656,16.513999938964844,18.556224822998047
2016-04-29,21.210737228393555,32.97949981689453,11.155409812927246,35.1038703918457,116.66447448730469,43.88006591796875,0.8697789311408997,34.32504653930664,16.05066680908203,18.118427276611328
2016-05-02,21.188112258911133,34.192501068115234,11.180663108825684,35.42768859863281,117.64675903320312,44.531166076660156,0.8812844753265381,34.703941345214844,16.1200008392334,18.195234298706055
2016-05-03,21.536571502685547,33.566001892089844,10.960235595703125,35.13163757324219,116.51564025878906,43.800865173339844,0.870758056640625,34.17003631591797,15.48799991607666,17.911054611206055
2016-05-04,21.312559127807617,33.54499816894531,10.873746871948242,35.276939392089844,117.14073944091797,43.88006591796875,0.8509290218353271,33.834197998046875,14.837332725524902,17.98786163330078
2016-05-05,21.226051330566406,32.954498291015625,10.912781715393066,35.442569732666016,116.89268493652344,43.941650390625,0.8560698628425598,33.782527923583984,14.10200023651123,18.049306869506836
2016-05-06,21.10767364501953,33.6974983215332,10.85997200012207,35.96177291870117,118.55961608886719,44.337608337402344,0.8648828268051147,33.93751525878906,14.328666687011719,17.980182647705078
2016-05-09,21.123615264892578,33.98749923706055,10.899007797241211,36.157657623291016,118.31153869628906,44.05604934692383,0.8636587858200073,33.89447021484375,13.928000450134277,17.949459075927734
2016-05-10,21.267026901245117,35.153499603271484,11.068153381347656,36.665958404541016,119.5617446899414,44.891937255859375,0.8803051710128784,34.462833404541016,13.912667274475098,17.964818954467773
2016-05-11,21.059865951538086,35.6614990234375,11.009984970092773,36.22808074951172,118.5893783569336,44.91834259033203,0.882753312587738,34.144203186035156,13.93066692352295,17.834251403808594
2016-05-12,20.565866470336914,35.89649963378906,10.794915199279785,36.105098724365234,119.34345245361328,45.32308578491211,0.870758056640625,34.29060363769531,13.8186674118042,17.6575984954834
2016-05-13,20.60684585571289,35.49599838256836,10.719141960144043,35.944419860839844,118.87710571289062,44.944732666015625,1.0031952857971191,34.10975646972656,13.840666770935059,17.527023315429688
2016-05-16,21.371746063232422,35.53300094604492,10.918143272399902,36.21567916870117,117.74598693847656,45.60466384887695,1.0328162908554077,34.419776916503906,13.88599967956543,17.749765396118164
2016-05-17,21.282962799072266,34.76350021362305,10.804866790771484,35.714317321777344,116.43626403808594,44.75404357910156,1.0350196361541748,34.10114669799805,13.644000053405762,17.626873016357422
2016-05-18,21.52655029296875,34.872501373291016,11.012282371520996,35.79316329956055,116.73393249511719,45.01986312866211,1.0614579916000366,33.98918533325195,14.07800006866455,18.064664840698242
2016-05-19,21.44459342956543,34.92599868774414,10.925028800964355,35.47232437133789,115.90047454833984,44.585697174072266,1.0661096572875977,33.446678161621094,14.347332954406738,17.85729217529297
2016-05-20,21.67679786682129,35.13999938964844,11.230416297912598,35.78969192504883,116.43626403808594,44.85151672363281,1.085203766822815,33.93751525878906,14.685333251953125,18.364208221435547
2016-05-23,21.952260971069336,34.837501525878906,11.335270881652832,35.56853103637695,115.06702423095703,44.3287467956543,1.086917519569397,33.73945617675781,14.414667129516602,18.64070701599121
2016-05-24,22.286903381347656,35.209999084472656,11.58937931060791,36.3510627746582,116.78353881835938,45.71098327636719,1.1133018732070923,34.3594970703125,14.52733325958252,18.794315338134766
2016-05-25,22.678464889526367,35.41749954223633,11.75393295288086,36.60248565673828,116.97206115722656,46.18058395385742,1.1086382865905762,34.55754852294922,14.638667106628418,18.90952491760254
2016-05-26,22.85830307006836,35.74549865722656,11.711838722229004,36.54446029663086,118.53975677490234,45.97678756713867,1.1204195022583008,34.40254592895508,15.008000373840332,19.04009246826172
2016-05-27,22.844636917114258,35.61199951171875,11.733268737792969,37.07358932495117,118.45045471191406,46.35778045654297,1.1265552043914795,34.505882263183594,14.869333267211914,19.047773361206055
2016-05-31,22.733102798461914,36.13949966430664,11.814399719238281,37.13557815551758,117.8848876953125,46.960304260253906,1.1466808319091797,34.617828369140625,14.881999969482422,18.9863338470459
2016-06-01,22.414379119873047,35.97200012207031,11.845781326293945,37.11623764038086,117.85513305664062,46.827388763427734,1.1488902568817139,34.66950607299805,14.637332916259766,19.393402099609375
2016-06-02,22.245929718017578,36.4119987487793,11.85649585723877,36.90845489501953,118.00395965576172,46.49955749511719,1.1569899320602417,33.291683197021484,14.597332954406738,19.339637756347656
2016-06-03,22.29145622253418,36.277000427246094,12.442012786865234,36.491397857666016,117.54755401611328,45.8881721496582,1.1407907009124756,33.670589447021484,14.599332809448242,19.608457565307617
2016-06-06,22.45307731628418,36.33649826049805,12.463440895080566,36.20376968383789,117.86506652832031,46.1894416809082,1.1349003314971924,33.9633674621582,14.711999893188477,19.5623779296875
2016-06-07,22.544139862060547,36.1870002746582,12.616517066955566,36.254852294921875,116.84306335449219,46.16286087036133,1.137109398841858,33.69640350341797,15.489333152770996,20.015525817871094
2016-06-08,22.523664474487305,36.332000732421875,12.529263496398926,36.842002868652344,117.46817779541016,46.10970687866211,1.1334278583526611,33.82558059692383,15.701333045959473,20.222904205322266
2016-06-09,22.68528938293457,36.38249969482422,12.562939643859863,36.8216667175293,117.63682556152344,45.73755645751953,1.1628800630569458,33.627525329589844,15.290666580200195,20.146100997924805
2016-06-10,22.49860954284668,35.89550018310547,12.308836936950684,36.3589973449707,115.71195220947266,45.613502502441406,1.1339185237884521,33.36058044433594,14.586000442504883,19.86191177368164
2016-06-13,22.159414291381836,35.762001037597656,12.246840476989746,36.294036865234375,113.06272888183594,44.426204681396484,1.1483992338180542,33.257232666015625,14.524666786193848,19.685258865356445
2016-06-14,22.186737060546875,35.96500015258789,12.16877269744873,36.361968994140625,114.04503631591797,44.15153503417969,1.1506085395812988,33.438072204589844,14.330666542053223,19.63918113708496
2016-06-15,22.1138858795166,35.7130012512207,12.161861419677734,36.30940628051758,113.70767974853516,44.02749252319336,1.1623893976211548,33.102203369140625,14.513333320617676,19.846559524536133
2016-06-16,22.207223892211914,35.8754997253418,12.179518699645996,35.91565704345703,113.49930572509766,44.64772415161133,1.1670527458190918,33.27446746826172,14.528667449951172,19.86191177368164
2016-06-17,21.70182991027832,35.31949996948242,11.97758960723877,34.92385482788086,112.13998413085938,44.417354583740234,1.1466808319091797,34.17003631591797,14.364666938781738,19.854232788085938
2016-06-20,21.649484634399414,35.70050048828125,12.048994064331055,35.017086029052734,112.48725891113281,44.36418914794922,1.1672978401184082,34.21310043334961,14.646666526794434,20.25362205505371
2016-06-21,21.833873748779297,35.79100036621094,11.96300220489502,35.15345764160156,113.48938751220703,45.356563568115234,1.1601803302764893,34.43699645996094,14.640666961669922,20.42259979248047
2016-06-22,21.751920700073242,35.529998779296875,11.911561965942383,35.232303619384766,113.02305603027344,45.17935562133789,1.159198522567749,34.4542121887207,13.11066722869873,20.384193420410156
2016-06-23,21.87713050842285,36.104000091552734,12.178752899169922,35.450496673583984,114.18395233154297,45.9945068359375,1.1901241540908813,35.16035842895508,13.09333324432373,20.59156608581543
2016-06-24,21.262479782104492,34.948001861572266,11.418634414672852,33.97916030883789,111.20730590820312,44.15153503417969,1.1223829984664917,33.782527923583984,12.876667022705078,19.72366714477539
2016-06-27,20.952871322631836,34.56800079345703,11.027828216552734,33.77782440185547,108.12152099609375,42.91107177734375,1.1103565692901611,33.136661529541016,13.236666679382324,19.842403411865234
2016-06-28,21.305728912353516,35.397499084472656,11.499255180358887,34.27967834472656,111.8224868774414,43.80598449707031,1.1265552043914795,33.69640350341797,13.452667236328125,20.12928009033203
2016-06-29,21.490131378173828,35.779998779296875,11.900810241699219,34.47457504272461,113.27111053466797,44.78062057495117,1.1449631452560425,34.919227600097656,14.012666702270508,20.559598922729492
2016-06-30,21.763309478759766,35.78099822998047,11.931524276733398,34.888145446777344,113.39016723632812,45.33884048461914,1.153799295425415,35.2464599609375,14.152000427246094,20.902254104614258
2016-07-01,21.829328536987305,36.284000396728516,11.840925216674805,35.22139358520508,113.3008804321289,45.32997131347656,1.1452083587646484,35.31559753417969,14.433333396911621,21.14132308959961
2016-07-05,21.62443733215332,36.404998779296875,11.575264930725098,34.95559310913086,113.310791015625,45.33884048461914,1.1621439456939697,34.91802978515625,14.26533317565918,20.926164627075195
2016-07-06,21.74736976623535,36.88050079345703,11.565285682678223,35.157920837402344,115.79132080078125,45.52490234375,1.1695070266723633,35.0303840637207,14.295999526977539,20.838504791259766
2016-07-07,21.840709686279297,36.82849884033203,11.592927932739258,35.0731201171875,114.94794464111328,45.52490234375,1.1999415159225464,35.0303840637207,14.395999908447266,20.96601104736328
2016-07-08,22.00916290283203,37.29050064086914,11.911561965942383,35.59480667114258,116.32711791992188,46.340065002441406,1.2480467557907104,35.32426834106445,14.45199966430664,21.30069923400879
2016-07-11,22.077457427978516,37.68899917602539,12.082009315490723,36.061954498291016,116.95222473144531,46.59702682495117,1.2767629623413086,35.24646759033203,14.985333442687988,21.675235748291016
2016-07-12,22.177627563476562,37.410499572753906,12.176447868347168,36.32527542114258,117.01174926757812,47.1463623046875,1.295906901359558,35.79963302612305,14.976667404174805,21.49195098876953
2016-07-13,22.052427291870117,37.131500244140625,12.08584976196289,36.175010681152344,115.8707046508789,47.41217803955078,1.2954161167144775,35.834205627441406,14.835332870483398,21.428199768066406
2016-07-14,22.4895076751709,37.060001373291016,12.345364570617676,36.48842239379883,116.37672424316406,47.61597442626953,1.3086695671081543,36.01570510864258,14.768667221069336,21.603513717651367
2016-07-15,22.487228393554688,36.77199935913086,12.373772621154785,36.47999572753906,115.9500732421875,47.580535888671875,1.2934529781341553,36.10212707519531,14.69333267211914,21.523826599121094
2016-07-18,22.72626495361328,36.80350112915039,12.463604927062988,37.351287841796875,118.44053649902344,47.810909271240234,1.3000797033309937,35.989768981933594,15.083333015441895,22.025861740112305
2016-07-19,22.73537254333496,36.997501373291016,12.325401306152344,37.36170959472656,119.67088317871094,47.0400390625,1.3135783672332764,35.505760192871094,15.017333030700684,21.731016159057617
2016-07-20,22.755863189697266,37.2859992980957,12.48971176147461,37.543701171875,120.97068786621094,49.5386848449707,1.330759048461914,35.652687072753906,15.223999977111816,21.954139709472656
2016-07-21,22.63520050048828,37.221500396728516,12.316189765930176,37.41129684448242,119.67088317871094,49.441219329833984,1.3062154054641724,35.49711227416992,14.699999809265137,21.898361206054688
2016-07-22,22.459915161132812,37.24300003051758,12.25937271118164,37.652801513671875,120.05785369873047,50.123470306396484,1.3418035507202148,35.505760192871094,14.817999839782715,22.10555076599121
2016-07-25,22.159414291381836,36.980499267578125,12.267815589904785,37.56552505493164,120.68293762207031,50.26523208618164,1.3665928840637207,35.574893951416016,15.333999633789062,22.20117950439453
2016-07-26,22.00689125061035,36.77949905395508,12.548828125,37.57196807861328,120.27613830566406,50.29181671142578,1.3899091482162476,35.3847541809082,15.300666809082031,22.57571792602539
2016-07-27,23.436527252197266,36.833499908447266,12.719276428222656,37.786197662353516,122.379638671875,49.78677749633789,1.3759191036224365,35.376102447509766,15.232666969299316,22.392433166503906
2016-07-28,23.752967834472656,37.63050079345703,12.609485626220703,37.97811508178711,124.02669525146484,49.804500579833984,1.3788644075393677,35.600826263427734,15.37399959564209,22.42430305480957
2016-07-29,23.723371505737305,37.94049835205078,12.436731338500977,39.2426643371582,122.97496032714844,50.22093963623047,1.401444911956787,35.4711799621582,15.652667045593262,22.137426376342773
2016-08-01,24.142244338989258,38.387001037597656,12.554203033447266,39.71872329711914,123.34207916259766,50.13232421875,1.39236319065094,35.566253662109375,15.333999633789062,22.806814193725586
2016-08-02,23.78483772277832,38.02899932861328,12.506601333618164,39.67805862426758,122.13158416748047,50.13232421875,1.3754286766052246,35.18595886230469,15.146666526794434,22.44024085998535
2016-08-03,24.08305549621582,37.731998443603516,12.60027027130127,39.618553161621094,121.55609130859375,50.477882385253906,1.3791099786758423,35.18595886230469,15.052666664123535,22.44024085998535
2016-08-04,24.231830596923828,38.03850173950195,12.821396827697754,39.535736083984375,123.39168548583984,50.85001754760742,1.4046354293823242,35.35016632080078,15.37399959564209,22.631494522094727
2016-08-05,24.60032844543457,38.29899978637695,13.061711311340332,40.01576614379883,124.175537109375,51.35506820678711,1.4284429550170898,35.54896926879883,15.335332870483398,22.942279815673828
2016-08-08,24.804033279418945,38.327999114990234,12.925813674926758,39.93147277832031,124.28467559814453,51.44367218017578,1.4416965246200562,35.574893951416016,15.077333450317383,23.18134880065918
2016-08-09,24.904739379882812,38.41550064086914,13.142338752746582,40.04304504394531,124.08622741699219,51.56771469116211,1.445378303527832,35.523048400878906,15.272000312805176,23.428375244140625
2016-08-10,24.71934700012207,38.428001403808594,13.194541931152344,40.09313201904297,123.90763092041016,51.408233642578125,1.4360511302947998,35.51438903808594,15.043333053588867,23.28493881225586
2016-08-11,24.703330993652344,38.5620002746582,13.212970733642578,40.07875061035156,123.92748260498047,51.65631103515625,1.4652581214904785,35.67861557006836,14.994000434875488,23.22119140625
2016-08-12,24.76055335998535,38.62799835205078,13.242146492004395,40.02172088623047,123.90763092041016,51.33735656738281,1.5472341775894165,35.51438903808594,15.040666580200195,23.300874710083008
2016-08-15,25.058101654052734,38.42449951171875,13.47785758972168,39.96766662597656,122.93526458740234,51.49684524536133,1.5457617044448853,35.7736930847168,15.03933334350586,23.420412063598633
2016-08-16,25.035205841064453,38.20199966430664,13.236771583557129,39.73112487792969,122.33995056152344,51.2115364074707,1.5364351272583008,35.71318435668945,14.907333374023438,23.173372268676758
2016-08-17,24.998580932617188,38.23149871826172,13.285146713256836,39.940887451171875,123.401611328125,51.31853103637695,1.5008466243743896,35.61812210083008,14.88266658782959,23.09368896484375
2016-08-18,24.966541290283203,38.222999572753906,13.354243278503418,39.80848693847656,122.94519805908203,51.35418701171875,1.5241632461547852,35.55760955810547,14.900667190551758,23.23712730407715
2016-08-19,25.03062629699707,37.865501403808594,13.431026458740234,39.654747009277344,122.59791564941406,51.37202072143555,1.5280901193618774,35.71318435668945,15.0,22.82274627685547
2016-08-22,24.83608627319336,37.9739990234375,13.507801055908203,39.52085876464844,123.18331909179688,51.41659164428711,1.5344716310501099,35.62675094604492,14.862000465393066,22.631494522094727
2016-08-23,24.913896560668945,38.122501373291016,13.616066932678223,39.50300598144531,123.401611328125,51.612735748291016,1.5468889474868774,35.8687629699707,14.989333152770996,22.7111759185791
2016-08-24,24.726213455200195,37.86249923706055,13.45943546295166,39.354740142822266,122.51853942871094,51.66623306274414,1.5230376720428467,35.49711227416992,14.841333389282227,22.623525619506836
2016-08-25,24.62092399597168,37.96099853515625,13.516252517700195,39.24066925048828,122.92533111572266,51.86238098144531,1.5129562616348267,35.523048400878906,14.730667114257812,22.79087257385254
2016-08-26,24.476734161376953,38.45000076293945,13.602242469787598,39.33588790893555,123.98701477050781,51.73756408691406,1.5252505540847778,35.66131591796875,14.666000366210938,22.82274627685547
2016-08-29,24.44926643371582,38.56449890136719,13.620670318603516,39.46482467651367,125.55471801757812,51.79996109008789,1.5242670774459839,35.70454406738281,14.346667289733887,22.870559692382812
2016-08-30,24.261581420898438,38.37900161743164,13.589962005615234,39.27142333984375,124.86015319824219,51.612735748291016,1.5154151916503906,35.70454406738281,14.089332580566406,22.806814193725586
2016-08-31,24.284465789794922,38.45800018310547,13.545424461364746,39.16877365112305,125.13798522949219,51.2293701171875,1.5082844495773315,35.62675094604492,14.133999824523926,22.90243148803711
2016-09-01,24.428668975830078,38.53099822998047,13.596867561340332,39.245635986328125,125.18758392333984,51.34527587890625,1.5527899265289307,35.574893951416016,13.38466739654541,23.07775115966797
2016-09-02,24.657543182373047,38.62200164794922,13.29128646850586,39.51689529418945,125.52494812011719,51.41659164428711,1.5375456809997559,35.652687072753906,13.185333251953125,23.22119140625
2016-09-06,24.650678634643555,39.44350051879883,13.136960983276367,40.06982421875,128.71986389160156,51.363094329833984,1.5520528554916382,35.652687072753906,13.522000312805176,23.500099182128906
2016-09-07,24.80175018310547,39.2239990234375,12.968045234680176,40.068336486816406,130.0296173095703,51.407684326171875,1.5291849374771118,35.652687072753906,13.447333335876465,23.763071060180664
2016-09-08,24.151729583740234,39.202999114990234,12.928119659423828,39.812950134277344,129.25567626953125,51.2026252746582,1.5402501821517944,35.19461441040039,13.157333374023438,23.739160537719727
2016-09-09,23.604694366455078,38.00699996948242,12.34459400177002,39.100830078125,126.1103515625,50.11491012573242,1.4635324478149414,34.59823226928711,12.964667320251465,22.78290367126465
2016-09-12,24.133407592773438,38.574501037597656,12.628679275512695,39.61359405517578,127.68797302246094,50.86381912231445,1.493776798248291,35.160037994384766,13.220000267028809,23.101652145385742
2016-09-13,24.707908630371094,38.050498962402344,12.687029838562012,39.11273193359375,126.21949768066406,50.400211334228516,1.4721390008926392,34.727882385253906,13.069999694824219,22.703210830688477
2016-09-14,25.582239151000977,38.054500579833984,13.022555351257324,39.19901657104492,126.7751235961914,50.15947723388672,1.485170602798462,34.78838348388672,13.093999862670898,22.806814193725586
2016-09-15,26.45199203491211,38.484500885009766,13.301336288452148,39.73310852050781,127.35062408447266,50.988643646240234,1.541479468345642,35.31559753417969,13.361332893371582,23.253063201904297
2016-09-16,26.303218841552734,38.92599868774414,13.187360763549805,39.571441650390625,128.0650177001953,51.042137145996094,1.5451676845550537,33.63884735107422,13.69333267211914,23.037906646728516
2016-09-19,25.996509552001953,38.755001068115234,13.148085594177246,39.44349670410156,127.64826965332031,50.7568359375,1.5655765533447266,33.90678787231445,13.755999565124512,23.850727081298828
2016-09-20,25.994226455688477,39.01100158691406,12.955560684204102,39.66119384765625,127.63835144042969,50.64985275268555,1.5513149499893188,33.76849365234375,13.642666816711426,23.826820373535156
2016-09-21,25.989654541015625,39.48699951171875,13.078776359558105,39.92155075073242,128.92823791503906,51.49684143066406,1.5948376655578613,34.14878845214844,13.6813325881958,24.304948806762695
2016-09-22,26.23455810546875,40.23500061035156,13.002533912658691,40.46306610107422,129.067138671875,51.55034255981445,1.5987716913223267,34.14878845214844,13.76200008392334,24.432453155517578
2016-09-23,25.797388076782227,40.287498474121094,12.833882331848145,40.41397476196289,126.9636459350586,51.2026252746582,1.5970501899719238,33.90678787231445,13.829999923706055,24.002134323120117
2016-09-26,25.83629608154297,39.95800018310547,12.836963653564453,39.80352783203125,126.31871032714844,50.730098724365234,1.582051396369934,33.73393249511719,13.932666778564453,23.779008865356445
2016-09-27,25.884366989135742,40.80550003051758,13.158093452453613,40.2042121887207,127.68797302246094,51.66623306274414,1.6361464262008667,33.967281341552734,13.720666885375977,24.22525978088379
2016-09-28,26.081205368041992,41.43600082397461,13.145773887634277,40.170989990234375,128.22377014160156,51.73756408691406,1.6420478820800781,34.08829879760742,13.751333236694336,24.169477462768555
2016-09-29,25.67608642578125,41.45249938964844,13.281319618225098,39.803035736083984,127.09264373779297,51.17587661743164,1.6572930812835693,33.81171798706055,13.380000114440918,24.22525978088379
2016-09-30,25.87520980834961,41.865501403808594,13.285934448242188,39.873443603515625,127.27124786376953,51.35418701171875,1.6848326921463013,33.95000076293945,13.60200023651123,24.376672744750977
2016-10-03,25.7539005279541,41.83700180053711,13.097257614135742,39.690956115722656,127.7673568725586,51.19369888305664,1.683111548423767,33.69934844970703,14.24666690826416,24.480262756347656
2016-10-04,25.863765716552734,41.701499938964844,13.018705368041992,39.81046676635742,127.19186401367188,51.03322219848633,1.679423213005066,33.595645904541016,14.093999862670898,24.2172908782959
2016-10-05,25.87520980834961,42.21799850463867,13.359865188598633,39.73310852050781,127.46968841552734,51.38985061645508,1.6777023077011108,33.83765411376953,13.897333145141602,24.328859329223633
2016-10-06,26.06746482849121,42.08300018310547,13.414545059204102,39.82484817504883,127.73759460449219,51.47901916503906,1.655818223953247,33.595645904541016,13.399999618530273,24.520111083984375
2016-10-07,26.106380462646484,41.971500396728516,13.416081428527832,39.707313537597656,127.98564147949219,51.532493591308594,1.643769383430481,33.58696365356445,13.107333183288574,24.846837997436523
2016-10-10,26.561857223510742,42.08549880981445,13.459210395812988,40.37480545043945,129.22589111328125,51.746482849121094,1.649916648864746,33.50887680053711,13.396666526794434,24.9265193939209
2016-10-11,26.619081497192383,41.54999923706055,13.181973457336426,40.14668655395508,127.87649536132812,50.988643646240234,1.6260652542114258,32.97958755493164,13.34000015258789,24.488231658935547
2016-10-12,26.85711669921875,41.704498291015625,13.128067016601562,40.25579071044922,128.045166015625,50.91732406616211,1.633441686630249,33.01430892944336,13.434000015258789,24.982297897338867
2016-10-13,26.774715423583984,41.4640007019043,13.010235786437988,39.87443542480469,126.82474517822266,50.74790573120117,1.6068856716156006,32.9969596862793,13.349332809448242,24.328859329223633
2016-10-14,26.923486709594727,41.14799880981445,13.098798751831055,39.90022277832031,126.88427734375,51.19369888305664,1.622623085975647,33.326656341552734,13.100666999816895,24.432453155517578
2016-10-17,26.905179977416992,40.647499084472656,13.005617141723633,40.01130294799805,126.54692840576172,51.01539993286133,1.613278865814209,33.22254943847656,12.93066692352295,24.360733032226562
2016-10-18,26.886873245239258,40.88249969482422,13.258977890014648,40.7378044128418,127.56891632080078,51.407684326171875,1.6378676891326904,33.335330963134766,13.273332595825195,24.59183120727539
2016-10-19,26.806760787963867,40.884498596191406,13.23587703704834,41.00310516357422,129.09693908691406,51.29176712036133,1.6344255208969116,33.274600982666016,13.570667266845703,24.68745231628418
2016-10-20,26.79302978515625,40.51599884033203,13.354475021362305,40.744747161865234,128.98777770996094,51.042137145996094,1.6654075384140015,33.049015045166016,13.273332595825195,24.751201629638672
2016-10-21,26.687746047973633,40.949501037597656,13.31673526763916,40.8652458190918,131.0416717529297,53.19081115722656,1.6607357263565063,32.91018295288086,13.339332580566406,24.767141342163086
2016-10-24,26.928070068359375,41.90449905395508,13.596292495727539,41.4444580078125,132.2422332763672,54.385501861572266,1.738682508468628,33.20519256591797,13.517333030700684,25.030113220214844
2016-10-25,27.065397262573242,41.75899887084961,13.372956275939941,41.087913513183594,131.2599334716797,54.376590728759766,1.7672055959701538,33.28329086303711,13.489333152770996,25.14167594909668
2016-10-26,26.45656967163086,41.12950134277344,13.322897911071777,40.76805114746094,130.01966857910156,54.055633544921875,1.7743364572525024,33.239906311035156,13.482666969299316,24.8707332611084
2016-10-27,26.20250701904297,40.917999267578125,13.264373779296875,40.532501220703125,128.68017578125,53.583099365234375,1.7379448413848877,33.16181945800781,13.600666999816895,24.520111083984375
2016-10-28,26.02855682373047,38.816001892089844,13.0418119430542,40.642093658447266,130.26773071289062,53.378047943115234,1.7349945306777954,33.1184196472168,13.33133316040039,24.520111083984375
2016-10-31,25.98736000061035,39.49100112915039,13.11343002319336,40.163047790527344,129.9700469970703,53.422611236572266,1.749747633934021,33.335330963134766,13.182000160217285,24.783077239990234
2016-11-01,25.518150329589844,39.27050018310547,12.9994535446167,39.94386672973633,128.49163818359375,53.31563949584961,1.6978651285171509,33.37003707885742,12.719332695007324,24.472293853759766
2016-11-02,25.541034698486328,38.27799987792969,13.289018630981445,39.097862243652344,126.17980194091797,52.98575210571289,1.6907343864440918,32.9969596862793,12.534667015075684,24.2172908782959
2016-11-03,25.267271041870117,38.35150146484375,13.322131156921387,38.78891372680664,119.06563568115234,52.78960418701172,1.6710630655288696,33.239906311035156,12.494667053222656,24.129636764526367
2016-11-04,25.03951072692871,37.752498626708984,13.258977890014648,38.734859466552734,119.80979919433594,52.34381866455078,1.661473035812378,33.21387481689453,12.704000473022461,24.097759246826172
2016-11-07,25.40070343017578,39.246498107910156,13.6278657913208,39.77278137207031,121.19889831542969,53.868404388427734,1.7524523735046387,33.91666793823242,12.880666732788086,24.982297897338867
2016-11-08,25.550247192382812,39.38750076293945,13.630943298339844,40.266197204589844,123.25276947021484,53.9129753112793,1.749747633934021,33.95136260986328,12.996000289916992,24.974336624145508
2016-11-09,25.50882911682129,38.59400177001953,13.355244636535645,39.949317932128906,122.22087097167969,53.6455192565918,1.7202407121658325,34.31578826904297,12.670666694641113,24.376672744750977
2016-11-10,24.797956466674805,37.11899948120117,12.933226585388184,38.69468688964844,119.85941314697266,52.33491134643555,1.6663910150527954,34.34183120727539,12.356666564941406,23.460256576538086
2016-11-11,24.9451847076416,36.95050048828125,12.902423858642578,38.27119064331055,118.09326934814453,52.62019729614258,2.1630873680114746,34.229026794433594,12.570667266845703,23.850727081298828
2016-11-14,24.31943130493164,35.95349884033203,12.612861633300781,37.35228729248047,114.18395233154297,51.81781768798828,2.0566177368164062,34.09886932373047,12.096667289733887,22.990097045898438
2016-11-15,24.64151382446289,37.1619987487793,12.818479537963867,38.4402961730957,116.28743743896484,52.84104919433594,2.119319200515747,33.986080169677734,12.251333236694336,23.269001007080078
2016-11-16,25.3040828704834,37.324501037597656,12.924756050109863,38.6793212890625,115.43412780761719,53.541168212890625,2.253082275390625,34.44593048095703,12.26200008392334,23.794946670532227
2016-11-17,25.294876098632812,37.81999969482422,12.863913536071777,38.985782623291016,116.87284088134766,54.429779052734375,2.2717714309692383,34.92314910888672,12.577333450317383,23.48415756225586
2016-11-18,25.3201847076416,38.007999420166016,12.950167655944824,38.480464935302734,116.10883331298828,54.16948699951172,2.295621633529663,34.58477020263672,12.334667205810547,23.48415756225586
2016-11-21,25.70438003540039,39.0,13.29055404663086,38.91834259033203,120.82185363769531,54.62725067138672,2.2862775325775146,34.61079406738281,12.3013334274292,23.62760353088379
2016-11-22,25.720483779907227,39.26649856567383,13.632488250732422,38.92825698852539,120.52418518066406,54.860618591308594,2.3027517795562744,34.78432846069336,12.744667053222656,23.834789276123047
2016-11-23,25.589351654052734,39.00600051879883,13.637100219726562,38.63071823120117,119.89909362792969,54.2143669128418,2.3140807151794434,34.792991638183594,12.87600040435791,23.818851470947266
2016-11-25,25.71818733215332,39.01850128173828,13.61169147491455,38.691715240478516,119.44266510009766,54.33104705810547,2.3187594413757324,34.94050979614258,13.109999656677246,23.635562896728516
2016-11-28,25.667572021484375,38.3385009765625,13.449971199035645,38.967430114746094,119.47244262695312,54.40285110473633,2.317528009414673,34.966529846191406,13.074666976928711,23.635562896728516
2016-11-29,25.642269134521484,38.125999450683594,13.511576652526855,39.148441314697266,119.9288558959961,54.83369445800781,2.2963502407073975,35.183448791503906,12.637999534606934,23.547908782958984
2016-11-30,25.426008224487305,37.528499603271484,13.129598617553711,38.47599411010742,117.49793243408203,54.088706970214844,2.2704927921295166,34.87108612060547,12.626667022705078,23.659475326538086
2016-12-01,25.189048767089844,37.182498931884766,12.536617279052734,37.903236389160156,114.20378875732422,53.137245178222656,2.1581993103027344,33.57829284667969,12.125332832336426,22.751022338867188
2016-12-02,25.28337287902832,37.016998291015625,12.646746635437012,37.9096794128418,114.50146484375,53.18212890625,2.1781458854675293,33.40474319458008,12.097999572753906,22.99806022644043
2016-12-05,25.101633071899414,37.96799850463867,12.793837547302246,38.592037200927734,116.51564025878906,54.05280685424805,2.2626125812530518,33.812564849853516,12.453332901000977,23.125558853149414
2016-12-06,25.294876098632812,38.236000061035156,12.68833065032959,38.490867614746094,116.3965835571289,53.810447692871094,2.299797534942627,34.246368408203125,12.390000343322754,23.516036987304688
2016-12-07,25.543336868286133,38.520999908447266,12.98020076751709,39.249107360839844,117.0315933227539,55.085025787353516,2.3411693572998047,34.98387908935547,12.876667022705078,23.850727081298828
2016-12-08,25.794105529785156,38.36650085449219,13.14654541015625,39.43258285522461,117.98412322998047,54.76189041137695,2.3020143508911133,35.00992202758789,12.81933307647705,23.938386917114258
2016-12-09,26.215110778808594,38.43299865722656,13.791902542114258,40.1407356262207,118.74813079833984,55.62358093261719,2.2611351013183594,35.15742874145508,12.812000274658203,24.002134323120117
2016-12-12,26.06557273864746,38.00600051879883,13.720274925231934,40.063873291015625,116.85298919677734,55.80309295654297,2.2062201499938965,35.14874267578125,12.828666687011719,23.826820373535156
2016-12-13,26.500383377075195,38.71699905395508,13.818854331970215,40.432823181152344,119.37322998046875,56.53014373779297,2.2451281547546387,35.365657806396484,13.210000038146973,24.19338607788086
2016-12-14,26.500383377075195,38.441001892089844,13.756889343261719,40.55927658081055,119.27398681640625,56.26085662841797,2.375152111053467,35.46977233886719,13.246000289916992,23.802915573120117
2016-12-15,26.64531135559082,38.04999923706055,13.941998481750488,40.44819641113281,119.63119506835938,56.17109298706055,2.4308066368103027,35.45241165161133,13.17199993133545,24.03400421142578
2016-12-16,26.67983055114746,37.88850021362305,13.81885051727295,40.16007995605469,118.9366455078125,55.91978073120117,2.472670078277588,33.92536163330078,13.499333381652832,23.492130279541016
2016-12-19,26.833959579467773,38.29999923706055,13.97685432434082,40.29198455810547,118.31153869628906,57.1046028137207,2.502713680267334,33.75181198120117,13.51533317565918,23.324787139892578
2016-12-20,26.905288696289062,38.56100082397461,14.101550102233887,40.425880432128906,118.1627197265625,57.03278732299805,2.589888572692871,33.83856964111328,13.919333457946777,23.356657028198242
2016-12-21,26.930587768554688,38.529998779296875,14.118587493896484,40.27711486816406,118.11312103271484,57.03278732299805,2.6061418056488037,33.691078186035156,13.846667289733887,23.22119140625
2016-12-22,26.753442764282227,38.31700134277344,13.987693786621094,40.15214538574219,116.48588562011719,57.041748046875,2.6376636028289795,33.80387496948242,13.896666526794434,22.90243148803711
2016-12-23,26.806360244750977,38.02949905395508,14.091483116149902,40.05891036987305,116.35688018798828,56.76352310180664,2.703413248062134,33.647705078125,14.22266674041748,23.149463653564453
2016-12-27,26.976598739624023,38.56999969482422,14.120137214660645,40.1645393371582,117.09112548828125,56.799415588378906,2.889091730117798,33.682403564453125,14.635333061218262,23.189311981201172
2016-12-28,26.861570358276367,38.60649871826172,13.955936431884766,39.89874267578125,116.00961303710938,56.53913116455078,2.6903610229492188,33.560935974121094,14.649333000183105,23.20525550842285
2016-12-29,26.854671478271484,38.25749969482422,13.931156158447266,39.81492614746094,115.44404602050781,56.45833969116211,2.7440454959869385,33.56960678100586,14.312000274658203,23.21321678161621
2016-12-30,26.64531135559082,37.493499755859375,13.691060066223145,39.29771041870117,114.15418243408203,55.77616882324219,2.6285500526428223,33.36138153076172,14.246000289916992,22.910404205322266
2017-01-03,26.721237182617188,37.68349838256836,13.812653541564941,40.0693244934082,115.9500732421875,56.17109298706055,2.5120718479156494,33.579139709472656,14.465999603271484,23.356657028198242
2017-01-04,26.691335678100586,37.85900115966797,13.714295387268066,40.05742263793945,117.76583862304688,55.91978073120117,2.570680856704712,33.74464416503906,15.13266658782959,23.348691940307617
2017-01-05,26.827062606811523,39.022499084472656,13.498202323913574,40.317771911621094,119.73041534423828,55.91978073120117,2.505422353744507,33.657527923583984,15.116666793823242,23.747129440307617
2017-01-06,27.12613868713379,39.79949951171875,13.677114486694336,40.92227554321289,122.44908905029297,56.404476165771484,2.5389130115509033,33.492034912109375,15.267333030700684,23.61166763305664
2017-01-09,27.374603271484375,39.84600067138672,13.70654582977295,41.01996612548828,123.92748260498047,56.224952697753906,2.6418492794036865,33.99724578857422,15.41866683959961,23.938386917114258
2017-01-10,27.402206420898438,39.79499816894531,13.985371589660645,40.96194839477539,123.38175201416016,56.207008361816406,2.6219027042388916,33.67494583129883,15.324666976928711,23.962284088134766
2017-01-11,27.549449920654297,39.95100021362305,13.896306037902832,41.15287399291992,125.10820770263672,56.71863555908203,2.589641571044922,34.06692886352539,15.315333366394043,24.041980743408203
2017-01-12,27.434417724609375,40.68199920654297,13.852932929992676,41.13650894165039,125.63408660888672,56.198036193847656,2.5472865104675293,34.14532470703125,15.305999755859375,23.340713500976562
2017-01-13,27.3861083984375,40.856998443603516,13.976076126098633,41.20642852783203,127.34070587158203,56.2788200378418,2.54703950881958,34.19758987426758,15.850000381469727,23.460256576538086
2017-01-17,27.606952667236328,40.486000061035156,13.872291564941406,41.03385543823242,126.87437438964844,56.126220703125,2.489908218383789,34.05821228027344,15.70533275604248,23.603696823120117
2017-01-18,27.604660034179688,40.374000549316406,14.330026626586914,41.1112174987793,126.92398071289062,56.09929656982422,2.535219192504883,34.13660430908203,15.890666961669922,23.500099182128906
2017-01-19,27.556350708007812,40.45199966430664,14.371851921081543,40.880619049072266,126.55685424804688,55.91978073120117,2.589641571044922,34.15403366088867,16.250667572021484,23.61166763305664
2017-01-20,27.606952667236328,40.416500091552734,14.799386024475098,41.06906509399414,126.05082702636719,56.314720153808594,2.5613222122192383,34.72892379760742,16.315332412719727,23.962284088134766
2017-01-23,27.6253662109375,40.89400100708008,14.793192863464355,41.87540054321289,127.92607879638672,56.5121955871582,2.587918519973755,34.56343078613281,16.594667434692383,24.169477462768555
2017-01-24,27.600061416625977,41.12200164794922,15.31597900390625,42.12831497192383,128.3626708984375,57.014827728271484,2.643080472946167,34.92926788330078,16.974000930786133,24.559951782226562
2017-01-25,28.03946876525879,41.82600021362305,15.682333946228027,42.570655822753906,130.4562530517578,57.15845489501953,2.6544086933135986,34.972816467285156,16.96466636657715,24.950424194335938
2017-01-26,28.05327606201172,41.95750045776367,15.813220977783203,42.49775695800781,131.74610900878906,57.68802261352539,2.7002124786376953,34.95539855957031,16.833999633789062,24.791051864624023
2017-01-27,28.055572509765625,41.78850173950195,15.932494163513184,41.905147552490234,131.15078735351562,59.043399810791016,2.7524189949035645,35.04250717163086,16.863332748413086,24.902612686157227
2017-01-30,27.981950759887695,41.51900100708008,15.739642143249512,40.85384750366211,129.9601287841797,58.45994567871094,2.7093236446380615,35.04250717163086,16.708667755126953,24.854799270629883
2017-01-31,27.91753578186035,41.17399978637695,15.451520919799805,40.67333221435547,129.30528259277344,58.029117584228516,2.688638687133789,34.93796920776367,16.795333862304688,24.631675720214844
2017-02-01,29.619966506958008,41.61750030517578,15.776042938232422,40.4278678894043,132.192626953125,57.06869888305664,2.806102991104126,34.702789306640625,16.615999221801758,24.767141342163086
2017-02-02,29.569355010986328,41.997501373291016,15.803930282592773,40.5776252746582,129.8212432861328,56.700687408447266,2.8415634632110596,34.82473373413086,16.770000457763672,24.528079986572266
2017-02-03,29.695886611938477,40.5099983215332,15.96734619140625,40.67035675048828,129.9601287841797,57.15845489501953,2.8166918754577637,35.21672439575195,16.755332946777344,24.679485321044922
2017-02-06,29.974252700805664,40.38199996948242,15.998331069946289,40.74425506591797,131.03172302246094,57.1225471496582,2.888845443725586,34.92926788330078,17.184667587280273,24.599796295166016
2017-02-07,30.25952911376953,40.625,15.947986602783203,41.12162780761719,130.8134307861328,56.93405532836914,2.933664083480835,34.90313720703125,17.165332794189453,24.320884704589844
2017-02-08,30.37685203552246,40.98550033569336,16.023889541625977,41.15386199951172,133.1550750732422,56.853267669677734,2.92085862159729,34.859580993652344,17.472000122070312,24.169477462768555
2017-02-09,30.59636688232422,41.06800079345703,15.903843879699707,41.16278839111328,133.0955352783203,57.499542236328125,2.8659422397613525,35.04250717163086,17.946666717529297,24.073854446411133
2017-02-10,30.527042388916016,41.37300109863281,15.917781829833984,41.400333404541016,133.14517211914062,57.445682525634766,2.797976016998291,35.53028869628906,17.948667526245117,24.472293853759766
2017-02-13,30.797380447387695,41.826499938964844,16.00994873046875,41.60414505004883,133.00625610351562,58.091949462890625,2.6689372062683105,35.79160690307617,18.706666946411133,25.25324058532715
2017-02-14,31.19709014892578,41.81949996948242,15.903069496154785,41.65719985961914,132.8078155517578,58.30867385864258,2.6787874698638916,35.80032730102539,18.73200035095215,24.966358184814453
2017-02-15,31.31031608581543,42.1349983215332,15.954181671142578,41.52281951904297,132.40098571777344,58.27254867553711,2.6842048168182373,36.07035446166992,18.650667190551758,25.301054000854492
2017-02-16,31.273353576660156,42.207000732421875,16.123804092407227,41.76333236694336,132.79788208007812,58.26351547241211,2.6411099433898926,36.22713851928711,17.93000030517578,25.755279541015625
2017-02-17,31.358848571777344,42.253501892089844,16.296506881713867,41.98053741455078,132.4902801513672,58.35382080078125,2.6406173706054688,36.63654708862305,18.148666381835938,25.771215438842773
2017-02-21,31.585285186767578,42.821998596191406,16.47774887084961,42.115421295166016,132.6787872314453,58.236419677734375,2.735179901123047,36.8194580078125,18.492666244506836,25.76325035095215
2017-02-22,31.680004119873047,42.78049850463867,16.586956024169922,42.21906661987305,135.06011962890625,58.119041442871094,2.7309889793395996,37.028507232666016,18.233999252319336,25.556055068969727
2017-02-23,31.545991897583008,42.609500885009766,16.30968475341797,42.201210021972656,134.30601501464844,58.35382080078125,2.4777631759643555,37.42047119140625,17.06599998474121,25.301054000854492
2017-02-24,31.57604217529297,42.262001037597656,16.293418884277344,42.04301834106445,134.3854217529297,58.35382080078125,2.5016796588897705,37.603389739990234,17.133333206176758,25.4365234375
2017-02-27,31.638412475585938,42.43199920654297,16.518800735473633,42.135257720947266,135.3478546142578,58.00164794921875,2.574418306350708,37.19401550292969,16.415332794189453,25.12574005126953
2017-02-28,31.65228843688965,42.25199890136719,16.3367919921875,41.90018844604492,134.484619140625,57.77587890625,2.5021729469299316,37.09819793701172,16.666000366210938,25.077930450439453
2017-03-01,32.29923629760742,42.65399932861328,16.662864685058594,42.48635482788086,136.3500213623047,58.642784118652344,2.5344738960266113,37.3856315612793,16.667999267578125,25.16558074951172
2017-03-02,32.10747146606445,42.445499420166016,16.82938575744629,42.14418029785156,135.6951446533203,57.802978515625,2.4410247802734375,37.35951232910156,16.698667526245117,24.599796295166016
2017-03-03,32.296932220458984,42.49399948120117,16.909156799316406,42.10599136352539,136.10194396972656,58.01969528198242,2.4269697666168213,37.18529510498047,16.771333694458008,24.5838623046875
2017-03-06,32.19526672363281,42.330501556396484,16.879728317260742,42.016231536865234,136.3500213623047,58.03774642944336,2.408231496810913,37.08076095581055,16.747333526611328,24.5838623046875
2017-03-07,32.23686218261719,42.30099868774414,16.981185913085938,42.20864486694336,136.23095703125,58.1551628112793,2.4346134662628174,37.106903076171875,16.57266616821289,24.950424194335938
2017-03-08,32.11671829223633,42.525001525878906,17.0106201171875,42.332130432128906,136.6476593017578,58.68794631958008,2.430176019668579,37.115604400634766,16.45800018310547,24.878705978393555
2017-03-09,32.042762756347656,42.650001525878906,17.194948196411133,42.540409088134766,137.16363525390625,58.45315170288086,2.4296820163726807,36.967533111572266,16.32666778564453,24.68745231628418
2017-03-10,32.14905548095703,42.62300109863281,17.531089782714844,42.71744155883789,137.70933532714844,58.633758544921875,2.443983793258667,37.17658615112305,16.246000289916992,24.751201629638672
2017-03-13,32.162925720214844,42.72949981689453,17.53883171081543,42.8746452331543,138.51304626464844,58.43510437011719,2.511296510696411,37.08948516845703,16.411333084106445,25.101837158203125
2017-03-14,32.11439514160156,42.62649917602539,17.376188278198242,42.94060134887695,138.23519897460938,58.1641960144043,2.5095701217651367,37.27239990234375,17.200000762939453,24.8707332611084
2017-03-15,32.45405197143555,42.64849853515625,17.498558044433594,43.06357955932617,138.632080078125,58.471221923828125,2.5285561084747314,37.49887466430664,17.048667907714844,25.428550720214844
2017-03-16,32.507198333740234,42.67100143432617,17.30016326904297,43.1434211730957,138.89999389648438,58.371883392333984,2.5596237182617188,39.83330154418945,17.469999313354492,25.826997756958008
2017-03-17,32.34545135498047,42.615501403808594,17.208354949951172,43.260948181152344,138.7511749267578,58.57958984375,2.6153488159179688,39.77231979370117,17.433332443237305,25.970439910888672
2017-03-20,32.68510818481445,42.8484992980957,17.21302604675293,43.03977966308594,138.85037231445312,58.633758544921875,2.6986875534057617,39.39777374267578,17.461332321166992,26.177621841430664
2017-03-21,32.310791015625,42.15999984741211,16.806900024414062,42.1585578918457,137.43150329589844,57.983577728271484,2.611403465270996,39.05806350708008,16.711999893188477,25.882781982421875
2017-03-22,32.67586135864258,42.40299987792969,16.91581916809082,42.141700744628906,138.50308227539062,58.72406005859375,2.6646623611450195,39.0145149230957,17.000667572021484,26.050125122070312
2017-03-23,32.560340881347656,42.36899948120117,16.872251510620117,41.63835906982422,138.44358825683594,58.57958984375,2.640497922897339,39.15387725830078,16.985332489013672,25.946533203125
2017-03-24,32.495635986328125,42.28049850463867,17.036413192749023,41.414703369140625,139.2472686767578,58.67892837524414,2.649867057800293,38.89256286621094,17.54400062561035,26.145753860473633
2017-03-27,32.55110549926758,42.340999603271484,17.042634963989258,41.581825256347656,139.22743225097656,58.78727340698242,2.669100046157837,39.05806350708008,18.014667510986328,26.4326229095459
2017-03-28,33.22578430175781,42.79999923706055,17.19046401977539,41.68695831298828,140.6562042236328,58.9588737487793,2.655292510986328,38.92741012573242,18.496667861938477,26.576065063476562
2017-03-29,33.299720764160156,43.715999603271484,17.21847152709961,42.145172119140625,141.5392608642578,59.121402740478516,2.646662473678589,38.77933120727539,18.492000579833984,26.24137306213379
2017-03-30,33.25580596923828,43.81700134277344,17.11966323852539,42.12582778930664,141.30116271972656,59.338130950927734,2.6974549293518066,38.91868591308594,18.527999877929688,26.352943420410156
2017-03-31,33.19343948364258,44.32699966430664,17.03563690185547,42.04252243041992,140.94393920898438,59.47357940673828,2.685866355895996,38.85771942138672,18.553333282470703,26.169658660888672
2017-04-03,33.20266342163086,44.57550048828125,17.023189544677734,42.48635482788086,141.17214965820312,59.19364547729492,2.6723053455352783,38.85771942138672,19.90133285522461,26.209503173828125
2017-04-04,33.44989776611328,45.34149932861328,17.03563690185547,42.2790641784668,140.62643432617188,59.35619354248047,2.4849135875701904,38.840301513671875,20.246667861938477,26.18559455871582
2017-04-05,33.27662658691406,45.4640007019043,16.89325523376465,42.09756088256836,140.74551391601562,59.202659606933594,2.466421604156494,38.753196716308594,19.666667938232422,26.21747398376465
2017-04-06,33.19343948364258,44.91400146484375,16.922048568725586,41.908626556396484,140.07078552246094,59.35619354248047,2.4844207763671875,38.4831657409668,19.913333892822266,26.18559455871582
2017-04-07,33.11948013305664,44.74399948120117,16.98039436340332,41.75985336303711,139.683837890625,59.31103515625,2.473817825317383,38.5789909362793,20.16933250427246,26.193557739257812
2017-04-10,33.0802116394043,45.35200119018555,16.96250343322754,41.740020751953125,139.9418182373047,59.175567626953125,2.410696268081665,38.49150466918945,20.826000213623047,25.91465187072754
2017-04-11,32.72438430786133,45.11800003051758,16.925931930541992,41.64976501464844,138.83053588867188,59.13043975830078,2.419326066970825,38.640220642089844,20.58066749572754,25.819028854370117
2017-04-12,32.7636604309082,44.811500549316406,16.276283264160156,41.728118896484375,138.49319458007812,58.90467834472656,2.399354934692383,38.64896774291992,19.78933334350586,25.72340202331543
2017-04-13,32.59037780761719,44.23350143432617,16.441225051879883,41.66463851928711,138.3046417236328,58.651824951171875,2.3544793128967285,38.49150466918945,20.266666412353516,25.364803314208984
2017-04-17,32.770599365234375,45.0994987487793,16.639625549316406,42.40601348876953,140.31886291503906,59.13043975830078,2.4466958045959473,38.74520492553711,20.09600067138672,25.524181365966797
2017-04-18,32.62502670288086,45.18899917602539,16.579710006713867,42.34947967529297,139.86245727539062,59.04914093017578,2.4481747150421143,38.946407318115234,20.016666412353516,25.33292579650879
2017-04-19,32.5048713684082,44.959999084472656,16.62095069885254,42.474456787109375,141.16224670410156,58.73310089111328,2.4577925205230713,38.6577262878418,20.368000030517578,25.189495086669922
2017-04-20,32.911537170410156,45.10300064086914,16.977285385131836,42.6514892578125,142.68031311035156,59.148502349853516,2.496748208999634,38.95513916015625,20.167333602905273,25.33292579650879
2017-04-21,32.872249603271484,44.92649841308594,16.93449592590332,42.59544372558594,142.56124877929688,59.96121597290039,2.5071046352386475,38.867671966552734,20.373332977294922,25.56402587890625
2017-04-24,33.18880844116211,45.37049865722656,17.21302604675293,43.58625411987305,144.3373260498047,60.98164749145508,2.538418769836426,39.22633743286133,20.53533363342285,26.058095932006836
2017-04-25,33.39443588256836,45.38100051879883,17.365514755249023,44.077701568603516,145.34938049316406,61.333805084228516,2.582554817199707,39.12137222290039,20.91933250427246,26.352943420410156
2017-04-26,33.19803237915039,45.464500427246094,17.247257232666016,44.09257125854492,145.41880798339844,61.25255584716797,2.5648021697998047,39.09512710571289,20.67799949645996,26.297157287597656
2017-04-27,33.22347640991211,45.91899871826172,17.356952667236328,44.206634521484375,146.54995727539062,61.64988708496094,2.604745864868164,39.16511154174805,20.575332641601562,26.313100814819336
2017-04-28,33.19110870361328,46.2495002746582,17.1795711517334,45.847076416015625,149.08010864257812,61.82147216796875,2.5717058181762695,39.33131790161133,20.937999725341797,26.352943420410156
2017-05-01,33.868106842041016,47.4114990234375,17.219253540039062,46.258670806884766,151.2729034423828,62.67936325073242,2.6294026374816895,39.41004943847656,21.52199935913086,26.615915298461914
2017-05-02,34.08298110961914,47.34700012207031,17.540573120117188,46.470420837402344,151.59039306640625,62.57999801635742,2.551487684249878,39.48003387451172,21.25933265686035,27.03825569152832
2017-05-03,33.979007720947266,47.05149841308594,17.497783660888672,47.03376770019531,150.6180419921875,62.38132858276367,2.5704736709594727,39.270084381103516,20.73466682434082,27.32513427734375
2017-05-04,33.85655212402344,46.87649917602539,17.38108253479004,47.344703674316406,149.6754150390625,62.13750076293945,2.560610294342041,39.77747344970703,19.69733238220215,27.205604553222656
2017-05-05,34.41801452636719,46.70750045776367,17.618375778198242,47.124515533447266,149.07017517089844,62.30910110473633,2.5608572959899902,39.87371063232422,20.55666732788086,27.428728103637695
2017-05-08,35.353797912597656,47.45199966430664,17.511789321899414,47.541568756103516,149.88377380371094,62.254913330078125,2.5339808464050293,39.856201171875,20.479333877563477,27.874988555908203
2017-05-09,35.580230712890625,47.64099884033203,17.77475929260254,47.44337844848633,149.30831909179688,62.345211029052734,2.538172483444214,39.78621292114258,21.417333602905273,28.2176456451416
2017-05-10,35.41156005859375,47.4474983215332,17.99805450439453,47.350650787353516,149.1197509765625,62.589027404785156,2.9906249046325684,39.82996368408203,21.681333541870117,28.2176456451416
2017-05-11,35.71780776977539,47.38100051879883,17.97937774658203,47.40271759033203,148.87171936035156,61.82147216796875,3.119086265563965,39.50627517700195,21.540000915527344,28.33718490600586
2017-05-12,36.216636657714844,48.067501068115234,18.35828399658203,47.36552429199219,149.15945434570312,61.74920654296875,3.153359889984131,39.43629455566406,21.65399932861328,28.185768127441406
2017-05-15,36.12383270263672,47.89849853515625,18.597135543823242,47.56784439086914,149.0205535888672,61.794376373291016,3.3116562366485596,39.646244049072266,21.058666229248047,27.938737869262695
2017-05-16,36.070465087890625,48.30350112915039,18.725507736206055,47.835140228271484,148.61375427246094,63.038612365722656,3.3732988834381104,39.6200065612793,21.134000778198242,27.91482925415039
2017-05-17,34.859378814697266,47.237998962402344,17.986387252807617,46.72234344482422,143.72215270996094,61.28578186035156,3.1491687297821045,38.69271469116211,20.407333374023438,27.428728103637695
2017-05-18,35.39065933227539,47.92449951171875,18.49054527282715,47.13542556762695,146.51026916503906,61.494659423828125,3.2810816764831543,38.640220642089844,20.87066650390625,27.811243057250977
2017-05-19,35.51130676269531,47.992000579833984,18.213565826416016,47.34122085571289,146.90713500976562,61.47651672363281,3.356858491897583,38.762699127197266,20.722000122070312,28.05030059814453
2017-05-22,35.727088928222656,48.53350067138672,18.54655647277832,47.80836868286133,147.0857391357422,62.166725158691406,3.428438186645508,39.042633056640625,20.690000534057617,28.209680557250977
2017-05-23,35.68300247192383,48.57699966430664,18.403398513793945,48.12970733642578,146.9170684814453,62.37562561035156,3.38228178024292,38.98139953613281,20.257333755493164,28.209680557250977
2017-05-24,35.57628631591797,49.01750183105469,18.6414794921875,48.47981262207031,148.87171936035156,62.457359313964844,3.4202940464019775,39.21760559082031,20.681333541870117,28.305301666259766
2017-05-25,35.699241638183594,49.66899871826172,18.739513397216797,49.18647003173828,150.7767791748047,63.22936248779297,3.4126412868499756,39.5412712097168,21.121999740600586,28.345151901245117
2017-05-26,35.6389274597168,49.78900146484375,18.76674461364746,49.25639724731445,150.94544982910156,63.53814697265625,3.5010056495666504,39.5937614440918,21.676000595092773,28.297338485717773
2017-05-30,35.65283966064453,49.834999084472656,18.658594131469727,49.40020751953125,151.19349670410156,63.94685363769531,3.5757951736450195,39.733734130859375,22.34000015258789,28.512493133544922
2017-05-31,35.44172286987305,49.73099899291992,18.63214874267578,48.949928283691406,150.28070068359375,63.42913818359375,3.562960386276245,39.707489013671875,22.733999252319336,28.17780876159668
2017-06-01,35.539161682128906,49.79750061035156,18.251691818237305,49.009437561035156,150.35011291503906,63.6652717590332,3.563206911087036,40.05740737915039,22.691333770751953,28.60014533996582
2017-06-02,36.065818786621094,50.33649826049805,19.803070068359375,49.39772415161133,152.41392517089844,65.17290496826172,3.5454349517822266,39.94367980957031,22.656667709350586,28.831256866455078
2017-06-05,35.713165283203125,50.56700134277344,19.62257194519043,49.78254699707031,152.4337921142578,65.64517211914062,3.6532983779907227,40.171142578125,23.154666900634766,28.998605728149414
2017-06-06,35.83381271362305,50.150001525878906,19.750944137573242,49.425498962402344,151.6201629638672,65.86314392089844,3.636760950088501,39.899940490722656,23.523332595825195,29.030471801757812
2017-06-07,36.047264099121094,50.503501892089844,19.78362464904785,49.66452407836914,151.92774963378906,65.74507904052734,3.680696725845337,39.716243743896484,23.976667404174805,29.05437469482422
2017-06-08,35.95909881591797,50.51350021362305,19.83574867248535,49.8023796081543,153.50537109375,65.34544372558594,3.9477643966674805,39.733734130859375,24.666667938232422,29.349224090576172
2017-06-09,34.56473159790039,48.91550064086914,18.932458877563477,48.10838317871094,148.43516540527344,63.865074157714844,3.6925439834594727,39.392555236816406,23.821332931518555,28.520471572875977
2017-06-12,33.73877716064453,48.24549865722656,18.88033676147461,47.6962890625,147.2841796875,63.374656677246094,3.7016773223876953,39.2350959777832,23.93400001525879,28.08218002319336
2017-06-13,34.010223388671875,49.03950119018555,18.901342391967773,48.12723159790039,149.5067596435547,64.164794921875,3.736973524093628,39.34881591796875,25.06333351135254,28.33718490600586
2017-06-14,33.678443908691406,48.82350158691406,18.714616775512695,47.999786376953125,149.08010864257812,63.81966781616211,3.7448713779449463,39.200103759765625,25.37733268737793,28.40890121459961
2017-06-15,33.47660827636719,48.208499908447266,18.595064163208008,47.61545181274414,148.63360595703125,63.48363494873047,3.7609150409698486,39.08636474609375,25.022666931152344,28.241554260253906
2017-06-16,33.0079460144043,49.385501861572266,18.459110260009766,47.5380973815918,149.46707153320312,63.57448196411133,3.742403745651245,39.44504165649414,24.760000228881836,28.584217071533203
2017-06-19,33.95220947265625,49.75849914550781,18.841976165771484,48.361297607421875,151.67970275878906,64.3646011352539,3.8830959796905518,40.004913330078125,24.65333366394043,28.855152130126953
2017-06-20,33.643646240234375,49.62950134277344,18.75133514404297,48.052345275878906,151.0644989013672,63.492698669433594,3.877418041229248,40.101158142089844,24.81599998474121,28.791397094726562
2017-06-21,33.843170166015625,50.11149978637695,19.152162551879883,48.528411865234375,152.7115936279297,63.81966781616211,3.9361634254455566,40.52980422973633,25.093332290649414,29.253599166870117
2017-06-22,33.78749084472656,50.064998626708984,19.067773818969727,48.43072509765625,152.20556640625,63.810585021972656,3.9090120792388916,44.00278091430664,25.507333755493164,29.253599166870117
2017-06-23,33.938297271728516,50.1870002746582,19.16309928894043,48.90033721923828,153.862548828125,64.67340850830078,3.796952486038208,44.5714111328125,25.56333351135254,29.26953125
2017-06-26,33.831573486328125,49.69900131225586,18.96698570251465,48.206077575683594,152.3940887451172,64.0558090209961,3.7554850578308105,44.492679595947266,25.166000366210938,29.729515075683594
2017-06-27,33.3466682434082,48.8390007019043,18.387237548828125,47.01591110229492,149.4075164794922,62.856971740722656,3.618002414703369,44.396453857421875,24.158000946044922,28.87374496459961
2017-06-28,33.833885192871094,49.51649856567383,18.834156036376953,47.6566162109375,152.0468292236328,63.392822265625,3.745612144470215,44.50143051147461,24.749332427978516,29.08768653869629
2017-06-29,33.33506774902344,48.79650115966797,18.28643798828125,46.506622314453125,149.8639373779297,62.203060150146484,3.6204700469970703,43.915306091308594,24.049999237060547,28.643352508544922
2017-06-30,33.41395568847656,48.400001525878906,18.20909309387207,46.102962493896484,149.8043975830078,62.602684020996094,3.5681426525115967,43.86280822753906,24.107332229614258,28.766769409179688
2017-07-03,33.2933235168457,47.68299865722656,17.952028274536133,45.59614562988281,147.27427673339844,61.912445068359375,3.439051866531372,43.18047332763672,23.507999420166016,28.700952529907227
2017-07-05,33.43019485473633,48.56999969482422,18.096572875976562,46.230899810791016,149.16940307617188,62.738895416259766,3.5308713912963867,43.267948150634766,21.805999755859375,28.651582717895508
2017-07-06,33.114662170410156,48.25699996948242,18.36457633972168,46.004276275634766,147.6612548828125,62.275733947753906,3.54148530960083,42.734317779541016,20.588666915893555,28.38825798034668
2017-07-07,33.45108413696289,48.9379997253418,18.722423553466797,46.654903411865234,150.26084899902344,63.08403396606445,3.6224451065063477,43.17172622680664,20.881332397460938,28.4952335357666
2017-07-10,33.655242919921875,49.82350158691406,18.890419006347656,47.160221099853516,152.3048095703125,63.556304931640625,3.793743848800659,43.407920837402344,21.06999969482422,28.7996826171875
2017-07-11,33.7642936706543,49.70650100708008,18.821657180786133,47.285682678222656,154.0609893798828,63.56537628173828,3.8475522994995117,43.635379791259766,21.814666748046875,29.112369537353516
2017-07-12,33.813018798828125,50.32550048828125,19.253732681274414,47.98639678955078,157.6627655029297,64.6188735961914,4.011199951171875,44.134010314941406,21.968000411987305,29.367448806762695
2017-07-13,34.28398895263672,50.03150177001953,19.32328224182129,48.04541015625,158.01992797851562,65.18197631835938,3.9647955894470215,44.04652404785156,21.560667037963867,29.74596405029297
2017-07-14,34.578651428222656,50.09049987792969,19.55611228942871,48.445106506347656,158.7244110107422,66.09928131103516,4.07142448425293,44.2302360534668,21.851999282836914,29.828250885009766
2017-07-17,34.69929504394531,50.50199890136719,19.456890106201172,48.39799118041992,158.4862823486328,66.61695861816406,4.054147243499756,44.29169845581055,21.30466651916504,29.548479080200195
2017-07-18,34.81993103027344,51.22249984741211,19.602214813232422,48.94298553466797,161.59190368652344,66.57152557373047,4.096354007720947,44.30048370361328,21.882667541503906,29.515562057495117
2017-07-19,35.03801345825195,51.34349822998047,19.877246856689453,49.231597900390625,162.8619384765625,67.08011627197266,4.075127601623535,44.78343963623047,21.68400001525879,29.959901809692383
2017-07-20,34.880245208740234,51.435001373291016,19.80146026611328,49.20283508300781,163.24891662597656,67.40706634521484,4.134366512298584,44.89759826660156,21.994667053222656,29.704830169677734
2017-07-21,34.864017486572266,51.28350067138672,19.776453018188477,49.28466033935547,163.14968872070312,67.01655578613281,4.14917516708374,44.607826232910156,21.893333435058594,29.499109268188477
2017-07-24,35.28627014160156,51.9474983215332,19.770200729370117,49.50632858276367,164.70748901367188,66.84400177001953,4.10104513168335,44.57269287109375,22.834667205810547,29.80356216430664
2017-07-25,35.43708419799805,51.993499755859375,19.86943817138672,48.054325103759766,163.99307250976562,67.3798599243164,4.081297397613525,44.93272399902344,22.639999389648438,29.704830169677734
2017-07-26,35.60411834716797,52.63999938964844,20.081174850463867,47.86985397338867,164.3204803466797,67.2527084350586,4.128443717956543,44.93272399902344,22.92333221435547,29.80356216430664
2017-07-27,34.93130111694336,52.29999923706055,19.607685089111328,47.235103607177734,169.1129150390625,66.44439697265625,3.9921951293945312,44.30048370361328,22.297332763671875,29.77064323425293
2017-07-28,34.68535614013672,51.00199890136719,19.56236457824707,47.52371597290039,171.1072235107422,66.33538818359375,4.057602405548096,44.168758392333984,22.33799934387207,29.507333755493164
2017-07-31,34.50672912597656,49.388999938964844,19.272489547729492,46.887474060058594,167.9321746826172,66.026611328125,4.011199951171875,43.8438606262207,21.564666748046875,29.589609146118164
2017-08-01,34.812965393066406,49.80950164794922,19.407663345336914,46.94004821777344,168.53741455078125,65.91763305664062,4.060070037841797,44.045841217041016,21.30466651916504,29.490875244140625
2017-08-02,36.45792007446289,49.794498443603516,19.795989990234375,46.99359893798828,167.9817657470703,65.62701416015625,4.057602405548096,43.703365325927734,21.72599983215332,29.680137634277344
2017-08-03,36.09366226196289,49.34600067138672,19.55611228942871,46.629608154296875,167.27728271484375,65.527099609375,4.109189987182617,44.10729217529297,23.139333724975586,29.44974136352539
2017-08-04,36.28390884399414,49.37900161743164,19.46860694885254,46.90186309814453,168.2992706298828,66.0084457397461,4.127208709716797,43.87021255493164,23.79400062561035,29.647216796875
2017-08-07,36.845367431640625,49.61349868774414,19.724105834960938,46.899871826171875,170.64089965820312,65.75414276123047,4.254077911376953,43.58921432495117,23.67799949645996,30.272584915161133
2017-08-08,37.14002227783203,49.492000579833984,19.639720916748047,46.822509765625,169.896728515625,66.10835266113281,4.2034783363342285,43.11504364013672,24.347999572753906,30.198532104492188
2017-08-09,37.367393493652344,49.10049819946289,19.46860694885254,46.61869430541992,169.8471221923828,65.81774139404297,4.248152732849121,43.07992172241211,24.235332489013672,30.00104331970215
2017-08-10,36.17716979980469,47.84600067138672,18.807594299316406,45.80095672607422,166.0965576171875,64.85502624511719,4.0662431716918945,42.23692321777344,23.69333267211914,29.079456329345703
2017-08-11,36.68027877807617,48.39950180053711,19.077932357788086,46.123294830322266,166.77125549316406,65.84498596191406,3.8495264053344727,42.35987091064453,23.857999801635742,29.73773765563965
2017-08-14,37.2322998046875,49.165000915527344,19.60455894470215,46.561668395996094,169.42047119140625,66.83491516113281,4.156580448150635,42.895511627197266,24.253332138061523,29.663679122924805
2017-08-15,37.63991165161133,49.137001037597656,19.8217716217041,46.51951217651367,169.66854858398438,66.85316467285156,4.121530532836914,42.87796401977539,24.155332565307617,29.96812629699707
2017-08-16,37.48849868774414,48.909000396728516,19.800676345825195,46.826480865478516,168.6763153076172,67.24578857421875,4.076362133026123,43.246761322021484,24.194000244140625,29.90230369567871
2017-08-17,36.768795013427734,48.028499603271484,19.29514503479004,46.002784729003906,165.61038208007812,66.10447692871094,3.985530376434326,42.632076263427734,23.461332321166992,29.44974136352539
2017-08-18,36.6849365234375,47.923500061035156,19.484235763549805,45.92938995361328,166.1064910888672,66.18666076660156,3.986269235610962,42.69355010986328,23.163999557495117,29.507333755493164
2017-08-21,36.61738204956055,47.66450119018555,19.503767013549805,45.666072845458984,166.47360229492188,65.876220703125,3.9282641410827637,42.93941879272461,22.52400016784668,29.606075286865234
2017-08-22,37.21599578857422,48.345001220703125,19.938976287841797,46.63456726074219,168.31912231445312,66.79839324951172,4.015718460083008,43.25554275512695,22.75666618347168,30.050418853759766
2017-08-23,37.262577056884766,47.900001525878906,20.074142456054688,46.74267578125,167.39637756347656,66.39665222167969,4.096007823944092,43.08869552612305,23.51799964904785,30.09978675842285
2017-08-24,37.097206115722656,47.622501373291016,19.92803382873535,46.46049880981445,166.43392944335938,66.3692855834961,4.080938816070557,43.194068908691406,23.528667449951172,30.30550765991211
2017-08-25,37.23462677001953,47.26300048828125,19.188886642456055,46.14363098144531,165.02499389648438,66.48796081542969,4.046847343444824,43.23796844482422,23.203332901000977,30.321958541870117
2017-08-28,37.60962677001953,47.30099868774414,19.00605010986328,46.02609634399414,165.9378204345703,66.49711608886719,4.075503349304199,43.23796844482422,23.04400062561035,30.256118774414062
2017-08-29,37.945045471191406,47.702999114990234,18.887287139892578,46.403968811035156,166.74151611328125,66.69796752929688,4.0688323974609375,43.422386169433594,23.157333374023438,30.346637725830078
2017-08-30,38.04751968383789,48.37950134277344,19.222488403320312,46.794742584228516,168.59693908691406,67.5744857788086,4.093045234680176,43.7297248840332,23.545333862304688,30.38778305053711
2017-08-31,38.198909759521484,49.029998779296875,19.695188522338867,47.370487213134766,170.6309814453125,68.26839447021484,4.185932636260986,44.19512176513672,23.726667404174805,30.420698165893555
2017-09-01,38.2105712890625,48.912498474121094,19.74675750732422,47.209312438964844,170.68060302734375,67.51057434082031,4.211131572723389,44.44976043701172,23.69333267211914,30.62641143798828
2017-09-05,37.751712799072266,48.26350021362305,19.459230422973633,46.68812561035156,169.3907012939453,67.20928192138672,4.098723888397217,44.72198486328125,23.305999755859375,30.321958541870117
2017-09-06,37.71212387084961,48.38999938964844,19.48501205444336,46.71490478515625,170.75003051757812,67.01753234863281,4.096254825592041,44.79222869873047,22.968666076660156,30.667545318603516
2017-09-07,37.56072235107422,48.9734992980957,19.263898849487305,47.10517883300781,171.86131286621094,67.87577056884766,4.115278244018555,45.42445755004883,23.374000549316406,30.889719009399414
2017-09-08,36.94813537597656,48.29499816894531,19.0732479095459,46.684654235839844,169.61891174316406,67.54708099365234,4.043879985809326,45.292747497558594,22.893333435058594,30.856809616088867
2017-09-11,37.61662292480469,48.89799880981445,19.35687828063965,46.77788162231445,172.15899658203125,68.25926208496094,4.175063610076904,46.09183120727539,24.246000289916992,31.136581420898438
2017-09-12,37.46755599975586,49.12900161743164,19.309999465942383,46.94450378417969,171.61328125,68.18622589111328,4.190133571624756,46.33768844604492,24.183332443237305,31.153030395507812
2017-09-13,37.185699462890625,49.97999954223633,19.23967170715332,47.132442474365234,171.70257568359375,68.6701431274414,4.208908557891846,46.364036560058594,24.415332794189453,30.88148307800293
2017-09-14,36.86661148071289,49.61050033569336,19.29514503479004,46.621177673339844,169.62884521484375,68.26839447021484,4.184945583343506,46.355255126953125,25.176000595092773,30.758066177368164
2017-09-15,37.23928451538086,49.339500427246094,19.57642936706543,46.38115692138672,170.3035430908203,68.7614517211914,4.449529647827148,42.79892349243164,25.320667266845703,30.980243682861328
2017-09-18,36.957454681396484,48.70949935913086,19.59918785095215,46.10643005371094,168.68624877929688,68.6244888305664,4.633331775665283,42.43889617919922,25.666667938232422,31.325830459594727
2017-09-19,36.97142791748047,48.49300003051758,19.59447479248047,46.459022521972656,171.17669677734375,68.880126953125,4.628391742706299,42.18424606323242,25.00666618347168,31.51508140563965
2017-09-20,36.35187530517578,48.660499572753906,19.057071685791016,46.988643646240234,170.82943725585938,68.4236068725586,4.591087341308594,42.12278366088867,24.92733383178711,31.120126724243164
2017-09-21,35.72763442993164,48.23249816894531,18.858583450317383,46.9891357421875,169.77767944335938,67.75708770751953,4.465587139129639,42.12278366088867,24.43199920654297,31.465713500976562
2017-09-22,35.37826156616211,47.755001068115234,18.76913833618164,46.776390075683594,169.21212768554688,67.9397201538086,4.422106742858887,42.28961944580078,23.4060001373291,31.078981399536133
2017-09-25,35.06614303588867,46.989498138427734,18.476516723632812,46.33107376098633,161.6018524169922,66.88972473144531,4.224471569061279,42.12278366088867,22.999332427978516,30.502975463867188
2017-09-26,35.669403076171875,46.93000030517578,18.614595413208008,46.48727798461914,162.93141174316406,66.88972473144531,4.2481865882873535,42.078880310058594,23.016666412353516,30.560585021972656
2017-09-27,35.92326736450195,47.54349899291992,18.874271392822266,47.6015739440918,166.37435913085938,67.42839050292969,4.341324329376221,42.28961944580078,22.731332778930664,30.65110206604004
2017-09-28,35.7020149230957,47.81999969482422,19.05942153930664,47.845062255859375,167.4162139892578,67.44667053222656,4.340088367462158,42.2193717956543,22.639999389648438,30.486530303955078
2017-09-29,35.89767074584961,48.067501068115234,19.028047561645508,48.28690719604492,169.53955078125,68.01274871826172,4.4164252281188965,42.456451416015625,22.739999771118164,30.897958755493164
2017-10-02,35.825462341308594,47.95949935913086,18.865646362304688,47.976966857910156,168.1504364013672,68.12232208251953,4.422106742858887,42.85160827636719,22.768667221069336,31.375202178955078
2017-10-03,35.98151779174805,47.85499954223633,18.789541244506836,48.2055778503418,168.63662719726562,67.80274963378906,4.431249141693115,42.75501251220703,23.209333419799805,31.630287170410156
2017-10-04,35.74859619140625,48.272499084472656,18.98568344116211,47.942752838134766,167.1085968017578,68.19535827636719,4.46830415725708,42.93941879272461,23.667333602905273,31.49039649963379
2017-10-05,36.1934700012207,49.04249954223633,19.1166934967041,48.855712890625,169.90667724609375,69.36406707763672,4.465835094451904,42.94820785522461,23.68866729736328,31.646738052368164
2017-10-06,36.17251968383789,49.479000091552734,19.279088973999023,49.274742126464844,170.88893127441406,69.39144897460938,4.478928565979004,42.5003662109375,23.79199981689453,31.646738052368164
2017-10-09,36.298282623291016,49.54949951171875,19.332441329956055,49.20878982543945,171.15684509277344,69.6562271118164,4.57996940612793,42.465248107910156,22.862667083740234,31.90182876586914
2017-10-10,36.31227493286133,49.36000061035156,19.298709869384766,48.985137939453125,170.2539520263672,69.6562271118164,4.66742467880249,42.5004997253418,23.70599937438965,32.0663948059082
2017-10-11,36.46366882324219,49.75,19.644691467285156,49.870323181152344,171.39498901367188,69.7749252319336,4.7170796394348145,42.562217712402344,23.639999389648438,33.20193099975586
2017-10-12,36.335540771484375,50.04650115966797,19.514455795288086,49.870323181152344,171.20645141601562,70.41405487060547,4.719302654266357,42.51814270019531,23.711999893188477,33.27598190307617
2017-10-13,36.56615447998047,50.14699935913086,19.453258514404297,49.980411529541016,172.38720703125,70.75189208984375,4.807249069213867,42.853126525878906,23.704666137695312,33.58866500854492
2017-10-16,37.23928451538086,50.31700134277344,19.352054595947266,50.053802490234375,173.16111755371094,70.89796447753906,4.889764785766602,43.07352066040039,23.373332977294922,33.64625930786133
2017-10-17,37.376712799072266,50.45650100708008,19.034318923950195,50.13562774658203,174.73876953125,70.84318542480469,4.885316848754883,43.364437103271484,23.71666717529297,33.9424934387207
2017-10-18,37.211334228515625,49.849998474121094,19.142581939697266,50.22191619873047,174.6593475341797,70.86144256591797,4.881117820739746,43.70825958251953,23.976667404174805,34.148197174072266
2017-10-19,36.33089065551758,49.330501556396484,19.16533660888672,49.68138885498047,173.2008056640625,71.13536071777344,4.886554718017578,43.505496978759766,23.45400047302246,33.79438018798828
2017-10-20,36.39379119873047,49.14550018310547,19.161413192749023,49.8415641784668,173.61752319335938,71.95709228515625,4.864318370819092,43.41733932495117,23.00666618347168,33.83551788330078
2017-10-23,36.37514877319336,48.314998626708984,19.16376495361328,48.87306594848633,169.93641662597656,71.97535705566406,4.857402324676514,43.47023010253906,22.468000411987305,33.90957260131836
2017-10-24,36.59177780151367,48.79499816894531,19.431291580200195,49.019351959228516,170.46229553222656,72.0027847290039,4.9082932472229,44.06087875366211,22.48933219909668,34.00008773803711
2017-10-25,36.43105697631836,48.64550018310547,19.285371780395508,49.16664123535156,169.27166748046875,71.7927474975586,4.784276008605957,43.81404495239258,21.722667694091797,33.86844253540039
2017-10-26,36.663978576660156,48.621498107910156,19.123756408691406,49.16464614868164,169.30140686035156,71.91146087646484,4.834426403045654,44.21074295043945,21.744667053222656,33.90134048461914
2017-10-27,37.97764587402344,55.04750061035156,19.840816497802734,51.25983428955078,176.49497985839844,76.52232360839844,4.98685359954834,44.85430145263672,21.391332626342773,34.68305969238281
2017-10-30,38.83245849609375,55.54249954223633,20.494333267211914,51.23305892944336,178.46946716308594,76.59537506103516,5.035769939422607,44.677978515625,21.338666915893555,34.666587829589844
2017-10-31,39.37281799316406,55.263999938964844,20.704591751098633,51.22859573364258,178.657958984375,75.94711303710938,5.109139919281006,44.87193298339844,22.101999282836914,34.8311653137207
2017-11-01,38.87205505371094,55.183998107910156,20.342138290405273,51.702674865722656,181.23776245117188,75.94711303710938,5.118774890899658,44.642723083496094,21.405332565307617,34.641910552978516
2017-11-02,39.156219482421875,54.71099853515625,20.35860824584961,51.72102355957031,177.52684020996094,76.74146270751953,5.087647914886475,44.325355529785156,19.950666427612305,34.68305969238281
2017-11-03,40.178733825683594,55.58000183105469,21.467151641845703,52.06914520263672,177.52684020996094,76.8236312866211,5.155585289001465,44.23719024658203,20.4060001373291,34.715965270996094
2017-11-06,40.58635330200195,56.03300094604492,21.7723388671875,51.70664596557617,178.76710510253906,77.12496185302734,5.178807735443115,44.4311408996582,20.185333251953125,34.913448333740234
2017-11-07,40.716793060302734,56.15850067138672,21.285924911499023,52.18815994262695,178.84649658203125,76.94232940673828,5.23809814453125,44.5104866027832,20.40333366394043,34.97927474975586
2017-11-08,41.04986572265625,56.64400100708008,21.37065887451172,52.480743408203125,178.16188049316406,77.20709228515625,5.167197227478027,44.55455780029297,20.292667388916016,34.913448333740234
2017-11-09,40.96601486206055,56.45650100708008,20.84031105041504,51.95657730102539,177.90390014648438,76.7779769897461,5.072329521179199,43.40851974487305,20.19933319091797,34.263397216796875
2017-11-10,40.83042907714844,56.26750183105469,20.78696060180664,51.779544830322266,177.0704345703125,76.57710266113281,5.339632987976074,43.479042053222656,20.19933319091797,34.3292350769043
2017-11-13,40.66680145263672,56.458499908447266,20.790884017944336,51.63324737548828,177.37802124023438,76.63191223144531,5.252919673919678,43.54957580566406,21.02666664123535,34.567848205566406
2017-11-14,40.0520133972168,56.84199905395508,20.653593063354492,51.65507125854492,176.6835174560547,76.74146270751953,5.291212558746338,43.37326431274414,20.579999923706055,34.44443130493164
2017-11-15,39.52372360229492,56.33449935913086,20.837175369262695,51.395713806152344,176.5644073486328,76.14500427246094,5.18745231628418,43.03826141357422,20.753332138061523,34.18111801147461
2017-11-16,39.99592208862305,56.864498138427734,21.347904205322266,51.9937744140625,178.191650390625,76.34689331054688,5.227722644805908,43.37326431274414,20.833332061767578,34.641910552978516
2017-11-17,39.77384567260742,56.49399948120117,21.328292846679688,51.36992263793945,177.60623168945312,75.61277770996094,5.221545696258545,43.14405059814453,21.003332138061523,34.61722183227539
2017-11-20,39.73410415649414,56.31549835205078,21.56521987915039,51.30893325805664,177.34825134277344,75.73207092285156,5.288742542266846,43.214576721191406,20.582666397094727,34.732425689697266
2017-11-21,40.4727897644043,56.9744987487793,21.699377059936523,52.08452606201172,180.4439697265625,76.82405090332031,5.337409496307373,42.87074661254883,21.187332153320312,35.0368766784668
2017-11-22,40.89822769165039,57.80799865722656,21.603660583496094,52.16485595703125,179.46168518066406,76.2642822265625,5.31342887878418,42.826683044433594,20.84000015258789,34.896995544433594
2017-11-24,40.900543212890625,59.29999923706055,22.15361976623535,52.392974853515625,181.35682678222656,76.40192413330078,5.363614559173584,43.20576095581055,21.036666870117188,35.37424087524414
2017-11-27,40.694847106933594,59.791500091552734,22.32935905456543,53.1611213684082,181.60484313964844,76.961669921875,5.293900012969971,43.09115982055664,21.12066650390625,33.81084060668945
2017-11-28,40.4564208984375,59.68000030517578,21.762920379638672,52.72869873046875,180.99961853027344,77.88849639892578,5.209105491638184,43.20576095581055,21.170000076293945,33.679176330566406
2017-11-29,39.61722946166992,58.063499450683594,21.3000431060791,51.443817138671875,173.7664031982422,76.4753189086914,4.855832099914551,42.773780822753906,20.502666473388672,32.42845153808594
2017-11-30,40.171234130859375,58.837501525878906,21.80528450012207,51.38380813598633,175.8004150390625,77.23697662353516,4.961888313293457,43.249847412109375,20.59000015258789,32.58479309082031
2017-12-01,39.98422622680664,58.11750030517578,21.304752349853516,50.8333625793457,173.7366180419922,77.31956481933594,4.88698148727417,43.734703063964844,20.435333251953125,32.66707229614258
2017-12-04,39.692039489746094,56.6974983215332,20.681053161621094,50.17877197265625,170.13485717773438,74.40150451660156,4.61454963684082,42.66801071166992,20.34666633605957,32.411991119384766
2017-12-05,39.65462875366211,57.07849884033203,20.52728271484375,50.56210708618164,171.4842987060547,74.86949157714844,4.641247272491455,42.30655288696289,20.246667861938477,32.255653381347656
2017-12-06,39.50735855102539,57.61750030517578,20.703018188476562,51.21272659301758,174.6891326904297,75.96146392822266,4.678823947906494,42.68564224243164,20.884000778198242,31.827777862548828
2017-12-07,39.579833984375,57.989498138427734,20.703018188476562,51.80036926269531,178.7373809814453,75.69537353515625,4.746314525604248,42.773780822753906,20.749332427978516,32.09931182861328
2017-12-08,39.59151840209961,58.099998474121094,20.390775680541992,52.03889846801758,177.60623168945312,77.22779846191406,4.733953952789307,43.72587966918945,21.0086669921875,32.09107208251953
2017-12-11,40.36292266845703,58.44599914550781,20.39391326904297,52.16733932495117,177.6459197998047,78.20967864990234,4.812321662902832,44.49285125732422,21.92733383178711,32.39553451538086
2017-12-12,40.136165618896484,58.25400161743164,20.29584503173828,52.008644104003906,175.58212280273438,78.53081512451172,4.717884540557861,44.422325134277344,22.735332489013672,32.33794403076172
2017-12-13,40.26941680908203,58.20650100708008,20.55709457397461,52.13857650756836,176.9116973876953,78.31977844238281,4.602680683135986,44.12259292602539,22.601999282836914,32.32970428466797
2017-12-14,40.257728576660156,58.7130012512207,20.346057891845703,52.44008255004883,177.00100708007812,77.71414947509766,4.60984992980957,44.24601745605469,22.525999069213867,32.420223236083984
2017-12-15,40.66680145263672,58.957000732421875,20.84737205505371,53.16062927246094,178.7770538330078,79.69622039794922,4.735684871673584,42.57984924316406,22.89666748046875,32.502498626708984
2017-12-18,41.239505767822266,59.52899932861328,20.8797550201416,53.80976486206055,179.41207885742188,79.26494598388672,4.892420291900635,42.05971145629883,22.591333389282227,32.420223236083984
2017-12-19,40.80004119873047,59.36899948120117,20.82526397705078,53.546443939208984,178.1122589111328,78.76024627685547,4.848169326782227,42.15669250488281,22.073333740234375,32.3708381652832
2017-12-20,40.755638122558594,58.88100051879883,20.97846794128418,53.23799133300781,176.50486755371094,78.47578430175781,4.8652262687683105,42.227230072021484,21.93199920654297,32.45314025878906
2017-12-21,40.909912109375,58.737998962402344,20.653888702392578,53.103599548339844,176.0683135986328,78.45744323730469,4.8427300453186035,41.680641174316406,22.110666275024414,32.280338287353516
2017-12-22,40.909912109375,58.417999267578125,20.71864891052246,53.004913330078125,175.82025146484375,78.46660614013672,4.827402114868164,41.751155853271484,21.68000030517578,32.60948181152344
2017-12-26,39.872032165527344,58.8380012512207,20.383012771606445,52.85565185546875,174.61968994140625,78.36566925048828,4.881047248840332,41.81287384033203,21.152666091918945,32.049930572509766
2017-12-27,39.8790397644043,59.112998962402344,20.46356201171875,52.575462341308594,176.23699951171875,78.6501235961914,4.874373435974121,41.768798828125,20.775999069213867,32.15690994262695
2017-12-28,39.991241455078125,59.30500030517578,20.566226959228516,52.36470413208008,176.53463745117188,78.65930938720703,4.880058288574219,41.89222717285156,21.02400016784668,32.69998550415039
2017-12-29,39.55879592895508,58.4734992980957,20.288238525390625,52.238250732421875,175.08599853515625,78.49413299560547,4.783646106719971,41.680641174316406,20.75666618347168,32.62594223022461
2018-01-02,40.26707077026367,59.45050048828125,21.0866641998291,53.22062683105469,180.0074005126953,78.87035369873047,4.928266525268555,41.10762023925781,21.368667602539062,33.753231048583984
2018-01-03,40.26005554199219,60.209999084472656,21.317262649536133,54.12862777709961,183.23208618164062,79.23739624023438,5.2526140213012695,42.05971145629883,21.149999618530273,34.32099914550781
2018-01-04,40.447059631347656,60.47949981689453,21.324371337890625,54.33888626098633,182.8947296142578,79.93480682373047,5.280301570892334,42.47406005859375,20.974666595458984,34.139976501464844
2018-01-05,40.9075813293457,61.457000732421875,21.450727462768555,55.05943298339844,185.3950958251953,80.92584991455078,5.325048923492432,42.72970962524414,21.10533332824707,34.938133239746094
2018-01-08,40.755638122558594,62.34349822998047,21.50206184387207,55.25382614135742,186.81398010253906,81.00845336914062,5.4882121086120605,43.17931365966797,22.42733383178711,34.92167663574219
2018-01-09,40.75095748901367,62.6349983215332,21.20433807373047,55.183406829833984,186.4071807861328,80.95338439941406,5.486728668212891,43.41826629638672,22.246000289916992,34.707740783691406
2018-01-10,40.7415885925293,62.71649932861328,20.756555557250977,55.0519905090332,186.3773956298828,80.58631134033203,5.529744625091553,43.188167572021484,22.31999969482422,33.98363494873047
2018-01-11,40.973018646240234,63.83399963378906,20.809463500976562,55.14671325683594,186.30795288085938,80.82492065429688,5.539632320404053,43.32091522216797,22.530000686645508,33.76146697998047
2018-01-12,41.396121978759766,65.26000213623047,20.871858596801758,56.069091796875,177.97337341308594,82.21969604492188,5.512439250946045,43.81651306152344,22.4146671295166,33.89311981201172
2018-01-16,41.18573760986328,65.24299621582031,20.78972053527832,56.071571350097656,177.00100708007812,81.07267761230469,5.441488742828369,43.8873176574707,22.67066764831543,34.748863220214844
2018-01-17,41.865966796875,64.75,20.991893768310547,56.488128662109375,176.21713256835938,82.7152099609375,5.555455207824707,44.48912048339844,23.143999099731445,35.489444732666016
2018-01-18,41.903385162353516,64.66600036621094,21.3070011138916,56.332908630371094,178.40000915527344,82.67851257324219,5.5485334396362305,44.453712463378906,22.971332550048828,36.67434310913086
2018-01-19,41.716373443603516,64.72899627685547,21.03769874572754,56.70631790161133,179.87840270996094,82.58676147460938,5.6887054443359375,44.763465881347656,23.334667205810547,36.75663375854492
2018-01-22,41.37508773803711,66.3655014038086,20.699689865112305,57.730857849121094,183.9266357421875,84.06414031982422,5.7772088050842285,44.87850570678711,23.437332153320312,38.163692474365234
2018-01-23,41.38444519042969,68.12699890136719,20.7620849609375,58.32643127441406,187.8756866455078,84.33027648925781,5.906256675720215,45.24136734008789,23.519332885742188,38.08141326904297
2018-01-24,40.72523880004883,67.87550354003906,20.285083770751953,58.084434509277344,185.0974578857422,84.2568588256836,5.829371929168701,45.53341293334961,23.05933380126953,37.299705505371094
2018-01-25,39.998252868652344,68.89749908447266,19.52931022644043,58.62248229980469,186.02020263671875,84.72484588623047,5.842967987060547,45.66616439819336,22.50933265686035,37.110450744628906
2018-01-26,40.09176254272461,70.10250091552734,19.805713653564453,58.89126968383789,188.5205841064453,86.31236267089844,6.0155253410339355,46.68392562866211,22.856666564941406,37.62061309814453
2018-01-29,39.261905670166016,70.88400268554688,19.385578155517578,58.83770751953125,184.5319061279297,86.18387603759766,6.102545738220215,45.96707534790039,23.302000045776367,37.3573112487793
2018-01-30,39.0305061340332,71.89099884033203,19.030986785888672,58.38594055175781,185.6630401611328,85.10104370117188,6.0004472732543945,45.09977340698242,23.05466651916504,36.9294319152832
2018-01-31,39.138031005859375,72.54450225830078,19.587749481201172,58.6264533996582,185.43479919433594,87.1841049194336,6.076589107513428,45.657318115234375,23.62066650390625,37.28324890136719
2018-02-01,39.21984100341797,69.5,18.8580379486084,58.5952033996582,191.58653259277344,86.49590301513672,5.945563316345215,45.69272994995117,23.28333282470703,37.39845275878906
2018-02-02,37.5180778503418,71.49749755859375,18.596633911132812,55.50128173828125,188.79840087890625,84.22014617919922,5.773005485534668,44.3652229309082,22.916667938232422,36.62497329711914
2018-02-05,36.58073043823242,69.5,18.013811111450195,52.684059143066406,179.84861755371094,80.75149536132812,5.283023834228516,42.559810638427734,22.208667755126953,35.34132766723633
2018-02-06,38.1094970703125,72.14199829101562,18.983600616455078,53.777034759521484,183.86708068847656,83.80722045898438,5.576716423034668,43.71916961669922,22.264667510986328,35.86795425415039
2018-02-07,37.29368209838867,70.83899688720703,18.746686935424805,52.337928771972656,178.7770538330078,82.22888946533203,5.656318187713623,43.2501220703125,23.0,34.46088790893555
2018-02-08,36.267478942871094,67.5250015258789,18.12990379333496,49.97248458862305,170.2440185546875,78.00780487060547,5.377458572387695,41.45356369018555,21.01533317565918,33.21014404296875
2018-02-09,36.71108627319336,66.9800033569336,18.59821128845215,51.884674072265625,174.73876953125,80.91668701171875,5.737407207489014,42.2412109375,20.69466781616211,34.12351608276367
2018-02-12,38.189762115478516,69.3115005493164,19.30107879638672,52.2957763671875,175.03640747070312,81.7884292602539,5.6372833251953125,42.6129150390625,21.048667907714844,34.995731353759766
2018-02-13,38.57234573364258,70.72550201416016,19.4163761138916,52.27494812011719,171.8018035888672,82.4307632446289,5.751004219055176,42.9138069152832,21.577333450317383,34.872318267822266
2018-02-14,39.28352355957031,72.55249786376953,19.55852508544922,53.19533920288086,178.12220764160156,83.72147369384766,5.9683074951171875,43.76342010498047,21.487333297729492,35.42361831665039
2018-02-15,40.60259246826172,73.08799743652344,19.887845993041992,54.120689392089844,178.55877685546875,85.42707824707031,6.093893527984619,44.81657791137695,22.271333694458008,35.81035232543945
2018-02-16,40.47114181518555,72.43450164794922,19.65566635131836,54.32600021362305,175.97900390625,84.818603515625,6.028134822845459,44.87850570678711,22.365999221801758,35.77743911743164
2018-02-20,40.33502197265625,73.4175033569336,19.713321685791016,54.72718048095703,174.63951110839844,85.48240661621094,6.157674789428711,44.15281295776367,22.31800079345703,35.991390228271484
2018-02-21,40.151954650878906,74.14600372314453,19.63434600830078,55.231014251708984,176.5247344970703,84.34840393066406,5.970532417297363,43.7457160949707,22.219999313354492,35.291961669921875
2018-02-22,40.48757553100586,74.26699829101562,19.691991806030273,55.04009246826172,177.5963134765625,84.56968688964844,5.990073204040527,43.8873176574707,23.077999114990234,34.88053512573242
2018-02-23,41.19171142578125,75.0,20.03632354736328,55.942142486572266,181.86280822753906,86.71778106689453,6.0835795402526855,44.69266891479492,23.469999313354492,36.1230354309082
2018-02-26,42.00616455078125,76.09750366210938,19.976293563842773,56.71623992919922,183.49005126953125,87.9716567993164,6.099660873413086,45.285621643066406,23.827999114990234,36.542694091796875
2018-02-27,41.87004470825195,75.5989990234375,19.88627052307129,55.4174690246582,180.04710388183594,86.84685516357422,6.086795330047607,44.89622116088867,23.39933204650879,35.892635345458984
2018-02-28,41.8066520690918,75.62249755859375,19.463762283325195,54.7435417175293,176.93153381347656,86.45043182373047,5.986363887786865,44.843109130859375,22.87066650390625,35.67046356201172
2018-03-01,41.07435607910156,74.67250061035156,19.214998245239258,53.131370544433594,174.57005310058594,85.60225677490234,5.7441887855529785,43.99351501464844,22.062000274658203,35.152069091796875
2018-03-02,41.35835266113281,75.01249694824219,19.812026977539062,53.76265335083008,175.2447509765625,85.7866439819336,5.85129976272583,44.53335189819336,22.341333389282227,35.39069366455078
2018-03-05,41.50153732299805,76.18049621582031,19.504825592041016,54.28929901123047,178.99533081054688,86.33056640625,5.829283237457275,45.39181900024414,22.22333335876465,35.78567123413086
2018-03-06,41.46632766723633,76.88200378417969,19.81913948059082,54.59378433227539,178.38015747070312,86.03556823730469,5.990320682525635,45.577674865722656,21.8799991607666,35.82681655883789
2018-03-07,41.08139419555664,77.25,19.510358810424805,55.29498291015625,182.27955627441406,86.53339385986328,5.982405185699463,45.77237319946289,22.15333366394043,36.36989974975586
2018-03-08,41.52968978881836,77.59300231933594,19.502456665039062,56.0061149597168,180.92022705078125,87.05891418457031,5.966079235076904,46.13522720336914,21.940000534057617,36.040748596191406
2018-03-09,42.243221282958984,78.94450378417969,20.041845321655273,57.566219329833984,183.78773498535156,89.00422668457031,6.06873893737793,46.87862777709961,21.81133270263672,36.690799713134766
2018-03-12,42.65161895751953,79.91950225830078,20.757343292236328,57.81863021850586,183.3213653564453,89.21625518798828,6.178323745727539,46.816680908203125,23.034000396728516,37.209197998046875
2018-03-13,42.24087905883789,79.40899658203125,20.629405975341797,56.52829360961914,180.4638214111328,87.04046630859375,6.1276116371154785,46.533470153808594,22.78933334350586,37.01993179321289
2018-03-14,41.88175964355469,79.55000305175781,20.579652786254883,56.97361755371094,182.75582885742188,86.52418518066406,6.1530914306640625,46.30337142944336,21.775333404541016,37.1515998840332
2018-03-15,41.931053161621094,79.11599731445312,21.145893096923828,57.05890655517578,182.4283905029297,86.82843017578125,6.167932510375977,46.347618103027344,21.706666946411133,37.28324890136719
2018-03-16,41.783180236816406,78.58399963378906,20.1279239654541,56.25605010986328,183.64883422851562,87.21563720703125,6.196133613586426,46.25912094116211,21.42333221435547,37.00348663330078
2018-03-19,41.144779205322266,77.24649810791016,19.34450912475586,54.55262756347656,171.21641540527344,85.63912200927734,5.9616265296936035,45.975921630859375,20.90399932861328,36.69902801513672
2018-03-20,41.13069152832031,79.32550048828125,19.139972686767578,54.34086990356445,166.84071350097656,85.8603744506836,6.173871040344238,41.639408111572266,20.703332901000977,36.88829040527344
2018-03-21,40.19888687133789,79.09300231933594,19.712093353271484,54.251609802246094,168.07107543945312,85.26112365722656,6.14863920211792,41.612857818603516,21.101999282836914,36.78132247924805
2018-03-22,39.630889892578125,77.24600219726562,19.51738929748535,52.22585678100586,163.6061248779297,82.7811050415039,5.9826531410217285,40.61279296875,20.606666564941406,35.95024108886719
2018-03-23,38.71316146850586,74.77799987792969,19.43004608154297,50.90675735473633,158.14894104003906,80.37484741210938,5.762989044189453,39.639305114746094,20.1026668548584,35.0368766784668
2018-03-26,40.55095672607422,77.79299926757812,19.850730895996094,52.27246856689453,158.81369018554688,86.45964050292969,6.047712802886963,41.13496017456055,20.278667449951172,36.42749786376953
2018-03-27,39.51117706298828,74.85250091552734,19.581493377685547,49.93429183959961,151.03477478027344,82.4861068725586,5.57869815826416,40.16145324707031,18.61199951171875,35.6211051940918
2018-03-28,39.07461929321289,71.57099914550781,18.965286254882812,49.847015380859375,151.8384552001953,82.41233825683594,5.475543975830078,39.80744171142578,17.185333251953125,35.12738800048828
2018-03-29,39.3797492980957,72.36699676513672,18.882753372192383,51.431915283203125,158.5458221435547,84.14556884765625,5.728851795196533,40.4889030456543,17.742000579833984,36.00783157348633
2018-04-02,39.121559143066406,68.59950256347656,18.244104385375977,50.216461181640625,154.18006896972656,81.6102523803711,5.468122959136963,39.8339958190918,16.832000732421875,34.97105026245117
2018-04-03,39.522918701171875,69.60250091552734,18.973295211791992,50.516483306884766,154.89447021484375,82.70734405517578,5.574491024017334,39.72779846191406,17.8353328704834,35.77743911743164
2018-04-04,40.27869415283203,70.52850341796875,18.990127563476562,51.06346130371094,153.89236450195312,85.12284088134766,5.596508026123047,40.2765007019043,19.12933349609375,36.155948638916016
2018-04-05,40.55799102783203,72.5875015258789,18.935636520385742,51.208763122558594,158.09930419921875,85.16893005371094,5.476285934448242,40.67475509643555,20.381332397460938,35.64578628540039
2018-04-06,39.52056884765625,70.2614974975586,18.3394718170166,50.08355712890625,155.97598266601562,83.186767578125,5.299910068511963,39.67470169067383,19.953332901000977,34.90522384643555
2018-04-09,39.912532806396484,70.30400085449219,18.809831619262695,50.58640670776367,156.70030212402344,83.68462371826172,5.328606605529785,39.73665237426758,19.310667037963867,35.44007110595703
2018-04-10,40.66361618041992,71.81099700927734,19.21129035949707,51.40017318725586,163.7549591064453,85.6299057006836,5.637820243835449,40.55085372924805,20.31333351135254,35.8597297668457
2018-04-11,40.47350311279297,71.35250091552734,19.2569637298584,50.83286666870117,165.02499389648438,84.68951416015625,5.596508026123047,40.36499786376953,20.062000274658203,35.69516372680664
2018-04-12,40.87250518798828,72.42500305175781,19.185644149780273,51.439353942871094,162.59405517578125,86.2752685546875,5.803308486938477,40.60395431518555,19.60533332824707,36.0818977355957
2018-04-13,41.010990142822266,71.53949737548828,19.78742218017578,51.37736129760742,163.23899841308594,85.81427764892578,5.72662353515625,40.78095626831055,20.022666931152344,35.094482421875
2018-04-16,41.26683044433594,72.07499694824219,19.98214340209961,51.876243591308594,163.54660034179688,86.8192138671875,5.726377010345459,40.92314147949219,19.413999557495117,35.27549743652344
2018-04-17,41.83481979370117,75.19149780273438,20.17205047607422,53.525611877441406,167.3467559814453,88.57089233398438,5.876036167144775,41.46523666381836,19.179332733154297,34.81471252441406
2018-04-18,41.740936279296875,76.39199829101562,19.999773025512695,53.32874298095703,165.0646514892578,88.91202545166016,5.847094535827637,41.838470458984375,19.55666732788086,34.49380111694336
2018-04-19,40.55799102783203,77.84549713134766,19.460487365722656,54.025978088378906,166.79112243652344,88.60778045654297,5.665770530700684,41.60741424560547,20.005332946777344,32.527191162109375
2018-04-20,38.89623260498047,76.37449645996094,19.00054168701172,53.42444610595703,164.9852752685547,87.58444213867188,5.657608509063721,41.08310317993164,19.349332809448242,32.049930572509766
2018-04-23,38.78358459472656,75.89299774169922,18.70646858215332,53.25038146972656,164.54872131347656,87.9071044921875,5.538127899169922,40.700965881347656,18.891332626342773,31.885379791259766
2018-04-24,38.24375915527344,73.00450134277344,18.301000595092773,50.71285629272461,158.4465789794922,85.85118103027344,5.4718337059021,40.461036682128906,18.8973331451416,31.885379791259766
2018-04-25,38.4103889465332,73.00849914550781,18.349882125854492,50.7302131652832,158.4465789794922,85.1043930053711,5.359527587890625,40.65653610229492,18.71266746520996,31.408117294311523
2018-04-26,38.5441780090332,75.89800262451172,18.46367073059082,51.73788833618164,172.8039093017578,86.90219116210938,5.57127571105957,40.84315872192383,19.031999588012695,31.408117294311523
2018-04-27,38.09822463989258,78.63099670410156,18.652772903442383,51.149749755859375,172.2383575439453,88.34039306640625,5.598734378814697,40.461036682128906,19.60533332824707,31.408117294311523
2018-04-30,38.78827667236328,78.30650329589844,18.38353729248047,50.51152801513672,170.66073608398438,86.21993255615234,5.563359260559082,40.58544921875,19.593332290649414,31.638517379760742
2018-05-01,39.68955993652344,79.11299896240234,18.460466384887695,51.61093521118164,172.5062713623047,87.58444213867188,5.618772506713867,40.83427429199219,19.994667053222656,32.03347396850586
2018-05-02,41.442848205566406,78.48400115966797,18.329050064086914,50.881961822509766,174.69906616210938,86.21073913574219,5.598240852355957,40.443260192871094,20.07666778564453,31.062509536743164
2018-05-03,41.5179557800293,78.60399627685547,18.049396514892578,50.89435958862305,172.66502380371094,86.72700500488281,5.763484001159668,40.043365478515625,18.963333129882812,31.35051155090332
2018-05-04,43.146854400634766,79.04750061035156,18.471683502197266,52.11923599243164,175.23486328125,87.73192596435547,5.913636684417725,40.6209831237793,19.606000900268555,31.75371742248535
2018-05-07,43.459022521972656,80.00700378417969,18.90839195251465,52.53876876831055,176.5842742919922,88.70921325683594,6.151607036590576,40.94091033935547,20.184667587280273,31.638517379760742
2018-05-08,43.66790008544922,79.61949920654297,19.139169692993164,52.495628356933594,177.52684020996094,88.33116912841797,6.194155693054199,40.82538986206055,20.131332397460938,32.23919677734375
2018-05-09,43.97538375854492,80.4000015258789,19.075069427490234,54.00117111206055,181.23776245117188,89.37299346923828,6.327239036560059,41.394126892089844,20.456666946411133,32.37907409667969
2018-05-10,44.604393005371094,80.4540023803711,19.5125789642334,54.820411682128906,184.08538818359375,90.26728057861328,6.4348464012146,41.705177307128906,20.334667205810547,32.72467041015625
2018-05-11,44.434749603271484,80.14550018310547,19.50216293334961,54.71676254272461,185.53402709960938,90.07364654541016,6.296319484710693,41.60741424560547,20.070667266845703,32.83987045288086
2018-05-14,44.331085205078125,80.0770034790039,19.61273765563965,54.87644958496094,185.18675231933594,90.37789154052734,6.316850185394287,41.60741424560547,19.46466636657715,32.87278366088867
2018-05-15,43.92818069458008,78.80599975585938,19.357925415039062,53.798851013183594,182.88482666015625,89.72332000732422,6.074428558349609,41.59853744506836,18.94533348083496,32.33794403076172
2018-05-16,44.33815383911133,79.36399841308594,19.272188186645508,53.76017379760742,181.77354431152344,89.95480346679688,6.0855607986450195,41.527427673339844,19.09866714477539,32.741146087646484
2018-05-17,44.05777359008789,79.08799743652344,19.187246322631836,53.61983108520508,182.3291778564453,89.05663299560547,6.1276116371154785,41.358585357666016,18.96933364868164,32.058170318603516
2018-05-18,43.897552490234375,78.71849822998047,18.90999412536621,53.04359436035156,181.25759887695312,89.22333526611328,6.083827495574951,41.1630859375,18.454666137695312,31.61383056640625
2018-05-21,44.20857238769531,79.27300262451172,19.155195236206055,53.75620651245117,183.05349731445312,90.3714828491211,6.041773319244385,41.95399856567383,18.965999603271484,32.47780990600586
2018-05-22,44.09783935546875,79.06999969482422,19.11032485961914,53.32476806640625,182.36888122558594,90.27889251708984,6.00368070602417,41.207515716552734,18.333999633789062,32.617706298828125
2018-05-23,44.38058090209961,80.09300231933594,19.276193618774414,53.8529052734375,185.44471740722656,91.35297393798828,6.127192974090576,41.67851257324219,18.60466766357422,32.62594223022461
2018-05-24,44.331085205078125,80.15350341796875,19.514179229736328,53.82761764526367,184.48226928710938,91.02888488769531,6.130906105041504,41.28749465942383,18.523332595825195,32.3132438659668
2018-05-25,44.432403564453125,80.50749969482422,20.03502655029297,53.75967788696289,183.48016357421875,91.07518768310547,6.170262813568115,41.76737594604492,18.59000015258789,32.33794403076172
2018-05-29,44.27219009399414,80.64350128173828,20.007781982421875,52.96574020385742,184.2937774658203,90.75110626220703,6.153183937072754,41.109771728515625,18.917333602905273,31.399877548217773
2018-05-30,44.177940368652344,81.24449920654297,19.984546661376953,53.431888580322266,186.20872497558594,91.62150573730469,6.262094974517822,41.81180953979492,19.447999954223633,31.547996520996094
2018-05-31,44.02949905395508,81.48100280761719,20.198497772216797,54.54915237426758,190.28672790527344,91.5196533203125,6.242293834686279,41.518550872802734,18.98200035095215,31.84423065185547
2018-06-01,44.823524475097656,82.0770034790039,20.5406494140625,56.28480911254883,192.47952270507812,93.32522583007812,6.376697063446045,42.07841491699219,19.454666137695312,32.255653381347656
2018-06-04,45.19816207885742,83.26349639892578,20.703317642211914,57.179412841796875,191.7750244140625,94.14004516601562,6.555657863616943,42.05174255371094,19.78266716003418,32.88924026489258
2018-06-05,45.546871185302734,84.81749725341797,20.77463722229004,57.07923889160156,191.43768310546875,94.62150573730469,6.561102867126465,41.88290023803711,19.408666610717773,32.53541564941406
2018-06-06,45.70471954345703,84.7874984741211,21.115983963012695,56.87741470336914,189.8501434326172,94.8992919921875,6.56308126449585,42.43387985229492,21.299999237060547,32.551876068115234
2018-06-07,45.58221435546875,84.46499633789062,21.208940505981445,56.25605010986328,186.71475219726562,93.40856170654297,6.507389068603516,42.37167739868164,21.07266616821289,32.51896286010742
2018-06-08,45.16751480102539,84.19950103759766,20.671268463134766,56.171241760253906,187.6276092529297,94.10301971435547,6.492043972015381,42.81600570678711,21.17733383178711,32.03347396850586
2018-06-11,45.05679702758789,84.45600128173828,20.90043830871582,56.57738494873047,190.04861450195312,93.5659408569336,6.450954914093018,42.82489013671875,22.139999389648438,31.893590927124023
2018-06-12,45.30418014526367,84.9375,20.94851303100586,56.93889617919922,190.90191650390625,93.80667877197266,6.499468803405762,43.055946350097656,22.851333618164062,32.255653381347656
2018-06-13,44.93191146850586,85.24299621582031,21.120790481567383,56.74251937866211,190.9118194580078,93.38077545166016,6.4950151443481445,42.8959846496582,22.985332489013672,32.13221740722656
2018-06-14,44.95546340942383,86.19300079345703,21.5118350982666,57.5300178527832,195.27755737304688,93.90855407714844,6.60664701461792,40.78984069824219,23.847999572753906,31.761945724487305
2018-06-15,44.49365997314453,85.79850006103516,21.653663635253906,57.48836135864258,194.32501220703125,92.71411895751953,6.5658063888549805,41.127532958984375,23.878000259399414,31.836002349853516
2018-06-18,44.47010803222656,86.18949890136719,21.194517135620117,58.69390106201172,196.765869140625,93.39002990722656,6.561598777770996,41.34080505371094,24.722000122070312,31.47394371032715
2018-06-19,43.75148391723633,86.73899841308594,21.190452575683594,58.4514045715332,195.95225524902344,93.39002990722656,6.439815521240234,41.11865234375,23.503332138061523,30.90618324279785
2018-06-20,43.94232940673828,87.50399780273438,21.212379455566406,58.71819305419922,200.42715454101562,94.32523345947266,6.492786884307861,38.052738189697266,24.148000717163086,31.556232452392578
2018-06-21,43.697288513183594,86.51100158691406,21.08488655090332,57.9926872253418,199.93104553222656,93.6492919921875,6.364073753356934,38.30156707763672,23.167333602905273,30.955541610717773
2018-06-22,43.57006072998047,85.78350067138672,21.089767456054688,57.98524856567383,200.16920471191406,92.97338104248047,6.211598873138428,39.19022750854492,22.242000579833984,31.366968154907227
2018-06-25,42.92210006713867,83.15750122070312,20.497777938842773,56.49705123901367,194.82113647460938,91.10295104980469,5.918779373168945,39.350196838378906,22.200666427612305,31.140947341918945
2018-06-26,43.45460510253906,84.55449676513672,20.426313400268555,56.166778564453125,197.4505157470703,91.74186706542969,5.9898176193237305,39.46572494506836,22.799999237060547,31.098295211791992
2018-06-27,43.39098358154297,83.02549743652344,20.06657600402832,55.38920593261719,194.3151397705078,90.3159408569336,5.834620952606201,38.61260986328125,22.96666717529297,30.28800392150879
2018-06-28,43.70671081542969,85.07250213623047,19.887117385864258,55.87717056274414,194.7020721435547,91.32520294189453,5.96184778213501,38.95918655395508,23.32866668701172,30.654775619506836
2018-06-29,43.61482620239258,84.98999786376953,19.703590393066406,55.99667739868164,192.80697631835938,91.30670166015625,5.86383056640625,39.15468978881836,22.863332748413086,31.183595657348633
2018-07-02,44.1025505065918,85.68900299072266,19.655681610107422,56.63739013671875,195.8232879638672,92.6030044555664,5.996007919311523,39.945613861083984,22.33799934387207,31.166532516479492
2018-07-03,43.334434509277344,84.697998046875,19.431554794311523,55.35647964477539,191.2293243408203,91.71410369873047,5.862343788146973,39.74121856689453,20.724000930786133,31.03859519958496
2018-07-05,43.68315124511719,84.98650360107422,19.927715301513672,56.59672164916992,196.90476989746094,92.37152099609375,6.008135795593262,40.35438919067383,20.610666275024414,31.209177017211914
2018-07-06,44.2886848449707,85.53150177001953,20.112863540649414,57.28057861328125,201.64756774902344,93.66781616210938,6.121994495391846,40.87871551513672,20.593332290649414,31.7891788482666
2018-07-09,44.90364074707031,86.95099639892578,20.092567443847656,57.88557815551758,203.1457977294922,94.30673217773438,6.169520378112793,41.527427673339844,21.233999252319336,32.26683044433594
2018-07-10,44.849456787109375,87.15350341796875,20.346731185913086,57.87862777709961,201.9551544189453,94.55670928955078,6.26853084564209,41.75848388671875,21.49799919128418,32.35212326049805
2018-07-11,44.26747512817383,87.75,19.7685546875,58.092864990234375,200.9629364013672,94.4271011352539,6.126945972442627,42.33613586425781,21.263999938964844,31.533296585083008
2018-07-12,45.009666442871094,89.83100128173828,17.051429748535156,59.570648193359375,205.308837890625,96.47341918945312,6.218529224395752,42.78935241699219,21.11400032043457,31.823301315307617
2018-07-13,45.08035659790039,90.65149688720703,16.440767288208008,59.72735595703125,205.7057342529297,97.62154388427734,6.1712517738342285,43.21589660644531,21.257999420166016,32.21564483642578
2018-07-16,44.98139572143555,91.12449645996094,16.50492286682129,59.3350944519043,205.61642456054688,97.14010620117188,6.143531322479248,43.23373794555664,20.67333221435547,32.23271560668945
2018-07-17,45.10861587524414,92.19650268554688,16.915822982788086,60.15679931640625,208.35496520996094,98.10307312011719,6.279420375823975,43.62628173828125,21.512666702270508,32.445953369140625
2018-07-18,44.861228942871094,92.14600372314453,16.95399284362793,60.148372650146484,207.72982788085938,97.33452606201172,6.230165481567383,43.39434051513672,21.59000015258789,32.761531829833984
2018-07-19,45.209930419921875,90.64849853515625,17.08310317993164,59.463539123535156,206.4697265625,96.66786193847656,6.238330841064453,43.21589279174805,21.34866714477539,33.95566177368164
2018-07-20,45.106266021728516,90.68499755859375,17.079853057861328,59.40303039550781,208.30532836914062,98.39936065673828,6.2101149559021,43.287269592285156,20.905332565307617,34.74036407470703
2018-07-23,45.146331787109375,90.0999984741211,17.598758697509766,60.053653717041016,209.26776123046875,99.97344970703125,6.17348051071167,43.42109298706055,20.213333129882812,34.74888229370117
2018-07-24,45.473819732666016,91.46199798583984,17.64910316467285,62.39183807373047,212.99850463867188,99.68641662597656,6.156154155731201,43.42109298706055,19.82866668701172,34.45036315917969
2018-07-25,45.90264892578125,93.18049621582031,18.34990119934082,63.274044036865234,215.8064727783203,102.62163543701172,6.234371662139893,43.6708984375,20.582666397094727,34.876827239990234
2018-07-26,45.7589225769043,90.4000015258789,18.123342514038086,63.74812698364258,174.88754272460938,101.50125122070312,6.307884693145752,43.59953689575195,20.44333267211914,34.81713104248047
2018-07-27,44.99787521362305,90.8635025024414,17.950374603271484,62.13098907470703,173.5282440185547,99.7049331665039,6.238083839416504,43.385414123535156,19.812000274658203,35.354488372802734
2018-07-30,44.74576950073242,88.96099853515625,18.286563873291016,60.99785614013672,169.72804260253906,97.56600189208984,6.042790412902832,42.58247756958008,19.344667434692383,35.04742431640625
2018-07-31,44.835304260253906,88.87200164794922,18.00884246826172,60.85801315307617,171.23622131347656,98.22342681884766,6.060856342315674,42.537879943847656,19.875999450683594,35.1497688293457
2018-08-01,47.4765510559082,89.8584976196289,17.60525131225586,61.14414596557617,170.3134765625,98.40862274169922,6.100709438323975,42.24345016479492,20.055999755859375,35.57625198364258
2018-08-02,48.86433410644531,91.71649932861328,17.568714141845703,61.547813415527344,174.99671936035156,99.60311126708984,6.20343017578125,42.7341423034668,23.30266761779785,35.43977737426758
2018-08-03,49.005714416503906,91.16449737548828,17.687274932861328,61.40053176879883,176.39572143554688,100.03826904296875,6.2400641441345215,43.2426643371582,23.211332321166992,35.55918884277344
2018-08-06,49.26017761230469,92.38749694824219,17.617431640625,61.376224517822266,184.24415588378906,100.12158966064453,6.287836074829102,43.42109298706055,22.799333572387695,35.030372619628906
2018-08-07,48.79836654663086,93.1240005493164,17.890277862548828,62.27727508544922,182.3787841796875,100.81605529785156,6.36011266708374,43.2515869140625,25.30466651916504,35.17536544799805
2018-08-08,48.83134841918945,94.32599639892578,17.821258544921875,62.549530029296875,183.73809814453125,101.3808822631836,6.396499156951904,43.17129135131836,24.689332962036133,35.79801559448242
2018-08-09,49.21540832519531,94.9260025024414,17.58738899230957,62.704750061035156,181.6643829345703,101.54755401611328,6.34798526763916,43.30512237548828,23.496667861938477,35.687137603759766
2018-08-10,49.06882095336914,94.31500244140625,17.23414421081543,62.11214828491211,178.85641479492188,100.92716217041016,6.3066487312316895,43.10885238647461,23.69933319091797,34.99624252319336
2018-08-13,49.38563537597656,94.80999755859375,17.140758514404297,61.920230865478516,178.64808654785156,100.1956558227539,6.339569091796875,42.832279205322266,23.76066780090332,34.723297119140625
2018-08-14,49.59371566772461,95.98249816894531,16.83380699157715,62.39133834838867,179.69979858398438,101.44569396972656,6.47100305557251,43.02854919433594,23.176000595092773,34.893898010253906
2018-08-15,49.709571838378906,94.13099670410156,16.775333404541016,61.10595703125,178.1321258544922,100.0700454711914,6.412834644317627,42.68061065673828,22.57933235168457,34.50154113769531
2018-08-16,50.43781280517578,94.32599639892578,16.94668197631836,60.70130157470703,173.3397216796875,100.05142211914062,6.3722429275512695,42.91256332397461,22.363332748413086,34.46742630004883
2018-08-17,51.44504928588867,94.11100006103516,16.9937801361084,60.29417037963867,172.4467010498047,99.99566650390625,6.059866428375244,43.14453887939453,20.366666793823242,34.228599548339844
2018-08-20,50.94379425048828,93.83550262451172,16.78670310974121,60.59667205810547,171.15684509277344,99.3357162475586,6.13461971282959,43.19805908203125,20.562667846679688,34.20301818847656
2018-08-21,50.844478607177734,94.1709976196289,17.094472885131836,60.37152862548828,171.27589416503906,98.50848388671875,6.270263671875,43.18914794921875,21.459999084472656,34.876827239990234
2018-08-22,50.84684753417969,95.24500274658203,16.85329818725586,60.58675765991211,172.28794860839844,99.5123291015625,6.5054097175598145,43.537078857421875,21.44266700744629,34.885353088378906
2018-08-23,50.95088577270508,95.1449966430664,16.694948196411133,60.557491302490234,171.5537109375,99.9770736694336,6.604914665222168,43.67982864379883,21.34000015258789,34.69771957397461
2018-08-24,51.10929870605469,95.26950073242188,16.971853256225586,61.33060836791992,173.29013061523438,100.75787353515625,6.7380828857421875,43.947471618652344,21.521333694458008,35.17536544799805
2018-08-27,51.530174255371094,96.38400268554688,17.29423713684082,62.29859924316406,176.07823181152344,101.87324523925781,6.829170227050781,44.00992202758789,21.284666061401367,35.42271041870117
2018-08-28,51.94630813598633,96.64099884033203,17.412796020507812,61.78236770629883,174.88754272460938,102.48676300048828,6.791545867919922,43.39434051513672,20.790666580200195,36.122135162353516
2018-08-29,52.72183609008789,99.90499877929688,17.45827865600586,62.714168548583984,174.53038024902344,104.12265014648438,6.897050380706787,43.617374420166016,20.333999633789062,37.640377044677734
2018-08-30,53.20654296875,100.11900329589844,17.59307861328125,62.20785140991211,176.25682067871094,104.05758666992188,6.880208969116211,43.16237258911133,20.209999084472656,37.068904876708984
2018-08-31,53.821292877197266,100.635498046875,17.78633689880371,61.08512878417969,174.3616943359375,104.41078186035156,6.951287269592285,43.34079360961914,20.110666275024414,37.18830871582031
2018-09-04,53.993896484375,101.97550201416016,17.818822860717773,60.069026947021484,169.82730102539062,103.83450317382812,7.02608060836792,43.34079360961914,19.26333236694336,37.6233024597168
2018-09-05,53.641597747802734,99.74099731445312,17.980417251586914,59.463539123535156,165.8782501220703,100.84150695800781,6.895315647125244,42.859046936035156,18.715999603271484,37.717132568359375
2018-09-06,52.75021743774414,97.91549682617188,17.537851333618164,58.71422576904297,161.2644805908203,101.07390594482422,6.754149913787842,42.56464385986328,18.729999542236328,37.5721321105957
2018-09-07,52.32461166381836,97.60350036621094,18.886672973632812,58.396854400634766,161.7705078125,100.58123016357422,6.732852458953857,42.653839111328125,17.549333572387695,38.28007507324219
2018-09-10,51.622379302978516,96.95050048828125,19.538745880126953,58.271385192871094,162.90162658691406,101.66876983642578,6.80393123626709,43.590599060058594,19.03333282470703,38.05831527709961
2018-09-11,52.927547454833984,99.35749816894531,18.884233474731445,59.01176452636719,164.64793395996094,103.39764404296875,6.756131172180176,43.64413833618164,18.62933349609375,37.998619079589844
2018-09-12,52.270240783691406,99.5,18.668228149414062,58.09980773925781,160.7386016845703,103.83450317382812,6.642208576202393,44.01884078979492,19.369333267211914,37.478309631347656
2018-09-13,53.53282928466797,99.49349975585938,19.117290496826172,58.62248229980469,160.1035919189453,104.94989776611328,6.719972610473633,43.67982864379883,19.297332763671875,37.04331588745117
2018-09-14,52.9251708984375,98.5094985961914,19.191997528076172,58.41618728637695,161.05613708496094,105.3774642944336,6.84603214263916,43.938533782958984,19.68000030517578,37.87920379638672
2018-09-17,51.51598358154297,95.40149688720703,19.069381713867188,57.51613235473633,159.32965087890625,104.23419189453125,6.784116744995117,43.8760986328125,19.6560001373291,37.32477569580078
2018-09-18,51.60111618041992,97.05249786376953,19.61345100402832,57.87714385986328,159.0518341064453,105.22876739501953,6.7120466232299805,43.74226379394531,18.997333526611328,37.15419006347656
2018-09-19,51.6318473815918,96.32099914550781,19.781978607177734,58.23221206665039,161.79037475585938,103.8252182006836,6.735823631286621,44.09914016723633,19.934667587280273,37.546546936035156
2018-09-20,52.02433776855469,97.21499633789062,20.03888511657715,59.090118408203125,164.7273406982422,105.56336975097656,6.594659328460693,44.99129104614258,19.8886661529541,37.67448806762695
2018-09-21,51.463958740234375,95.75050354003906,20.298236846923828,58.125587463378906,161.661376953125,106.2047348022461,6.524570941925049,45.589027404785156,19.940000534057617,37.58066940307617
2018-09-24,52.204044342041016,96.71800231933594,20.4086856842041,58.49454879760742,164.12203979492188,106.5858383178711,6.58029317855835,45.71393585205078,19.978666305541992,38.28860855102539
2018-09-25,52.53505325317383,98.72750091552734,20.26141929626465,59.205169677734375,163.6259765625,106.38135528564453,6.647410869598389,46.14216613769531,20.06599998474121,37.67448806762695
2018-09-26,52.11655044555664,98.74250030517578,20.079790115356445,59.21360397338867,165.65003967285156,105.94449615478516,6.610509395599365,46.06187057495117,20.6386661529541,37.75978088378906
2018-09-27,53.18764114379883,100.64900207519531,20.163244247436523,59.87314987182617,167.5253448486328,106.34417724609375,6.62239408493042,46.11540222167969,20.501333236694336,38.17772674560547
2018-09-28,53.374412536621094,100.1500015258789,20.18614959716797,59.8592643737793,163.17945861816406,106.30696105957031,6.959706783294678,45.99941635131836,17.65133285522461,37.66596221923828
2018-10-01,53.73381423950195,100.21800231933594,20.41359519958496,59.93116760253906,161.17520141601562,107.45955657958984,7.166253566741943,46.213539123535156,20.713333129882812,38.092437744140625
2018-10-02,54.2114143371582,98.56549835205078,20.298236846923828,59.88703536987305,158.08941650390625,107.03199005126953,7.09492826461792,44.81285858154297,20.06800079345703,37.20537567138672
2018-10-03,54.87110900878906,97.63800048828125,20.406230926513672,60.07994079589844,161.1652374267578,107.05058288574219,7.101121425628662,44.384620666503906,19.65333366394043,37.49536895751953
2018-10-04,53.90640640258789,95.47100067138672,20.3039608001709,58.37106704711914,157.6131134033203,104.83837127685547,6.916861534118652,44.13481903076172,18.788667678833008,36.190372467041016
2018-10-05,53.031578063964844,94.48249816894531,19.981616973876953,57.91284942626953,156.10498046875,104.22489929199219,6.683320045471191,44.02776336669922,17.463333129882812,35.50801086425781
2018-10-08,52.90862274169922,93.22100067138672,19.747621536254883,57.32223129272461,156.02557373046875,103.0351333618164,6.582026958465576,44.036685943603516,16.70400047302246,34.93654251098633
2018-10-09,53.641597747802734,93.51599884033203,20.02006721496582,56.78913497924805,156.6705322265625,104.34574127197266,6.576330661773682,43.59953689575195,17.520000457763672,34.885353088378906
2018-10-10,51.15658950805664,87.76249694824219,18.96711540222168,54.160369873046875,150.20130920410156,98.67577362060547,6.0847296714782715,42.28805923461914,17.125333786010742,33.56330871582031
2018-10-11,50.70498275756836,85.96800231933594,18.72739028930664,54.089942932128906,152.1559600830078,98.44343566894531,5.823200225830078,41.73493957519531,16.815332412719727,33.21359634399414
2018-10-12,52.51613235473633,89.43049621582031,19.05874252319336,55.56773376464844,152.54295349121094,101.84539031982422,6.105779647827148,42.27022171020508,17.25200080871582,33.82771301269531
2018-10-15,51.393035888671875,88.04750061035156,19.01947593688965,54.6701545715332,152.3246307373047,100.0142593383789,5.829392433166504,42.207515716552734,17.305999755859375,33.051536560058594
2018-10-16,52.525596618652344,90.99800109863281,19.498090744018555,56.18959045410156,157.54367065429688,103.17456817626953,6.088194847106934,43.20179748535156,18.439332962036133,34.12623977661133
2018-10-17,52.29861068725586,91.58650207519531,19.403995513916016,55.9173469543457,158.17868041992188,102.90499877929688,6.019594192504883,42.870361328125,18.118667602539062,33.750953674316406
2018-10-18,51.07619857788086,88.53600311279297,18.65540313720703,54.44551086425781,153.7137451171875,100.85079193115234,5.932170391082764,42.44041061401367,17.5939998626709,32.87242126464844
2018-10-19,51.854095458984375,88.20149993896484,18.676668167114258,54.806026458740234,152.85052490234375,100.99954986572266,5.675595760345459,42.628517150878906,17.333332061767578,32.795658111572266
2018-10-22,52.170921325683594,89.46499633789062,18.704486846923828,55.11299514770508,153.5748291015625,101.90115356445312,5.7263665199279785,42.94203567504883,17.39666748046875,33.02594757080078
2018-10-23,52.6627197265625,88.43499755859375,18.739669799804688,55.288543701171875,153.1878662109375,100.47900390625,5.474745750427246,42.98681640625,19.609333038330078,32.411834716796875
2018-10-24,50.856319427490234,83.20999908447266,17.893699645996094,52.4227294921875,144.90289306640625,95.10650634765625,4.938563346862793,41.88505172729492,19.233333587646484,31.1153564453125
2018-10-25,51.96995544433594,89.1084976196289,18.182506561279297,54.72718048095703,149.77464294433594,100.66490936279297,5.147339344024658,42.9599494934082,20.99066734313965,31.891521453857422
2018-10-26,51.14240646362305,82.1405029296875,17.438812255859375,53.743316650390625,144.23806762695312,99.41939544677734,4.910826206207275,42.38666915893555,22.059999465942383,31.27741241455078
2018-10-29,50.18246078491211,76.94400024414062,17.303813934326172,51.31240463256836,140.98362731933594,96.52864837646484,4.597041130065918,42.11793899536133,22.323333740234375,30.987407684326172
2018-10-30,50.433074951171875,76.52100372314453,18.081880569458008,52.04534149169922,145.08148193359375,96.41710662841797,5.0274739265441895,43.506351470947266,21.99333381652832,32.224178314208984
2018-10-31,51.747703552246094,79.90049743652344,18.28477668762207,54.08201217651367,150.60806274414062,99.27996063232422,5.221391201019287,43.74820327758789,22.488000869750977,32.49712371826172
2018-11-01,52.54214859008789,83.27649688720703,18.807573318481445,53.85390090942383,150.56842041015625,98.45269012451172,5.401684761047363,43.52427291870117,22.95199966430664,33.307430267333984
2018-11-02,49.056983947753906,83.27649688720703,18.062240600585938,53.13534164428711,149.1793212890625,98.67577362060547,5.322683334350586,43.73923873901367,23.0939998626709,33.07712173461914
2018-11-05,47.66435241699219,81.38999938964844,18.006603240966797,52.353797912597656,147.5223388671875,99.93060302734375,5.244668483734131,43.9094352722168,22.760000228881836,32.82123565673828
2018-11-06,48.17979049682617,82.1405029296875,18.674211502075195,53.040122985839844,148.77252197265625,100.12581634521484,5.227086067199707,44.11546325683594,22.737333297729492,33.03447341918945
2018-11-07,49.641014099121094,87.77449798583984,19.17737579345703,54.95777130126953,150.35011291503906,104.06688690185547,5.294696807861328,45.02014923095703,23.21066665649414,33.41830825805664
2018-11-08,49.467803955078125,87.74549865722656,19.655994415283203,54.28285217285156,146.7186279296875,103.87168884277344,5.101522922515869,45.17243576049805,23.426666259765625,33.008888244628906
2018-11-09,48.513980865478516,85.62149810791016,19.552907943725586,53.40957260131836,143.83126831054688,101.84539031982422,5.093596935272217,45.33366775512695,23.367332458496094,32.471534729003906
2018-11-12,46.070125579833984,81.84249877929688,18.29623031616211,52.037906646728516,140.44784545898438,99.3357162475586,4.6941237449646,44.08857727050781,22.0853328704834,31.610061645507812
2018-11-13,45.60984420776367,81.55850219726562,18.394407272338867,51.968971252441406,141.0531005859375,99.40080261230469,4.9360880851745605,44.348350524902344,22.582000732421875,31.900068283081055
2018-11-14,44.32148742675781,79.95050048828125,18.506498336791992,52.29676818847656,143.09703063964844,97.9911880493164,4.883582592010498,43.74820327758789,22.933332443237305,32.275367736816406
2018-11-15,45.41527557373047,80.97200012207031,19.336097717285156,53.113521575927734,142.7299346923828,100.14761352539062,5.012366771697998,45.351593017578125,23.229333877563477,32.8553581237793
2018-11-16,45.91828918457031,79.67050170898438,19.440000534057617,52.97565841674805,138.44358825683594,101.0904541015625,4.072253704071045,45.835289001464844,23.62066650390625,31.448001861572266
2018-11-19,44.09843826293945,75.614501953125,18.7462158203125,50.94990158081055,130.5256805419922,97.66445922851562,3.583622932434082,44.3841667175293,23.564666748046875,30.748586654663086
2018-11-20,41.99151611328125,74.77300262451172,18.630033493041992,51.100162506103516,131.39886474609375,94.94791412353516,3.6920974254608154,43.29136657714844,23.166000366210938,30.398880004882812
2018-11-21,41.94404602050781,75.83650207519531,18.817386627197266,51.74383544921875,133.77027893066406,96.25485229492188,3.5838704109191895,43.55113983154297,22.54599952697754,30.850933074951172
2018-11-23,40.87873458862305,75.10299682617188,18.809207916259766,51.08280944824219,130.7042999267578,96.2175064086914,3.591052532196045,43.6227912902832,21.722000122070312,30.67181968688965
2018-11-26,41.431556701660156,79.06649780273438,19.251829147338867,52.36421585083008,135.31809997558594,99.39146423339844,3.790417432785034,43.228668212890625,23.066667556762695,31.42241668701172
2018-11-27,41.34140396118164,79.07099914550781,19.29436492919922,52.18270492553711,133.94883728027344,100.01691436767578,3.807257890701294,42.49415588378906,22.92799949645996,31.38829803466797
2018-11-28,42.931095123291016,83.88749694824219,19.24446678161621,54.14201736450195,135.6951446533203,103.73229217529297,3.964273691177368,43.16596221923828,23.191333770751953,32.420372009277344
2018-11-29,42.60129165649414,83.67849731445312,19.29026985168457,54.28037643432617,137.60018920898438,102.86415100097656,3.901057481765747,42.90620422363281,22.744667053222656,32.35212326049805
2018-11-30,42.371150970458984,84.50849914550781,19.42363739013672,55.02769470214844,139.51516723632812,103.51761627197266,4.051536560058594,43.67653274536133,23.365333557128906,32.0621223449707
2018-12-03,43.851688385009766,88.61799621582031,19.80489730834961,55.36044692993164,139.99142456054688,104.6378173828125,4.215404987335205,44.634986877441406,23.89933204650879,33.03447341918945
2018-12-04,41.922706604003906,83.41999816894531,18.98428726196289,52.68803405761719,136.8560028076172,101.30514526367188,3.89486026763916,43.66758346557617,23.979999542236328,31.934181213378906
2018-12-06,41.45528793334961,84.95950317382812,18.591577529907227,53.46213150024414,138.5428009033203,101.93063354492188,3.9241130352020264,41.813385009765625,24.20400047302246,31.439470291137695
2018-12-07,39.97711944580078,81.45649719238281,18.6995792388916,51.90004348754883,136.3500213623047,97.85118103027344,3.6593494415283203,41.20428466796875,23.864667892456055,31.149478912353516
2018-12-10,40.24048614501953,82.05149841308594,19.57417106628418,52.22734451293945,140.74551391601562,100.43701171875,3.764708995819092,41.80442428588867,24.343332290649414,31.072710037231445
2018-12-11,40.010337829589844,82.16200256347656,20.195154190063477,52.647369384765625,140.97372436523438,101.37052917480469,3.6737277507781982,41.616329193115234,24.450666427612305,31.30300521850586
2018-12-12,40.121849060058594,83.177001953125,20.861122131347656,53.24641799926758,143.3748779296875,101.82794189453125,3.6913294792175293,42.38666915893555,24.440000534057617,31.883005142211914
2018-12-13,40.560794830322266,82.91899871826172,21.13274383544922,53.23699188232422,143.88088989257812,102.17333221435547,3.6910810470581055,42.30604934692383,25.119333267211914,31.84035873413086
2018-12-14,39.26295852661133,79.59549713134766,20.84885025024414,52.154441833496094,142.93829345703125,98.98070526123047,3.63059139251709,41.74172592163086,24.380666732788086,31.15800666809082
2018-12-17,38.89754867553711,76.04550170898438,20.791582107543945,50.862125396728516,139.09841918945312,96.04947662353516,3.5594425201416016,40.962432861328125,23.22800064086914,30.893592834472656
2018-12-18,39.40293502807617,77.5739974975586,20.641937255859375,51.74284744262695,142.5414276123047,97.05767059326172,3.6427395343780518,41.069923400878906,22.468666076660156,31.354175567626953
2018-12-19,38.173892974853516,74.75399780273438,20.164060592651367,51.34860610961914,132.20254516601562,96.79627227783203,3.4337542057037354,41.60737609863281,22.197999954223633,30.902122497558594
2018-12-20,37.2105827331543,73.04149627685547,19.99871253967285,50.75947570800781,132.36126708984375,94.76122283935547,3.349217653274536,41.41926574707031,21.025333404541016,30.603588104248047
2018-12-21,35.76326370239258,68.87249755859375,20.24839210510254,49.15622329711914,123.97708129882812,91.69928741455078,3.212125539779663,39.41280746459961,21.31800079345703,30.45858383178711
2018-12-24,34.83791732788086,67.197998046875,19.329853057861328,48.82992172241211,123.09400939941406,87.87187957763672,3.1503970623016357,38.2393684387207,19.69266700744629,30.100353240966797
2018-12-26,37.291263580322266,73.54499816894531,20.51543617248535,51.9630241394043,133.13522338867188,93.87435913085938,3.2996363639831543,39.9412841796875,21.73933219909668,31.354175567626953
2018-12-27,37.04924011230469,73.08200073242188,20.73949432373047,52.21345901489258,133.4725799560547,94.45317077636719,3.251791477203369,40.28166961669922,21.075332641601562,31.37122917175293
2018-12-28,37.068214416503906,73.9010009765625,20.966026306152344,51.90501022338867,132.16285705566406,93.71568298339844,3.3132710456848145,40.147300720214844,22.257999420166016,31.678300857543945
2018-12-31,37.4265022277832,75.09850311279297,21.023073196411133,51.81970977783203,130.06930541992188,94.81723022460938,3.309553384780884,40.442901611328125,22.18666648864746,31.482118606567383
2019-01-02,37.469200134277344,76.95649719238281,20.959407806396484,52.30172348022461,134.62351989746094,94.39716339111328,3.3769829273223877,40.50560760498047,20.674667358398438,31.149478912353516
2019-01-03,33.73698806762695,75.01399993896484,19.095048904418945,50.85319900512695,130.71421813964844,90.92448425292969,3.1729562282562256,40.11146926879883,20.02400016784668,29.307111740112305
2019-01-04,35.177207946777344,78.76950073242188,19.282726287841797,53.461639404296875,136.8758544921875,95.1532974243164,3.37623929977417,41.84025955200195,21.179332733154297,29.82741355895996
2019-01-07,35.09891128540039,81.47550201416016,19.675439834594727,53.35502624511719,136.97509765625,95.274658203125,3.554980754852295,42.503108978271484,22.33066749572754,30.049182891845703
2019-01-08,35.76799774169922,82.8290023803711,19.517528533935547,53.82365036010742,141.42019653320312,95.96546936035156,3.4664766788482666,42.888282775878906,22.356666564941406,29.801828384399414
2019-01-09,36.375404357910156,82.97100067138672,20.361658096313477,53.6391716003418,143.1069793701172,97.33772277832031,3.5346522331237793,42.798709869384766,22.568666458129883,30.373294830322266
2019-01-10,36.491661071777344,82.81099700927734,20.629535675048828,53.49932861328125,143.07717895507812,96.71226501464844,3.600346565246582,42.83453369140625,22.99799919128418,31.064178466796875
2019-01-11,36.133399963378906,82.02799987792969,20.716344833374023,52.78721237182617,142.68031311035156,95.96546936035156,3.6895930767059326,43.25553894042969,23.150667190551758,31.226238250732422
2019-01-14,35.590057373046875,80.8604965209961,20.741146087646484,52.14452362060547,144.2579345703125,95.26532745361328,3.7295072078704834,43.157005310058594,22.293333053588867,30.50123405456543
2019-01-15,36.318443298339844,83.72799682617188,21.205793380737305,53.880184173583984,147.79022216796875,98.02852630615234,3.715376138687134,43.50773620605469,22.961999893188477,30.740060806274414
2019-01-16,36.76215744018555,84.18900299072266,20.809768676757812,54.028953552246094,146.39120483398438,98.37393951416016,3.6898410320281982,43.2199592590332,23.06999969482422,30.398880004882812
2019-01-17,36.98041534423828,84.66100311279297,21.109882354736328,54.505516052246094,147.14527893066406,99.06472778320312,3.7612390518188477,43.687583923339844,23.15399932861328,30.953292846679688
2019-01-18,37.20821762084961,84.80999755859375,21.56378936767578,54.91115951538086,148.87171936035156,100.54903411865234,3.8903982639312744,44.308109283447266,20.150667190551758,31.42241668701172
2019-01-22,36.3730354309082,81.6084976196289,21.354604721069336,53.489410400390625,146.42098999023438,98.65396881103516,3.6881065368652344,44.01132583618164,19.92799949645996,31.021526336669922
2019-01-23,36.5201301574707,82.0009994506836,21.290945053100586,53.776039123535156,143.17640686035156,99.6155014038086,3.7009973526000977,44.2811164855957,19.172666549682617,31.123889923095703
2019-01-24,36.230674743652344,82.74649810791016,21.789485931396484,53.755706787109375,144.6945343017578,99.13941192626953,3.9129581451416016,44.24515151977539,19.43400001525879,32.104774475097656
2019-01-25,37.43124008178711,83.52850341796875,22.152441024780273,54.62403106689453,147.84976196289062,100.04491424560547,3.970224380493164,44.784725189208984,19.80266761779785,32.53124237060547
2019-01-28,37.08483123779297,81.89450073242188,22.12598991394043,53.5504035949707,146.32176208496094,98.09385681152344,3.421358346939087,44.53293991088867,19.7586669921875,31.934181213378906
2019-01-29,36.70045471191406,79.69400024414062,22.018503189086914,53.064422607421875,143.06729125976562,96.09615325927734,3.262450695037842,44.61386489868164,19.83066749572754,30.987407684326172
2019-01-30,39.208377838134766,83.52149963378906,22.39055061340332,54.4494743347168,149.24874877929688,99.30743408203125,3.4059884548187256,45.2883415222168,20.584667205810547,31.883005142211914
2019-01-31,39.49070739746094,85.9365005493164,22.178075790405273,55.83304214477539,165.39208984375,97.48707580566406,3.563657283782959,45.171417236328125,20.468000411987305,32.08770751953125
2019-02-01,39.50970458984375,81.3115005493164,22.059017181396484,55.47251892089844,164.4197235107422,95.94677734375,3.587952136993408,45.69301986694336,20.81399917602539,32.04506301879883
2019-02-04,40.63196563720703,81.66549682617188,22.498029708862305,56.60316848754883,167.9321746826172,98.7099838256836,3.698270082473755,45.890846252441406,20.859333038330078,32.360660552978516
2019-02-05,41.32716369628906,82.94049835205078,22.322757720947266,57.12138748168945,169.82730102539062,100.09159851074219,3.7173595428466797,46.079708099365234,21.42333221435547,32.62507629394531
2019-02-06,41.34140396118164,82.01300048828125,22.836179733276367,55.68427276611328,169.16249084472656,98.98070526123047,3.792970657348633,46.09769058227539,21.148000717163086,33.042999267578125
2019-02-07,40.558414459228516,80.71849822998047,22.24751853942871,54.84223556518555,165.0845184326172,98.27124786376953,3.6546385288238525,45.16242980957031,20.500667572021484,32.51418685913086
2019-02-08,40.6060791015625,79.41100311279297,22.65842628479004,54.667171478271484,166.02708435058594,98.6446533203125,3.673231840133667,45.890846252441406,20.386667251586914,32.23271560668945
2019-02-11,40.37255859375,79.55000305175781,22.795663833618164,54.65428161621094,164.49908447265625,98.25257110595703,3.63059139251709,46.07072448730469,20.856000900268555,32.65919494628906
2019-02-12,40.720455169677734,81.90049743652344,23.099090576171875,55.916847229003906,163.7549591064453,99.78355407714844,3.747603416442871,46.06172561645508,20.78733253479004,32.95771026611328
2019-02-13,40.551273345947266,82.0,23.258655548095703,55.96891784667969,162.79251098632812,99.7088623046875,3.7899956703186035,46.24158477783203,20.544666290283203,32.5227165222168
2019-02-14,40.699012756347656,81.13249969482422,23.273540496826172,55.99717712402344,162.67343139648438,99.79288482666016,3.8309004306793213,46.29553985595703,20.251333236694336,32.46300506591797
2019-02-15,40.608455657958984,80.39749908447266,23.309093475341797,55.522605895996094,161.23471069335938,101.02510070800781,3.9005625247955322,46.5113525390625,20.525333404541016,32.48860168457031
2019-02-19,40.72998046875,81.37899780273438,23.286766052246094,55.86378479003906,161.02635192871094,100.97845458984375,3.8832082748413086,46.78114318847656,20.375999450683594,32.804176330566406
2019-02-20,40.99209976196289,81.1050033569336,23.43227767944336,55.570213317871094,161.29421997070312,100.45343017578125,3.930558919906616,46.556339263916016,20.17066764831543,33.2647705078125
2019-02-21,40.76096725463867,80.97200012207031,23.22724151611328,54.7579231262207,158.7938690185547,102.57218933105469,3.861640453338623,46.862083435058594,19.415332794189453,33.247711181640625
2019-02-22,41.21607971191406,81.5780029296875,22.860158920288086,55.37036895751953,160.62948608398438,104.03467559814453,3.9464244842529297,47.19483184814453,19.6473331451416,33.5974235534668
2019-02-25,41.51632308959961,81.6500015258789,23.03377914428711,55.40855407714844,163.3382110595703,104.61595153808594,3.9340298175811768,47.26677322387695,19.917999267578125,33.759483337402344
2019-02-26,41.540164947509766,81.81999969482422,22.736135482788086,55.64063262939453,162.85203552246094,105.33782196044922,3.8946120738983154,47.302738189697266,19.857332229614258,33.77654266357422
2019-02-27,41.66881561279297,82.05449676513672,22.445947647094727,55.68427276611328,161.54229736328125,105.15969848632812,3.8527164459228516,47.10490417480469,20.982667922973633,33.64859390258789
2019-02-28,41.25897216796875,81.99150085449219,22.765901565551758,55.86576843261719,160.19288635253906,105.02845001220703,3.828148365020752,46.88008499145508,21.325332641601562,33.307430267333984
2019-03-01,41.69264602661133,83.58650207519531,22.55011558532715,56.95526123046875,161.01641845703125,105.49718475341797,3.882495880126953,47.22181701660156,19.652666091918945,33.5974235534668
2019-03-04,41.90234375,84.80850219726562,22.72704315185547,57.19825744628906,166.06678771972656,105.24408721923828,3.8906853199005127,46.79914474487305,19.02400016784668,33.39271926879883
2019-03-05,41.826087951660156,84.62149810791016,22.902320861816406,57.980289459228516,169.926513671875,104.71906280517578,3.88423228263855,47.086910247802734,18.43600082397461,33.281837463378906
2019-03-06,41.58542251586914,83.44750213623047,22.434368133544922,57.76953887939453,171.16677856445312,104.76595306396484,3.7733051776885986,47.077919006347656,18.416000366210938,33.08565139770508
2019-03-07,41.10409164428711,81.29750061035156,21.9515323638916,57.07080841064453,167.81307983398438,103.49093627929688,3.7040669918060303,47.28475570678711,18.439332962036133,32.94919204711914
2019-03-08,41.20178985595703,81.04000091552734,21.842403411865234,57.02717590332031,168.2794647216797,103.60344696044922,3.738314151763916,47.455623626708984,18.94266700744629,32.58241271972656
2019-03-11,42.62910461425781,83.53099822998047,22.24504280090332,58.47966766357422,170.73019409179688,105.77845001220703,3.9988834857940674,47.35670471191406,19.39466667175293,32.95771026611328
2019-03-12,43.108062744140625,83.65499877929688,22.292165756225586,59.37179183959961,170.58135986328125,106.51909637451172,4.0331315994262695,47.482601165771484,18.890666961669922,33.179466247558594
2019-03-13,43.29869842529297,84.54049682617188,22.42279052734375,59.461551666259766,172.02005004882812,107.34408569335938,4.184508323669434,47.7164306640625,19.263999938964844,33.44389343261719
2019-03-14,43.78002166748047,84.31099700927734,22.173934936523438,59.13772964477539,168.844970703125,107.42845153808594,4.108571529388428,47.707420349121094,19.33066749572754,33.11123275756836
2019-03-15,44.349525451660156,85.61799621582031,24.000268936157227,59.027137756347656,164.68760681152344,108.66595458984375,4.2140421867370605,47.60850524902344,18.36199951171875,33.81919479370117
2019-03-18,44.80226516723633,87.10749816894531,24.293773651123047,58.94036102294922,159.22052001953125,110.22222900390625,4.1926984786987305,48.076133728027344,17.965999603271484,33.98977279663086
2019-03-19,44.44721221923828,88.09249877929688,24.746013641357422,59.630157470703125,160.31195068359375,110.29719543457031,4.36045503616333,48.59773635864258,17.83133316040039,33.913002014160156
2019-03-20,44.83562469482422,89.8635025024414,24.276386260986328,60.81883239746094,164.15182495117188,110.17533111572266,4.327948093414307,47.338722229003906,18.239999771118164,33.98977279663086
2019-03-21,46.48694610595703,90.96299743652344,24.757694244384766,61.29985809326172,164.7868194580078,112.70659637451172,4.564693927764893,48.59773635864258,18.26799964904785,35.00477981567383
2019-03-22,45.52427673339844,88.2385025024414,24.411516189575195,59.887535095214844,163.0603790283203,109.73472595214844,4.404877185821533,47.455623626708984,17.635332107543945,34.4844856262207
2019-03-25,44.973838806152344,88.71299743652344,24.37064552307129,59.37823486328125,164.9951934814453,110.30662536621094,4.31256103515625,47.42864990234375,17.3613338470459,34.049468994140625
2019-03-26,44.50917434692383,89.18800354003906,24.77687644958496,59.004329681396484,166.37435913085938,110.54098510742188,4.389242649078369,47.91425704956055,17.851333618164062,34.458892822265625
2019-03-27,44.90950012207031,88.28500366210938,24.68845558166504,58.41768264770508,164.57846069335938,109.47219848632812,4.380061149597168,47.491607666015625,18.32200050354004,34.28831100463867
2019-03-28,44.96907043457031,88.6709976196289,24.94704246520996,58.13302993774414,164.26097106933594,109.6222152709961,4.398673057556152,47.83332061767578,18.57466697692871,34.40772247314453
2019-03-29,45.26216125488281,89.0374984741211,25.08384132385254,58.36214065551758,165.39208984375,110.56908416748047,4.455998420715332,48.30095291137695,18.657333374023438,34.93654251098633
2019-04-01,45.56955337524414,90.70950317382812,25.507604598999023,59.457584381103516,167.3864288330078,111.58159637451172,4.523498058319092,49.08333969116211,19.278667449951172,35.2862434387207
2019-04-02,46.23197555541992,90.6989974975586,25.279041290283203,59.78289031982422,172.84361267089844,111.7409896850586,4.541366100311279,48.696651458740234,19.058666229248047,35.200950622558594
2019-04-03,46.548892974853516,91.03500366210938,25.374961853027344,60.04423522949219,172.18875122070312,112.47222137451172,4.6808319091796875,48.615699768066406,19.45400047302246,35.64448547363281
2019-04-04,46.62990951538086,90.94300079345703,25.191452026367188,60.472694396972656,174.6494598388672,111.90033721923828,4.671899795532227,48.39987564086914,17.851999282836914,35.85771560668945
2019-04-05,46.94205856323242,91.86399841308594,25.381641387939453,60.07597351074219,174.35177612304688,112.39722442626953,4.738655090332031,48.49879837036133,18.33066749572754,36.01976776123047
2019-04-08,47.680747985839844,92.49299621582031,25.398319244384766,59.91877365112305,173.5679168701172,112.43473052978516,4.759500026702881,48.30995178222656,18.213333129882812,36.15625
2019-04-09,47.53777313232422,91.79199981689453,25.31240463256836,59.641563415527344,176.19728088378906,111.82537841796875,4.696714878082275,48.408878326416016,18.15399932861328,36.002716064453125
2019-04-10,47.804656982421875,92.36650085449219,25.65106964111328,59.82802200317383,176.4354248046875,112.67847442626953,4.76719331741333,48.75212478637695,18.40399932861328,36.13918685913086
2019-04-11,47.4067268371582,92.20349884033203,25.809560775756836,59.98373794555664,176.12782287597656,112.8097152709961,4.753296375274658,48.589542388916016,17.89466667175293,35.90889358520508
2019-04-12,47.38764953613281,92.15299987792969,26.44518280029297,60.63535690307617,177.7054901123047,113.39097595214844,4.715327262878418,49.23090362548828,17.84666633605957,36.31830596923828
2019-04-15,47.47343826293945,92.24349975585938,26.39263343811035,60.823795318603516,178.25115966796875,113.48473358154297,4.583553314208984,49.348323822021484,17.7586669921875,36.34389877319336
2019-04-16,47.47820281982422,93.1520004272461,26.567813873291016,61.0905876159668,177.4772491455078,113.22222137451172,4.670658111572266,49.31219482421875,18.224000930786133,36.68507385253906
2019-04-17,48.40275955200195,93.24099731445312,26.737138748168945,61.498714447021484,177.3879852294922,114.15971374511719,4.6478271484375,49.212825775146484,18.082000732421875,37.86213684082031
2019-04-18,48.576698303222656,93.08450317382812,26.577817916870117,61.56467056274414,176.89186096191406,115.65973663330078,4.623260974884033,49.248958587646484,18.21733283996582,38.72360610961914
2019-04-22,48.7363395690918,94.3655014038086,26.275848388671875,62.174129486083984,180.02725219726562,116.02537536621094,4.6771111488342285,49.339290618896484,17.516666412353516,38.5103759765625
2019-04-23,49.43927764892578,96.1884994506836,26.32923698425293,63.00872802734375,182.34901428222656,117.60037231445312,4.731706142425537,49.62834930419922,17.593332290649414,38.74066925048828
2019-04-24,49.363037109375,95.0875015258789,26.21996307373047,62.48605728149414,181.1583709716797,117.19722747802734,4.744116306304932,49.84514617919922,17.243999481201172,38.73214340209961
2019-04-25,48.91506576538086,95.11250305175781,26.010591506958008,62.847564697265625,191.7552032470703,121.07848358154297,4.638397216796875,49.69157791137695,16.5086669921875,37.93890380859375
2019-04-26,48.681541442871094,97.53150177001953,25.89297866821289,63.347434997558594,189.99900817871094,121.77225494384766,4.41951847076416,50.05291748046875,15.675999641418457,37.478309631347656
2019-04-29,48.755409240722656,96.92150115966797,26.085662841796875,64.27873229980469,193.26333618164062,121.65977478027344,4.450290679931641,49.754825592041016,16.097999572753906,37.384483337402344
2019-04-30,47.81656265258789,96.32599639892578,26.559467315673828,59.45659637451172,191.89410400390625,122.43789672851562,4.491733551025391,49.98065185546875,15.912667274475098,37.375953674316406
2019-05-01,50.16367721557617,95.57599639892578,26.601173400878906,58.18510055541992,191.52699279785156,119.88786315917969,4.478582382202148,49.574161529541016,15.600666999816895,37.375953674316406
2019-05-02,49.83721923828125,95.04100036621094,26.34425163269043,57.84739303588867,191.03089904785156,118.32221221923828,4.54608154296875,49.321224212646484,16.273332595825195,37.87066650390625
2019-05-03,50.45677185058594,98.12300109863281,26.335079193115234,58.98994827270508,193.947998046875,120.84410858154297,4.541613578796387,49.492855072021484,17.00200080871582,38.13507843017578
2019-05-06,49.67756271362305,97.52749633789062,25.989736557006836,59.18384552001953,192.3704071044922,120.1409912109375,4.463195323944092,49.54705810546875,17.022666931152344,37.32477569580078
2019-05-07,48.33840560913086,96.05000305175781,25.632720947265625,58.459835052490234,188.29238891601562,117.67533111572266,4.295933723449707,48.779232025146484,16.470666885375977,37.32477569580078
2019-05-08,48.34794616699219,95.88849639892578,25.30739974975586,58.05914306640625,188.06414794921875,117.66596984863281,4.316035270690918,48.77021026611328,16.32266616821289,37.27360916137695
2019-05-09,47.82848358154297,94.99349975585938,25.3632869720459,57.91979217529297,187.1811065673828,117.6566162109375,4.223471164703369,49.005062103271484,16.131999969482422,36.889774322509766
2019-05-10,47.16590118408203,94.4990005493164,25.354942321777344,57.90343475341797,186.87350463867188,119.18472290039062,4.189471244812012,49.366390228271484,15.968000411987305,36.531551361083984
2019-05-13,44.424644470214844,91.13400268554688,24.472414016723633,56.363651275634766,180.12643432617188,115.6409683227539,3.9321277141571045,48.26434326171875,15.133999824523926,34.96214294433594
2019-05-14,45.12789535522461,92.00599670410156,25.191452026367188,55.78196716308594,179.32275390625,116.93476104736328,4.021217346191406,48.89667510986328,15.487333297729492,35.79801559448242
2019-05-15,45.66849136352539,93.55750274658203,25.389142990112305,58.06013870239258,184.81964111328125,118.58145904541016,3.9601705074310303,49.28509521484375,15.463333129882812,35.79801559448242
2019-05-16,45.46755599975586,95.37850189208984,24.798568725585938,58.73952102661133,185.53402709960938,121.31966400146484,3.975308418273926,49.35736083984375,15.222000122070312,35.42271041870117
2019-05-17,45.2092170715332,93.44999694824219,24.181291580200195,57.959957122802734,183.85719299316406,120.51044464111328,3.8844807147979736,49.23090362548828,14.0686674118042,34.33094787597656
2019-05-20,43.79552459716797,92.94850158691406,22.738203048706055,56.76385498046875,181.2972869873047,118.7696304321289,3.7658591270446777,48.47209548950195,13.690667152404785,32.97476577758789
2019-05-21,44.6351318359375,92.8759994506836,22.966764450073242,57.248836517333984,183.3809356689453,119.40948486328125,3.848001003265381,48.93279266357422,13.67199993133545,33.52065658569336
2019-05-22,43.72139358520508,92.98400115966797,22.45709800720215,57.31875991821289,183.87705993652344,120.13404846191406,3.777027130126953,48.95989990234375,12.84866714477539,33.179466247558594
2019-05-23,42.97507095336914,90.77400207519531,21.695512771606445,56.79756546020508,179.46168518066406,118.73199462890625,3.655923843383789,47.94818115234375,13.03266716003418,32.471534729003906
2019-05-24,42.810020446777344,91.16400146484375,21.349340438842773,56.46382522583008,179.65020751953125,118.78844451904297,3.6020729541778564,47.668155670166016,12.708666801452637,32.58241271972656
2019-05-28,42.63301086425781,91.82150268554688,21.227556228637695,56.51093673706055,182.8748779296875,118.71318054199219,3.5569071769714355,46.746761322021484,12.579999923706055,32.113304138183594
2019-05-29,42.4296875,90.95950317382812,21.19752311706543,55.53798294067383,180.77139282226562,117.56519317626953,3.482706069946289,46.69257354736328,12.657333374023438,32.147403717041016
2019-05-30,42.649757385253906,90.81600189208984,21.406063079833984,55.61087417602539,181.5850067138672,118.30854034423828,3.456122398376465,46.71965789794922,12.54800033569336,32.445953369140625
2019-05-31,41.877140045166016,88.75350189208984,20.990652084350586,54.871490478515625,176.08816528320312,116.37954711914062,3.365440607070923,45.70795440673828,12.343999862670898,32.71036148071289
2019-06-03,41.45374298095703,84.6344985961914,21.119117736816406,51.511260986328125,162.8718719482422,112.76622772216797,3.323701858520508,45.38275909423828,11.9313325881958,33.11123275756836
2019-06-04,42.97029113769531,86.47799682617188,22.163469314575195,52.29229736328125,166.19578552246094,115.8902359008789,3.5527689456939697,46.99065399169922,12.90666675567627,33.315948486328125
2019-06-05,43.66396713256836,86.92500305175781,22.165145874023438,51.80384063720703,166.86056518554688,118.40265655517578,3.510035753250122,47.062931060791016,13.105999946594238,32.608001708984375
2019-06-06,44.30502700805664,87.71800231933594,22.7548885345459,51.95856857299805,167.01931762695312,120.27519226074219,3.572146415710449,47.50555419921875,13.729999542236328,32.78712844848633
2019-06-07,45.48429489135742,90.20149993896484,22.928390502929688,52.980613708496094,172.00022888183594,123.64386749267578,3.614879846572876,48.11077880859375,13.633333206176758,33.11123275756836
2019-06-10,46.0655517578125,93.03150177001953,23.373828887939453,53.694217681884766,173.4587860107422,124.7730484008789,3.6876742839813232,48.78826904296875,14.192000389099121,33.79359436035156
2019-06-11,46.59898376464844,93.18499755859375,23.646608352661133,53.608924865722656,176.71324157714844,124.30256652832031,3.7453134059906006,48.72503662109375,14.473333358764648,34.08359909057617
2019-06-12,46.45069122314453,92.76599884033203,23.333789825439453,53.51272201538086,173.67706298828125,123.72856903076172,3.6322708129882812,48.435970306396484,13.950667381286621,33.657127380371094
2019-06-13,46.44110870361328,93.51499938964844,23.490612030029297,54.10334014892578,176.08816528320312,124.50957489013672,3.683450698852539,48.63470458984375,14.260666847229004,33.64859390258789
2019-06-14,46.10383987426758,93.4834976196289,22.182661056518555,53.8697624206543,179.9180908203125,124.63191223144531,3.5935137271881104,48.12883758544922,14.32800006866455,32.275367736816406
2019-06-17,46.37892150878906,94.30149841308594,22.185989379882812,54.24615478515625,187.53831481933594,125.00829315185547,3.6032028198242188,47.99334716796875,15.001999855041504,32.121826171875
2019-06-18,47.46967315673828,95.06849670410156,23.193655014038086,54.80900573730469,187.0024871826172,127.18196105957031,3.7982325553894043,47.785587310791016,14.982666969299316,33.44389343261719
2019-06-19,47.3309440612793,95.43949890136719,23.146942138671875,54.772804260253906,186.02020263671875,127.68064880371094,3.8041954040527344,47.58686447143555,15.095333099365234,33.60594940185547
2019-06-20,47.71127700805664,95.90950012207031,23.277069091796875,55.20374298095703,188.0542449951172,128.8662567138672,3.828542947769165,51.480159759521484,14.641332626342773,34.552711486816406
2019-06-21,47.548622131347656,95.56500244140625,23.074106216430664,55.80725860595703,189.65171813964844,128.88507080078125,3.770406723022461,50.69426727294922,14.790666580200195,34.56124496459961
2019-06-24,47.50077438354492,95.69499969482422,23.512874603271484,55.3773078918457,191.100341796875,129.6472930908203,3.7927663326263428,51.254329681396484,14.909333229064941,35.20942306518555
2019-06-25,46.78076934814453,93.91349792480469,23.286331176757812,53.93324279785156,187.36962890625,125.5540542602539,3.7634503841400146,50.64910888671875,14.650667190551758,34.27591323852539
2019-06-26,47.7926139831543,94.8915023803711,23.70151710510254,53.57321548461914,186.1988067626953,126.02456665039062,3.956740140914917,51.182071685791016,14.618000030517578,34.41682052612305
2019-06-27,47.778255462646484,95.21399688720703,24.061111450195312,53.39023208618164,188.02447509765625,126.2315673828125,4.055373668670654,51.281429290771484,14.855999946594238,34.8659553527832
2019-06-28,47.34290313720703,94.68150329589844,24.242177963256836,53.69620132446289,191.49725341796875,126.0527572631836,4.0802178382873535,51.46209716796875,14.897333145141602,34.49607849121094
2019-07-01,48.21120834350586,96.1094970703125,25.29402732849121,54.54915237426758,191.49725341796875,127.67121887207031,4.128416538238525,52.40155029296875,15.14466667175293,36.44237518310547
2019-07-02,48.493465423583984,96.71549987792969,24.871265411376953,55.17399215698242,193.48165893554688,128.51809692382812,4.030527591705322,52.80803680419922,14.970000267028809,35.931575775146484
2019-07-03,48.895320892333984,96.94999694824219,23.992055892944336,55.689231872558594,195.66452026367188,129.34619140625,4.043447494506836,53.16935348510742,15.65999984741211,35.51766586303711
2019-07-05,48.85227584838867,97.14550018310547,23.80425262451172,56.16926193237305,194.8707275390625,128.96974182128906,3.980839490890503,53.548763275146484,15.539999961853027,35.16539001464844
2019-07-08,47.8452262878418,97.61599731445312,23.155799865722656,55.381771087646484,194.2357177734375,128.8756866455078,3.905809164047241,53.77458572387695,15.355999946594238,34.62818145751953
2019-07-09,48.13705062866211,99.41500091552734,23.20380401611328,55.753700256347656,197.65890502929688,128.40518188476562,3.9082930088043213,53.83782196044922,15.337332725524902,34.9364013671875
2019-07-10,48.61306381225586,100.87049865722656,23.11705780029297,56.57788848876953,201.1514434814453,129.713134765625,3.9766159057617188,54.334651947021484,15.928000450134277,35.85231018066406
2019-07-11,48.25904846191406,100.05349731445312,23.24843978881836,56.735084533691406,199.66314697265625,130.23069763183594,4.131148338317871,54.190120697021484,15.90666675567627,36.019649505615234
2019-07-12,48.62981033325195,100.55000305175781,24.03415870666504,56.79756546020508,203.27479553222656,130.70120239257812,4.164192199707031,54.02752685546875,16.338666915893555,36.310264587402344
2019-07-15,49.086692810058594,101.04949951171875,24.282596588134766,57.05394744873047,202.322265625,130.70120239257812,4.1557464599609375,53.77458572387695,16.899999618530273,36.82987594604492
2019-07-16,48.91685485839844,100.49500274658203,23.92805290222168,57.20024490356445,202.2528076171875,128.98858642578125,4.15102481842041,53.1578483581543,16.825332641601562,36.785831451416016
2019-07-17,48.64177322387695,99.60150146484375,24.008060455322266,56.867000579833984,200.22869873046875,128.22645568847656,4.216364860534668,52.595516204833984,16.99066734313965,36.662540435791016
2019-07-18,49.194332122802734,98.8949966430664,24.403871536254883,56.891788482666016,199.2166748046875,128.36756896972656,4.228041648864746,52.71342086791992,16.902666091918945,38.03639221191406
2019-07-19,48.45997619628906,98.22599792480469,24.422395706176758,56.11371994018555,196.8154754638672,128.5557098388672,4.184813499450684,52.1873779296875,17.211999893188477,38.60002899169922
2019-07-22,49.56747817993164,99.28150177001953,24.94031524658203,56.49357986450195,200.7446746826172,130.25888061523438,4.256364822387695,52.24181365966797,17.045333862304688,39.27814483642578
2019-07-23,49.95498275756836,99.72450256347656,25.330232620239258,56.93195724487305,200.78436279296875,131.0681915283203,4.364191055297852,52.10575866699219,17.344667434692383,39.1196174621582
2019-07-24,49.9143180847168,100.04049682617188,25.58203887939453,56.519371032714844,203.06643676757812,132.4137420654297,4.438723564147949,52.70436096191406,17.658666610717773,39.225311279296875
2019-07-25,49.51963806152344,98.69100189208984,25.29738998413086,56.331424713134766,199.14720153808594,131.9150390625,4.3075456619262695,52.86760711669922,15.254667282104492,38.41508483886719
2019-07-26,49.69186782836914,97.15249633789062,25.342021942138672,61.75063705444336,198.19467163085938,132.9971466064453,4.349531650543213,53.058074951171875,15.202667236328125,38.2741813659668
2019-07-29,50.155914306640625,95.62249755859375,25.41107940673828,61.583011627197266,194.41433715820312,132.7054443359375,4.343321323394775,52.659019470214844,15.718000411987305,38.696903228759766
2019-07-30,49.94063949584961,94.92649841308594,25.22749137878418,60.89668655395508,195.50576782226562,132.0655975341797,4.358973026275635,52.14203643798828,16.150667190551758,37.96592712402344
2019-07-31,50.959632873535156,93.33899688720703,24.42155647277832,60.410701751708984,192.71763610839844,128.22645568847656,4.191768169403076,51.0627326965332,16.107332229614258,37.543216705322266
2019-08-01,49.85692596435547,92.76599884033203,24.029953002929688,60.09233856201172,191.2293243408203,129.9107666015625,4.097360134124756,50.681800842285156,15.59000015258789,36.8739013671875
2019-08-02,48.802032470703125,91.16200256347656,23.45644760131836,59.3256721496582,187.54818725585938,128.81924438476562,4.004691123962402,50.6455192565918,15.62266731262207,36.68015670776367
2019-08-05,46.24734878540039,88.25650024414062,22.541030883789062,57.26421356201172,180.31495666503906,124.40608215332031,3.7463080883026123,48.75901794433594,15.221332550048828,35.112552642822266
2019-08-06,47.12284469604492,89.3915023803711,22.438283920288086,58.07402038574219,183.0733184814453,126.73967742919922,3.785064458847046,48.94041061401367,15.383333206176758,36.33668899536133
2019-08-07,47.610809326171875,89.66999816894531,22.74230194091797,58.313541412353516,183.70834350585938,127.29484558105469,3.8233253955841064,48.378082275390625,15.561332702636719,36.33668899536133
2019-08-08,48.66090774536133,91.64450073242188,22.82062339782715,59.815128326416016,188.6793212890625,130.69174194335938,3.931896209716797,49.56622314453125,15.886667251586914,36.90031433105469
2019-08-09,48.25992202758789,90.37899780273438,23.220645904541016,58.957706451416016,186.3873291015625,129.58139038085938,3.8305301666259766,48.885982513427734,15.667332649230957,36.46879577636719
2019-08-12,48.13746643066406,89.24600219726562,23.21306037902832,58.24361801147461,183.9266357421875,127.77476501464844,3.762704610824585,48.29645919799805,15.267333030700684,36.07249450683594
2019-08-13,50.176002502441406,91.21700286865234,23.891843795776367,59.346004486083984,186.98263549804688,130.4188995361328,3.8769898414611816,48.94948196411133,15.666666984558105,36.84748840332031
2019-08-14,48.68251037597656,88.14800262451172,22.869470596313477,57.73532485961914,178.3107452392578,126.49144744873047,3.728419303894043,47.452964782714844,14.641332626342773,35.60572814941406
2019-08-15,48.440006256103516,88.80599975585938,22.623558044433594,57.98673629760742,181.16827392578125,126.20816802978516,3.6961212158203125,47.697845458984375,14.37600040435791,35.984413146972656
2019-08-16,49.58293533325195,89.62850189208984,23.05642318725586,58.47718811035156,182.2696533203125,128.52125549316406,3.964193820953369,48.60482406616211,14.662667274475098,36.58327102661133
2019-08-19,50.507362365722656,90.80599975585938,23.477508544921875,59.52997970581055,184.7204132080078,130.67381286621094,4.242949962615967,48.8587760925293,15.121999740600586,36.79464340209961
2019-08-20,50.509769439697266,90.06900024414062,23.611400604248047,58.691410064697266,182.3787841796875,129.58807373046875,4.170651912689209,48.05156707763672,15.057332992553711,36.935546875
2019-08-21,51.05721664428711,91.177001953125,24.21186065673828,59.09061813354492,182.12081909179688,131.0325469970703,4.254128932952881,48.28738021850586,14.722000122070312,37.49918746948242
2019-08-22,51.01398468017578,90.23300170898438,24.221965789794922,59.08763885498047,180.62257385253906,130.07901000976562,4.260341167449951,48.242034912109375,14.8100004196167,37.10287857055664
2019-08-23,48.65610885620117,87.48100280761719,22.917469024658203,57.20619201660156,176.36598205566406,125.93434143066406,4.035744667053223,46.78180694580078,14.09333324432373,36.063690185546875
2019-08-26,49.580535888671875,88.44349670410156,23.34613037109375,58.07897186279297,178.9556427001953,127.8792495727539,4.110528469085693,47.28064727783203,14.333333015441895,36.40715408325195
2019-08-27,49.021080017089844,88.09149932861328,23.207172393798828,58.061126708984375,179.88833618164062,128.15301513671875,4.019845008850098,47.516456604003906,14.272000312805176,36.41595458984375
2019-08-28,49.35002517700195,88.2125015258789,23.24843978881836,58.206424713134766,180.34474182128906,127.98308563232422,4.009400844573975,47.117393493652344,14.37266731262207,36.68015670776367
2019-08-29,50.18561553955078,89.31999969482422,23.864051818847656,59.222530364990234,184.12509155273438,130.3999786376953,4.153143882751465,47.30784606933594,14.780667304992676,37.23497009277344
2019-08-30,50.120784759521484,88.81449890136719,23.80257225036621,59.038551330566406,184.2242889404297,130.154541015625,4.16582727432251,47.21715545654297,15.040666580200195,37.543216705322266
2019-09-03,49.390846252441406,89.49199676513672,23.079166412353516,57.998146057128906,180.9698486328125,128.4362335205078,4.082764625549316,47.06296920776367,15.000666618347168,36.74180221557617
2019-09-04,50.22882843017578,90.03099822998047,23.834569931030273,58.628929138183594,185.682861328125,129.93739318847656,4.196913242340088,48.04249954223633,14.711999893188477,38.00117874145508
2019-09-05,51.21088790893555,92.03600311279297,24.5082950592041,60.1126708984375,189.41355895996094,132.22215270996094,4.469977378845215,48.83156967163086,15.305333137512207,38.96110153198242
2019-09-06,51.20607376098633,91.67549896240234,24.5832462310791,59.82157897949219,186.03013610839844,131.3251953125,4.442870616912842,48.21481704711914,15.16333293914795,38.494354248046875
2019-09-09,51.424583435058594,91.56749725341797,24.642200469970703,59.76950454711914,187.2902374267578,129.8335418701172,4.488876819610596,49.466453552246094,15.452667236328125,38.61763381958008
2019-09-10,52.03207015991211,91.02749633789062,24.796310424804688,59.79083251953125,184.7204132080078,128.4739990234375,4.5555267333984375,50.30994415283203,15.702667236328125,38.837806701660156
2019-09-11,53.68642807006836,91.14949798583984,25.096960067749023,60.49997329711914,187.0223388671875,128.5117645263672,4.584125995635986,51.05366516113281,16.47333335876465,38.9434928894043
2019-09-12,53.56638717651367,92.17749786376953,25.313396453857422,61.242332458496094,186.01028442382812,129.8335418701172,4.582634449005127,48.87692642211914,16.391332626342773,38.8113899230957
2019-09-13,52.52428436279297,91.96700286865234,24.44934844970703,61.493255615234375,185.7324676513672,129.64474487304688,4.524688243865967,48.74993896484375,16.34666633605957,39.40144729614258
2019-09-16,52.8004150390625,90.39199829101562,24.309541702270508,61.07670211791992,184.77001953125,128.71006774902344,4.481666088104248,48.19670486450195,16.187332153320312,39.27814483642578
2019-09-17,52.99250793457031,91.12750244140625,24.32386016845703,60.98992156982422,186.61553955078125,129.71078491210938,4.5030517578125,47.95180892944336,16.319332122802734,39.744903564453125
2019-09-18,53.489540100097656,90.87300109863281,24.23206901550293,61.127281188964844,186.675048828125,130.77764892578125,4.475944995880127,47.670658111572266,16.232667922973633,39.665645599365234
2019-09-19,53.05494689941406,91.07499694824219,24.47629165649414,61.429779052734375,188.6595001220703,133.18511962890625,4.4003424644470215,48.40529251098633,16.440000534057617,39.82707595825195
2019-09-20,52.27938461303711,89.70800018310547,24.159282684326172,60.98793411254883,188.45111083984375,131.64627075195312,4.29464864730835,48.495994567871094,16.041332244873047,38.913448333740234
2019-09-23,52.51708984375,89.26499938964844,24.261260986328125,61.22845458984375,185.3653564453125,131.3629913330078,4.348118782043457,48.99482727050781,16.082000732421875,39.09085464477539
2019-09-24,52.26737594604492,87.08049774169922,23.993549346923828,60.417152404785156,179.8684844970703,129.70138549804688,4.2906694412231445,48.38715362548828,14.880666732788086,39.13520812988281
2019-09-25,53.071754455566406,88.41649627685547,23.437711715698242,61.786338806152344,181.3766326904297,131.5706787109375,4.4324235916137695,48.83156967163086,15.24666690826416,39.92465591430664
2019-09-26,52.79801940917969,86.99199676513672,23.534603118896484,61.605323791503906,178.7075958251953,131.74063110351562,4.4102911949157715,48.94041061401367,16.17066764831543,41.21083450317383
2019-09-27,52.54110336303711,86.27249908447266,23.29918098449707,60.79502868652344,175.7210235595703,130.03176879882812,4.271521091461182,49.05832290649414,16.142000198364258,40.3681526184082
2019-09-30,53.77767562866211,86.79550170898438,23.46320915222168,60.55649948120117,176.69337463378906,131.2591552734375,4.328968524932861,49.91087341308594,16.058000564575195,41.22856903076172
2019-10-01,53.92654800415039,86.78250122070312,23.359525680541992,59.805702209472656,174.44107055664062,129.4087371826172,4.32722806930542,48.795291900634766,16.312667846679688,41.85834503173828
2019-10-02,52.5747184753418,85.6614990234375,22.95326805114746,58.41321563720703,173.24049377441406,127.12397003173828,4.303353786468506,48.205753326416016,16.208667755126953,41.1842155456543
2019-10-03,53.02132034301758,86.22100067138672,23.323827743530273,58.98399353027344,177.98329162597656,128.66282653808594,4.509021759033203,48.84971237182617,15.535332679748535,41.80513000488281
2019-10-04,54.50761032104492,86.98249816894531,23.918758392333984,60.051673889160156,179.04493713378906,130.3999786376953,4.525434494018555,50.010643005371094,15.428667068481445,42.0623664855957
2019-10-07,54.519615173339844,86.63300323486328,23.464065551757812,59.91728973388672,178.2809295654297,129.45587158203125,4.584125995635986,49.702274322509766,15.847999572753906,42.53248977661133
2019-10-08,53.88092803955078,85.27549743652344,22.975366592407227,59.018714904785156,176.36598205566406,128.08694458007812,4.407554626464844,49.02204513549805,16.003332138061523,42.45265197753906
2019-10-09,54.51241683959961,86.09950256347656,23.21504020690918,59.62718200683594,178.4496307373047,130.51327514648438,4.494098663330078,49.67795944213867,16.302000045776367,43.18000793457031
2019-10-10,55.24714660644531,86.01300048828125,23.32552719116211,59.977783203125,178.62823486328125,131.3251953125,4.5517964363098145,50.55255126953125,16.31599998474121,43.40176010131836
2019-10-11,56.71663284301758,86.59600067138672,23.87456512451172,60.2872314453125,182.75582885742188,131.87283325195312,4.62540864944458,51.827980041503906,16.525999069213867,43.83639907836914
2019-10-14,56.634986877441406,86.82150268554688,23.938304901123047,60.38938522338867,181.85292053222656,131.75006103515625,4.6388373374938965,51.43623352050781,17.130666732788086,44.27103805541992
2019-10-15,56.50293731689453,88.36900329589844,24.6743221282959,61.60285186767578,187.41921997070312,133.6571502685547,4.883550643920898,51.33602523803711,17.19266700744629,44.696800231933594
2019-10-16,56.27482604980469,88.87149810791016,24.5179386138916,61.64054489135742,188.07408142089844,132.56201171875,4.829832553863525,50.907840728759766,17.316667556762695,44.466182708740234
2019-10-17,56.49333190917969,89.3740005493164,24.598676681518555,62.126522064208984,188.90753173828125,131.8822479248047,4.831823348999023,50.16080093383789,17.46466636657715,44.12912368774414
2019-10-18,56.7646598815918,87.87550354003906,24.369203567504883,61.7104606628418,184.4029083251953,129.72970581054688,4.737319469451904,49.696197509765625,17.1299991607666,43.712215423583984
2019-10-21,57.749114990234375,89.28299713134766,24.610578536987305,61.70402145385742,188.28244018554688,130.69264221191406,4.874597549438477,50.22457504272461,16.899999618530273,44.350868225097656
2019-10-22,57.61705017089844,88.2864990234375,24.43124771118164,61.55128860473633,180.92022705078125,128.74781799316406,4.864649295806885,49.295345306396484,17.038667678833008,44.91855239868164
2019-10-23,58.39021301269531,88.1084976196289,23.824417114257812,62.36604690551758,184.7005615234375,129.56918334960938,4.851717472076416,49.313560485839844,16.978666305541992,44.50165939331055
2019-10-24,58.48625564575195,89.03900146484375,23.993549346923828,62.43943786621094,184.9287872314453,132.11830139160156,4.895737648010254,49.43198776245117,19.978666305541992,45.193538665771484
2019-10-25,59.20658493041992,88.06649780273438,24.631820678710938,62.69681167602539,186.42703247070312,132.86410522460938,5.086731910705566,49.35000228881836,21.875333786010742,45.353214263916016
2019-10-28,59.799659729003906,88.85399627685547,24.778858184814453,63.920684814453125,187.92526245117188,136.13072204589844,5.142685890197754,49.7781867980957,21.847333908081055,45.51287078857422
2019-10-29,58.4166145324707,88.135498046875,24.49073600769043,62.51630401611328,187.83595275878906,134.84671020507812,5.046443939208984,49.923946380615234,21.08133316040039,45.654788970947266
2019-10-30,58.40941619873047,88.99949645996094,24.66752052307129,62.518287658691406,186.78421020507812,136.5272674560547,5.04843282699585,49.96949768066406,21.000667572021484,46.045066833496094
2019-10-31,59.73002624511719,88.83300018310547,24.889345169067383,62.4240608215332,190.15774536132812,135.3565673828125,4.999191761016846,49.64152908325195,20.994667053222656,45.79670333862305
2019-11-01,61.42519760131836,89.5719985961914,25.20720863342285,63.09105682373047,192.11239624023438,135.68701171875,5.038236618041992,50.10614776611328,20.887332916259766,46.213619232177734
2019-11-04,61.8286018371582,90.23300170898438,25.921974182128906,63.951934814453125,193.203857421875,136.47064208984375,5.234950542449951,50.51610565185547,21.1646671295166,47.446571350097656
2019-11-05,61.7397575378418,90.08550262451172,26.69028091430664,64.04268646240234,192.80697631835938,136.3856658935547,5.212817668914795,50.71652603149414,21.148000717163086,47.49977111816406
2019-11-06,61.76616287231445,89.78849792480469,26.61549186706543,64.02135467529297,190.0585174560547,136.0080108642578,5.163576602935791,50.743865966796875,21.77199935913086,47.579612731933594
2019-11-07,62.479026794433594,89.41000366210938,26.49480438232422,64.81133270263672,188.9373321533203,136.19679260253906,5.181233882904053,50.99895095825195,22.369333267211914,47.60621643066406
2019-11-08,62.65000915527344,89.29399871826172,26.636747360229492,64.91349792480469,189.35401916503906,137.8018035888672,5.167307376861572,51.463565826416016,22.47599983215332,46.86113739013672
2019-11-11,63.14615249633789,88.5824966430664,26.580642700195312,64.38188934326172,188.13363647460938,137.94342041015625,5.1772541999816895,51.40891647338867,23.006000518798828,46.657108306884766
2019-11-12,63.088321685791016,88.9000015258789,26.816919326782227,64.32881927490234,192.955810546875,138.84976196289062,5.212817668914795,51.5546760559082,23.32866668701172,46.257957458496094
2019-11-13,63.692832946777344,87.65550231933594,26.658838272094727,64.27774047851562,191.68577575683594,139.07635498046875,5.186954021453857,51.20847702026367,23.073999404907227,46.90548324584961
2019-11-14,63.25210952758789,87.7300033569336,26.259384155273438,64.92092895507812,191.64605712890625,139.78443908691406,5.217295169830322,51.09916305541992,23.290000915527344,46.55067443847656
2019-11-15,64.00350189208984,86.97450256347656,26.594247817993164,66.13043975830078,193.5808868408203,141.587646484375,5.078028678894043,51.39979934692383,23.47800064086914,47.2691535949707
2019-11-18,64.32621002197266,87.62650299072266,26.43785858154297,65.4510498046875,195.8629608154297,141.93698120117188,5.2792181968688965,51.190269470214844,23.332666397094727,47.38447570800781
2019-11-19,64.13114929199219,87.6395034790039,27.001346588134766,65.09151458740234,197.76803588867188,141.98419189453125,5.172529697418213,51.26314163208008,23.968000411987305,47.686058044433594
2019-11-20,63.384552001953125,87.27649688720703,26.488859176635742,64.55941772460938,195.97210693359375,141.73789978027344,5.251862525939941,51.23580551147461,23.481332778930664,47.45543670654297
2019-11-21,63.10039520263672,86.7354965209961,26.793121337890625,64.47412109375,196.3888397216797,141.60525512695312,5.226993083953857,51.226707458496094,23.655332565307617,46.99418640136719
2019-11-22,63.04498291015625,87.28600311279297,26.765073776245117,64.15328216552734,197.27194213867188,141.70945739746094,5.244650840759277,51.37247085571289,22.202667236328125,46.825653076171875
2019-11-25,64.15040588378906,88.69200134277344,27.16452980041504,64.74686431884766,198.23434448242188,143.26304626464844,5.501300811767578,51.527347564697266,22.422666549682617,47.686058044433594
2019-11-26,63.649471282958984,89.84700012207031,26.879810333251953,65.11185455322266,197.4207305908203,144.02093505859375,5.396601676940918,51.481781005859375,21.92799949645996,47.570743560791016
2019-11-27,64.50443267822266,90.92549896240234,27.064237594604492,65.06869506835938,200.42715454101562,144.295654296875,5.431443691253662,51.57289505004883,22.086000442504883,47.801368713378906
2019-11-29,64.36233520507812,90.04000091552734,26.874711990356445,64.66999053955078,200.06996154785156,143.40521240234375,5.394110679626465,51.144718170166016,21.996000289916992,47.09176254272461
2019-12-02,63.61817169189453,89.08000183105469,26.40811538696289,63.91474533081055,198.1450653076172,141.6715545654297,5.207704067230225,50.497901916503906,22.32466697692871,46.99418640136719
2019-12-03,62.48386001586914,88.49800109863281,26.051162719726562,64.20633697509766,197.27194213867188,141.44419860839844,5.16813325881958,49.73263931274414,22.413333892822266,46.8167724609375
2019-12-04,63.03536605834961,88.03450012207031,26.3231258392334,65.40641021728516,197.1627655029297,141.95579528808594,5.211935520172119,49.56864547729492,22.20199966430664,47.17158508300781
2019-12-05,63.960140228271484,87.02400207519531,26.44805908203125,65.80413055419922,197.80770874023438,142.03152465820312,5.195011615753174,49.81462478637695,22.024667739868164,48.253753662109375
2019-12-06,65.19562530517578,87.58000183105469,26.861114501953125,66.42053985595703,199.48455810546875,143.75564575195312,5.28037691116333,49.951271057128906,22.392667770385742,48.73273468017578
2019-12-09,64.28287506103516,87.47550201416016,26.719186782836914,66.59905242919922,199.7722930908203,143.38626098632812,5.28037691116333,50.388572692871094,22.635332107543945,48.30696487426758
2019-12-10,64.65856170654297,86.96050262451172,26.776975631713867,66.59410095214844,199.3059539794922,143.1683807373047,5.325422286987305,50.85318374633789,23.256000518798828,48.360198974609375
2019-12-11,65.21005249023438,87.43599700927734,27.173025131225586,66.66155242919922,200.6851348876953,143.70831298828125,5.4090447425842285,51.29957962036133,23.51333236694336,49.584266662597656
2019-12-12,65.3762435913086,88.0165023803711,27.859743118286133,66.87181091308594,195.21803283691406,145.16717529296875,5.576536178588867,51.44535446166992,23.978666305541992,51.98808670043945
2019-12-13,66.26490783691406,88.0469970703125,26.807573318481445,66.79147338867188,192.59861755371094,146.38919067382812,5.5745463371276855,49.65974807739258,23.892667770385742,51.668766021728516
2019-12-16,67.39920806884766,88.46050262451172,27.462846755981445,67.47730255126953,196.37892150878906,147.33656311035156,5.603415489196777,49.18601608276367,25.433332443237305,51.925994873046875
2019-12-17,67.53167724609375,89.53299713134766,27.519786834716797,67.18917083740234,196.84524536132812,146.54080200195312,5.681561470031738,48.13834762573242,25.266000747680664,52.53804016113281
2019-12-18,67.37031555175781,89.20149993896484,27.829145431518555,67.0414047241211,200.92327880859375,146.23764038085938,5.711923599243164,48.6394157409668,26.209999084472656,52.42272186279297
2019-12-19,67.43775939941406,89.61399841308594,27.545284271240234,67.26605224609375,204.4555206298828,147.5070343017578,5.860005855560303,48.50274658203125,26.93600082397461,51.77067565917969
2019-12-20,67.29810333251953,89.32499694824219,27.386463165283203,67.00719451904297,204.6936492919922,149.1174774169922,5.957315444946289,48.83072280883789,27.03933334350586,51.74388885498047
2019-12-23,68.3962631225586,89.6500015258789,27.431955337524414,66.9779281616211,204.57460021972656,149.1174774169922,5.94362735748291,48.930931091308594,27.947999954223633,52.0029182434082
2019-12-24,68.46131134033203,89.46050262451172,27.51523780822754,66.67047119140625,203.52285766601562,149.0890655517578,5.938649654388428,48.68494415283203,28.350000381469727,51.592037200927734
2019-12-26,69.819580078125,93.4384994506836,27.298892974853516,67.56507110595703,206.1720428466797,150.3111572265625,5.952835559844971,48.80339050292969,28.729333877563477,52.02972412109375
2019-12-27,69.79310607910156,93.48999786376953,27.174407958984375,67.17678833007812,206.4796600341797,150.58584594726562,5.895096302032471,48.70317840576172,28.691999435424805,52.21728515625
2019-12-30,70.20732879638672,92.34449768066406,26.91084098815918,66.43639373779297,202.81838989257812,149.2880401611328,5.781857490539551,48.01080322265625,27.64666748046875,51.67243194580078
2019-12-31,70.72029113769531,92.39199829101562,27.13062286376953,66.42053985595703,203.65182495117188,149.39222717285156,5.85602331161499,48.26588439941406,27.8886661529541,51.89572525024414
2020-01-02,72.33390045166016,94.90049743652344,27.677494049072266,67.8730239868164,208.14657592773438,152.1583709716797,5.970754146575928,49.149574279785156,28.68400001525879,53.62857437133789
2020-01-03,71.63066101074219,93.74849700927734,26.973520278930664,67.5179672241211,207.0452117919922,150.2637481689453,5.875186443328857,48.97649002075195,29.534000396728516,51.860008239746094
2020-01-06,72.20140838623047,95.14399719238281,26.933164596557617,69.31758880615234,210.9446258544922,150.6521759033203,5.899825096130371,49.231563568115234,30.1026668548584,51.26154708862305
2020-01-07,71.86182403564453,95.34300231933594,26.84044647216797,69.18370056152344,211.40101623535156,149.27859497070312,5.97125244140625,49.34089279174805,31.270666122436523,52.09223937988281
2020-01-08,73.01783752441406,94.59850311279297,26.505632400512695,69.67611694335938,213.54421997070312,151.65631103515625,5.982451915740967,49.533058166503906,32.80933380126953,52.4763298034668
2020-01-09,74.56877136230469,95.05249786376953,26.2927188873291,70.40758514404297,216.60023498535156,153.55096435546875,6.048154830932617,49.7618293762207,32.089332580566406,52.905059814453125
2020-01-10,74.73735809326172,94.15799713134766,25.688322067260742,70.8623275756836,216.3621063232422,152.8404541015625,6.080508708953857,49.82587432861328,31.876667022705078,52.5745735168457
2020-01-13,76.33409118652344,94.56500244140625,25.856595993041992,71.41130065917969,220.18212890625,154.6782989501953,6.271145820617676,49.94484329223633,34.990665435791016,53.64643859863281
2020-01-14,75.3033218383789,93.47200012207031,26.457548141479492,70.94316101074219,217.3542938232422,153.5888671875,6.154175281524658,50.2193717956543,35.861331939697266,53.878665924072266
2020-01-15,74.98060607910156,93.10099792480469,26.024866104125977,71.37012481689453,219.4280548095703,154.58352661132812,6.111617565155029,50.10955810546875,34.56666564941406,52.154762268066406
2020-01-16,75.91986846923828,93.89700317382812,26.36054039001465,71.91363525390625,220.04324340820312,157.41604614257812,6.195240497589111,50.72267150878906,34.232666015625,52.4763298034668
2020-01-17,76.7603759765625,93.23600006103516,26.50992202758789,73.36959838867188,220.4103240966797,158.2970733642578,6.203950881958008,50.44812774658203,34.03333282470703,52.324466705322266
2020-01-21,76.24018859863281,94.5999984741211,26.44810676574707,73.50498962402344,219.71578979492188,157.72865295410156,6.170600414276123,50.530494689941406,36.47999954223633,52.02077102661133
2020-01-22,76.51231384277344,94.37300109863281,26.868776321411133,73.58531951904297,219.59674072265625,156.97076416015625,6.224606513977051,50.072940826416016,37.97066879272461,52.1190299987793
2020-01-23,76.88077545166016,94.22899627685547,27.442264556884766,73.62599182128906,218.04885864257812,157.93701171875,6.293047904968262,50.31087875366211,38.14666748046875,51.341941833496094
2020-01-24,76.65921783447266,93.08200073242188,27.81572151184082,72.70757293701172,216.2430419921875,156.34552001953125,6.2338151931762695,49.478153228759766,37.654666900634766,51.565242767333984
2020-01-27,74.40504455566406,91.41699981689453,26.53052520751953,70.99970245361328,213.1969451904297,153.73097229003906,5.977971076965332,48.215354919433594,37.201332092285156,49.3589973449707
2020-01-28,76.50987243652344,92.6624984741211,27.327226638793945,71.93049621582031,216.0941925048828,156.7434539794922,6.171347618103027,48.91995620727539,37.793331146240234,50.99359130859375
2020-01-29,78.1114273071289,92.9000015258789,27.2585391998291,72.23794555664062,221.4918670654297,159.18748474121094,6.110870838165283,48.68203353881836,38.732666015625,51.08290481567383
2020-01-30,77.99822998046875,93.53399658203125,27.060226440429688,72.11646270751953,207.89852905273438,163.67782592773438,6.117590427398682,48.782691955566406,42.72066879272461,49.841346740722656
2020-01-31,74.53988647460938,100.43599700927734,26.198284149169922,71.0517578125,200.3378448486328,161.2621307373047,5.8841447830200195,47.99573516845703,43.371334075927734,48.179962158203125
2020-02-03,74.33517456054688,100.20999908447266,26.204288482666016,73.52233123779297,202.60009765625,165.1935272216797,5.981208324432373,48.58137893676758,52.0,48.92133331298828
2020-02-04,76.78926849365234,102.4834976196289,26.75115966796875,71.67808532714844,208.19619750976562,170.63113403320312,6.1504411697387695,49.4506950378418,59.137332916259766,51.37767791748047
2020-02-05,77.41539764404297,101.99349975585938,27.247379302978516,71.70982360839844,208.47402954101562,170.42269897460938,6.24078369140625,50.09125518798828,48.97999954223633,51.73495101928711
2020-02-06,78.3209457397461,102.5114974975586,27.445695877075195,73.19356536865234,209.208251953125,173.95620727539062,6.327641010284424,50.06380081176758,49.930667877197266,51.824275970458984
2020-02-07,77.25634765625,103.96399688720703,27.062803268432617,73.34925842285156,210.67672729492188,174.20248413085938,6.261439323425293,50.072940826416016,49.871334075927734,50.19861602783203
2020-02-10,77.62329864501953,106.69550323486328,26.974374771118164,74.81465911865234,211.40101623535156,178.75914001464844,6.5446600914001465,50.32002639770508,51.41866683959961,50.93105697631836
2020-02-11,77.15497589111328,107.54000091552734,27.486045837402344,74.88409423828125,205.57675170898438,174.72354125976562,6.667104721069336,50.466434478759766,51.62533187866211,52.39592742919922
2020-02-12,78.98722076416016,108.0,27.875812530517578,75.30908203125,209.11891174316406,174.97935485839844,6.782833576202393,50.9971809387207,51.15266799926758,53.26234436035156
2020-02-13,78.42475891113281,107.49349975585938,27.813138961791992,75.04923248291016,211.48043823242188,174.031982421875,6.7390289306640625,50.61285400390625,53.599998474121094,52.994380950927734
2020-02-14,78.44408416748047,106.74349975585938,27.280866622924805,75.31402587890625,212.5123291015625,175.58560180664062,7.212141990661621,50.75926208496094,53.33533477783203,51.97611999511719
2020-02-18,77.0077133178711,107.78350067138672,26.678192138671875,75.3492431640625,216.10414123535156,177.3665771484375,7.380880355834961,50.7409553527832,57.22666549682617,50.18075942993164
2020-02-19,78.12300872802734,108.51100158691406,27.102293014526367,75.6185073852539,215.7965545654297,177.89849853515625,7.832088947296143,50.731807708740234,61.16133117675781,51.484859466552734
2020-02-20,77.32154846191406,107.65499877929688,26.548555374145508,75.22773742675781,212.90921020507812,175.18177795410156,7.682764053344727,50.79586410522461,59.96066665649414,50.448726654052734
2020-02-21,75.57135772705078,104.79850006103516,26.14162254333496,73.56497955322266,208.54347229003906,169.64376831054688,7.318660736083984,50.03635025024414,60.06666564941406,49.65376663208008
2020-02-24,71.9817123413086,100.4645004272461,25.034137725830078,70.41104888916016,199.15713500976562,162.32955932617188,6.8012495040893555,48.17874526977539,55.58599853515625,48.34074401855469
2020-02-25,69.54351806640625,98.63700103759766,24.26835060119629,68.74779510498047,195.23788452148438,159.6508026123047,6.521763801574707,46.632266998291016,53.32733154296875,48.10850524902344
2020-02-26,70.64671325683594,98.97949981689453,24.54307746887207,68.9535903930664,195.66452026367188,161.64564514160156,6.6611328125,47.629695892333984,51.91999816894531,49.15357208251953
2020-02-27,66.02871704101562,94.21499633789062,23.51887321472168,65.20854949951172,188.2725372314453,150.2562255859375,6.290336608886719,46.46755599975586,45.266666412353516,47.599361419677734
2020-02-28,65.99006652832031,94.1875,23.404693603515625,66.4135971069336,190.97137451171875,153.89442443847656,6.725381851196289,45.25966262817383,44.53266525268555,48.09064865112305
2020-03-02,72.13379669189453,97.69750213623047,24.464950561523438,68.74779510498047,194.91046142578125,164.13433837890625,6.883759498596191,46.57736587524414,49.574668884277344,50.00212860107422
2020-03-03,69.84285736083984,95.44950103759766,23.544626235961914,66.33771514892578,184.44259643554688,156.26914978027344,6.621290683746338,44.701454162597656,49.70066833496094,49.01957702636719
2020-03-04,73.0824966430664,98.79149627685547,24.50615882873535,68.51374053955078,190.2668914794922,162.00660705566406,7.084970474243164,46.24793243408203,49.96666717529297,50.984657287597656
2020-03-05,70.7119140625,96.20149993896484,23.526599884033203,65.19912719726562,183.72821044921875,157.9409942626953,6.80556583404541,43.923641204833984,48.30266571044922,49.77881622314453
2020-03-06,69.77285766601562,95.05449676513672,23.132545471191406,64.25592803955078,179.67996215820312,153.47645568847656,6.625023365020752,43.34714889526367,46.89866638183594,49.18929672241211
2020-03-09,64.25438690185547,90.03050231933594,21.267000198364258,60.29119110107422,168.18020629882812,143.07493591308594,6.11203670501709,42.10264205932617,40.53333282470703,46.2952766418457
2020-03-10,68.88207244873047,94.59100341796875,22.570219039916992,63.23585891723633,176.80255126953125,152.85899353027344,6.501509189605713,44.45438766479492,43.02199935913086,48.6890983581543
2020-03-11,66.48977661132812,91.04299926757812,21.116762161254883,60.0486946105957,168.91444396972656,145.93414306640625,6.137685298919678,40.922203063964844,42.28200149536133,46.66150665283203
2020-03-12,59.923587799072266,83.83049774169922,18.782472610473633,55.12191390991211,153.26724243164062,132.09405517578125,5.386630058288574,36.42002487182617,37.369998931884766,43.49058151245117
2020-03-13,67.1029281616211,89.25,20.108015060424805,60.215816497802734,168.9541473388672,150.87364196777344,5.9974846839904785,43.85957717895508,36.44133377075195,46.65256118774414
2020-03-16,58.4703483581543,84.4574966430664,16.103927612304688,53.21022033691406,144.87310791015625,128.63636779785156,4.890824794769287,39.092037200927734,29.67133331298828,40.105323791503906
2020-03-17,61.04129409790039,90.39199829101562,17.12812614440918,55.44474792480469,148.2565460205078,139.227783203125,5.410536766052246,42.88045883178711,28.68000030517578,43.35660171508789
2020-03-18,59.5469970703125,91.5,14.411799430847168,54.112266540527344,145.8157196044922,133.36688232421875,5.05069637298584,43.255638122558594,24.08133316040039,39.63190460205078
2020-03-19,59.09074783325195,94.04650115966797,16.6937255859375,55.127864837646484,151.9376678466797,135.56117248535156,5.303456783294678,41.242469787597656,28.50933265686035,39.575096130371094
2020-03-20,55.3393440246582,92.30449676513672,16.782779693603516,52.972686767578125,148.5641632080078,130.46969604492188,5.123660564422607,41.773216247558594,28.50200080871582,40.15217971801758
2020-03-23,54.163700103759766,95.1415023803711,16.891918182373047,52.274452209472656,146.94683837890625,129.1683349609375,5.296483039855957,40.43720245361328,28.952667236328125,40.81040954589844
2020-03-24,59.59770202636719,97.00499725341797,18.576129913330078,56.03734588623047,159.72654724121094,140.9091339111328,6.205170631408691,43.77723693847656,33.66666793823242,44.06550216674805
2020-03-25,59.26939010620117,94.29199981689453,18.994346618652344,54.629493713378906,154.99368286132812,139.56028747558594,6.116517543792725,42.0385856628418,35.95000076293945,44.1827278137207
2020-03-26,62.38832092285156,97.77449798583984,21.231233596801758,57.669368743896484,162.06814575195312,148.28993225097656,6.405884265899658,46.19302749633789,35.21066665649414,44.967193603515625
2020-03-27,59.8053092956543,95.00499725341797,20.141603469848633,55.057952880859375,155.56918334960938,142.2010040283203,6.29357385635376,45.59823226928711,34.29066848754883,42.298187255859375
2020-03-30,61.51202392578125,98.19750213623047,20.964061737060547,56.845672607421875,164.6578369140625,152.20352172851562,6.6138200759887695,46.083221435546875,33.47533416748047,43.118736267089844
2020-03-31,61.3864860534668,97.48600006103516,20.701263427734375,57.62125778198242,165.50123596191406,149.80978393554688,6.564262390136719,44.22562026977539,34.93333435058594,43.09168243408203
2020-04-01,58.15651321411133,95.38500213623047,19.525196075439453,54.65329360961914,158.35728454589844,144.4902801513672,6.0530171394348145,44.57334899902344,32.104000091552734,41.93751907348633
2020-04-02,59.126953125,95.94149780273438,20.697769165039062,55.393680572509766,156.95826721191406,147.48248291015625,6.361806392669678,45.57077407836914,30.29800033569336,43.398258209228516
2020-04-03,58.277217864990234,95.32949829101562,20.453306198120117,54.1871337890625,152.97947692871094,146.1240997314453,6.073935508728027,45.20474624633789,32.000667572021484,42.43344497680664
2020-04-06,63.36117172241211,99.87950134277344,22.04059410095215,58.674556732177734,164.26097106933594,156.9910888671875,6.683793544769287,47.11724853515625,34.41600036621094,45.05735397338867
2020-04-07,62.62730407714844,100.58000183105469,22.113065719604492,58.643314361572266,167.5154266357422,155.30027770996094,6.450458526611328,46.44925308227539,36.36333465576172,44.83194351196289
2020-04-08,64.230224609375,102.1500015258789,22.796707153320312,59.85529327392578,172.9229736328125,156.8580780029297,6.647686004638672,47.92951965332031,36.589332580566406,45.32786560058594
2020-04-09,64.69374084472656,102.13800048828125,22.202999114990234,59.83396911621094,173.82589721679688,156.86753845214844,6.5480756759643555,48.89492416381836,38.20000076293945,43.57859420776367
2020-04-13,65.96350860595703,108.44349670410156,22.693681716918945,60.02439880371094,173.4290313720703,157.2190399169922,6.719903945922852,48.701839447021484,43.39666748046875,43.95730209350586
2020-04-14,69.29486846923828,114.16600036621094,23.36684226989746,62.7429313659668,176.78269958496094,164.99876403808594,7.07102632522583,49.64883804321289,47.32600021362305,45.6524772644043
2020-04-15,68.66239166259766,115.38400268554688,22.47715187072754,62.34968185424805,175.59205627441406,163.26991271972656,6.993578910827637,48.87653350830078,48.65533447265625,44.7778434753418
2020-04-16,69.20796966552734,120.40950012207031,22.551368713378906,62.35612869262695,174.87767028808594,168.1714630126953,7.338725566864014,49.37302017211914,49.680667877197266,47.248470306396484
2020-04-17,68.26890563964844,118.75,23.214052200317383,63.425785064697266,177.84437561035156,169.65330505371094,7.279459476470947,50.2188835144043,50.259334564208984,48.41164016723633
2020-04-20,66.85186004638672,119.68049621582031,22.550491333007812,62.54059600830078,176.85215759277344,166.29066467285156,7.148223400115967,49.56609344482422,49.75733184814453,47.4197883605957
2020-04-21,64.78546142578125,116.40599822998047,21.62238311767578,60.11118698120117,169.47012329101562,159.413330078125,6.711435317993164,47.175601959228516,45.781333923339844,46.31972885131836
2020-04-22,66.6515121459961,118.17449951171875,22.698047637939453,62.404727935791016,180.86070251464844,164.82781982421875,7.125810623168945,48.058258056640625,48.807334899902344,47.744388580322266
2020-04-23,66.39320373535156,119.97250366210938,22.60723876953125,63.037498474121094,183.68850708007812,162.8330078125,7.072518825531006,47.78241729736328,47.04199981689453,47.46486282348633
2020-04-24,68.30994415283203,120.51100158691406,23.120628356933594,63.3067741394043,188.5900421142578,165.80625915527344,7.211474895477295,48.73862075805664,48.34333419799805,47.5460205078125
2020-04-27,68.35823822021484,118.80000305175781,23.438438415527344,63.02212142944336,186.04006958007812,165.33126831054688,7.397993087768555,49.06960678100586,53.25,48.249332427978516
2020-04-28,67.25018310546875,115.7040023803711,23.113643646240234,61.12430953979492,181.4857940673828,161.3036346435547,7.255552291870117,48.913299560546875,51.27466583251953,47.57307052612305
2020-04-29,69.45903778076172,118.635498046875,24.09937286376953,66.55889892578125,192.677978515625,168.5419158935547,7.43235969543457,49.53852081298828,53.367332458496094,49.12397003173828
2020-04-30,70.92434692382812,123.69999694824219,23.715211868286133,66.78303527832031,203.11605834960938,170.23275756835938,7.2784624099731445,48.701839447021484,52.12533187866211,47.90669631958008
2020-05-01,69.78250122070312,114.302001953125,22.674468994140625,65.32606506347656,200.695068359375,165.82521057128906,7.041889190673828,47.616920471191406,46.75466537475586,46.076271057128906
2020-05-04,70.76985931396484,115.79949951171875,22.89798927307129,65.60279846191406,203.66175842285156,169.8812713623047,7.253808975219727,47.58015441894531,50.74599838256836,47.02304458618164
2020-05-05,71.8320083618164,115.88999938964844,23.125865936279297,66.89807891845703,205.45767211914062,171.70510864257812,7.314821243286133,47.85596466064453,51.2140007019043,46.62630081176758
2020-05-06,72.5731430053711,117.56300354003906,23.06561851501465,66.72005462646484,206.84678649902344,173.3959503173828,7.415674209594727,47.6812744140625,52.172000885009766,47.00501251220703
2020-05-07,73.32389831542969,118.38050079345703,23.3773193359375,67.90277862548828,209.61505126953125,174.40284729003906,7.591983318328857,48.36165237426758,52.00266647338867,47.18533706665039
2020-05-08,75.06913757324219,118.98049926757812,24.012941360473633,68.64960479736328,210.69656372070312,175.42874145507812,7.781987190246582,49.25349044799805,54.62799835205078,47.70832824707031
2020-05-11,76.25037384033203,120.44999694824219,24.045244216918945,69.60420989990234,211.5200958251953,177.3855743408203,8.0339994430542,49.216712951660156,54.08599853515625,47.248470306396484
2020-05-12,75.37896728515625,117.84750366210938,23.438438415527344,68.19537353515625,208.46408081054688,173.367431640625,7.772027492523193,48.058258056640625,53.96066665649414,46.076271057128906
2020-05-13,74.46881866455078,118.39600372314453,22.975690841674805,66.86386108398438,203.50302124023438,170.74571228027344,7.749614238739014,47.48820495605469,52.73066711425781,45.913963317871094
2020-05-14,74.92632293701172,119.44249725341797,23.276918411254883,67.2868881225586,205.19969177246094,171.4866943359375,7.999137878417969,48.646671295166016,53.55533218383789,46.97795486450195
2020-05-15,74.4833755493164,120.48899841308594,22.736459732055664,68.09022521972656,209.23802185058594,173.9849090576172,8.457590103149414,48.65586471557617,53.27799987792969,44.904075622558594
2020-05-18,76.2382583618164,121.31300354003906,23.881973266601562,68.6912841796875,211.53001403808594,175.64724731445312,8.716076850891113,48.86733627319336,54.242000579833984,46.77056884765625
2020-05-19,75.79772186279297,122.46649932861328,23.7440242767334,68.15670013427734,215.1912841796875,174.43133544921875,8.771108627319336,48.12260437011719,53.867332458496094,45.81477737426758
2020-05-20,77.2718505859375,124.89700317382812,24.331619262695312,69.88043975830078,228.17935180664062,176.85081481933594,8.934967994689941,48.637481689453125,54.37066650390625,46.74352264404297
2020-05-21,76.6957778930664,122.33699798583984,23.99285888671875,69.76093292236328,229.5883331298828,174.7266387939453,8.74097728729248,48.01227951049805,55.17333221435547,45.76067352294922
2020-05-22,77.18955993652344,121.84400177001953,24.15438461303711,70.082763671875,233.08091735839844,174.8028564453125,8.990996360778809,48.38003921508789,54.45866775512695,44.904075622558594
2020-05-26,76.66669464111328,121.09300231933594,24.623239517211914,70.48593139648438,230.39199829101562,172.95489501953125,8.683703422546387,48.52714538574219,54.591331481933594,45.823795318603516
2020-05-27,77.00074768066406,120.51950073242188,25.10955810546875,70.43186950683594,227.35581970214844,173.1835174560547,8.491954803466797,48.913299560546875,54.68199920654297,46.653358459472656
2020-05-28,77.0346450805664,120.05500030517578,24.721025466918945,70.33071899414062,223.70449829101562,172.79295349121094,8.45385456085205,49.29946517944336,53.72066879272461,45.336883544921875
2020-05-29,76.95958709716797,122.11849975585938,25.43086051940918,71.08845520019531,223.33737182617188,174.55519104003906,8.840835571289062,49.437381744384766,55.66666793823242,45.38197326660156
2020-06-01,77.90604400634766,123.552001953125,25.31910514831543,71.15538787841797,230.10427856445312,174.1551055908203,8.771856307983398,48.78458786010742,59.87333297729492,46.01314926147461
2020-06-02,78.26668548583984,123.62049865722656,26.023693084716797,71.52436065673828,230.90792846679688,176.13644409179688,8.790779113769531,48.98686218261719,58.770668029785156,46.89680099487305
2020-06-03,78.69757080078125,123.91999816894531,27.025142669677734,71.37259674072266,228.36790466308594,176.56509399414062,8.735252380371094,49.179935455322266,58.86399841308594,47.84356689453125
2020-06-04,78.01981353759766,123.02999877929688,26.969263076782227,70.13533020019531,224.52801513671875,174.24082946777344,8.736247062683105,48.59150695800781,57.62533187866211,48.943641662597656
2020-06-05,80.24188995361328,124.1500015258789,27.68433952331543,71.41079711914062,228.97314453125,178.31773376464844,8.8892183303833,49.630462646484375,59.04399871826172,49.773189544677734
2020-06-08,80.71632385253906,126.2030029296875,27.72275161743164,71.80850982666016,229.5982208251953,179.4227294921875,8.774613380432129,50.660213470458984,63.327999114990234,50.106815338134766
2020-06-09,83.26516723632812,130.04299926757812,27.530668258666992,72.00883483886719,236.81163024902344,180.79441833496094,9.014780044555664,49.8143424987793,62.711334228515625,51.044578552246094
2020-06-10,85.40739440917969,132.37249755859375,27.506221771240234,72.63467407226562,234.88671875,187.5003662109375,9.33442497253418,49.74998092651367,68.336669921875,51.89215850830078
2020-06-11,81.30693817138672,127.89800262451172,25.64738655090332,69.52042388916016,222.6824951171875,177.43191528320312,8.765894889831543,47.175601959228516,64.85600280761719,49.62892150878906
2020-06-12,82.00890350341797,127.2509994506836,26.21490478515625,70.06689453125,226.80020141601562,178.83213806152344,8.9016752243042,47.6812744140625,62.35200119018555,50.494544982910156
2020-06-15,83.02312469482422,128.63400268554688,26.5501766204834,70.45469665527344,230.68966674804688,179.97520446777344,9.14209270477295,48.95927047729492,66.05999755859375,50.512577056884766
2020-06-16,85.22343444824219,130.7635040283203,27.129043579101562,71.73064422607422,233.81515502929688,184.3855438232422,9.03720474243164,50.19131088256836,65.47533416748047,50.314208984375
2020-06-17,85.10482025146484,132.0489959716797,27.36652946472168,72.03165435791016,233.6960906982422,185.02374267578125,9.20412826538086,47.368675231933594,66.11933135986328,51.03554916381836
2020-06-18,85.13868713378906,132.69900512695312,27.826650619506836,71.11821746826172,234.10289001464844,187.00502014160156,9.186189651489258,49.36382293701172,66.9306640625,51.00829315185547
2020-06-19,84.65216827392578,133.75050354003906,26.707271575927734,70.6480941772461,236.93069458007812,185.89053344726562,9.229290008544922,50.016624450683594,66.72666931152344,50.2452278137207
2020-06-22,86.86698913574219,135.6909942626953,27.65728759765625,71.93841552734375,237.3573455810547,191.05337524414062,9.493873596191406,50.67860794067383,66.28800201416016,50.872032165527344
2020-06-23,88.72114562988281,138.2205047607422,27.459699630737305,72.5989761352539,240.3538360595703,192.32981872558594,9.417387962341309,50.742958068847656,66.78533172607422,51.562442779541016
2020-06-24,87.15503692626953,136.72000122070312,27.077749252319336,71.04778289794922,232.1978302001953,188.4529571533203,9.203629493713379,50.05339813232422,64.0566635131836,51.398921966552734
2020-06-25,88.31205749511719,137.72900390625,27.243587493896484,71.46435546875,233.84487915039062,190.8343048095703,9.457250595092773,50.13612747192383,65.73200225830078,51.816802978515625
2020-06-26,85.59858703613281,134.64349365234375,27.116558074951172,67.56855010986328,214.39755249023438,187.01454162597656,9.123409271240234,49.8143424987793,63.982666015625,51.17182540893555
2020-06-29,87.5713882446289,134.0189971923828,27.325620651245117,69.28585815429688,218.92201232910156,189.0244598388672,9.168251037597656,50.34761047363281,67.29000091552734,51.226322174072266
2020-06-30,88.30240631103516,137.9409942626953,27.839885711669922,70.32129669189453,225.3019561767578,193.85386657714844,9.464974403381348,50.8165168762207,71.98733520507812,51.571529388427734
2020-07-01,88.13538360595703,143.93499755859375,27.585834503173828,71.50898742675781,235.7003631591797,194.98744201660156,9.497111320495605,51.01878356933594,74.64199829101562,51.616947174072266
2020-07-02,88.13538360595703,144.51499938964844,27.827533721923828,72.89402770996094,231.60250854492188,196.4734344482422,9.579081535339355,51.43252182006836,80.57733154296875,53.25212097167969
2020-07-06,90.49300384521484,152.8520050048828,28.120391845703125,74.36785125732422,238.40908813476562,200.70274353027344,9.80529499053955,52.039344787597656,91.43866729736328,56.213592529296875
2020-07-07,90.21221923828125,150.00599670410156,27.6202392578125,73.88533782958984,238.98458862304688,198.36895751953125,9.837682723999023,51.77271270751953,92.65733337402344,55.15074157714844
2020-07-08,92.31326293945312,154.0554962158203,28.18919563293457,74.56373596191406,241.6833953857422,202.73170471191406,10.180745124816895,52.094512939453125,91.05867004394531,56.85859298706055
2020-07-09,92.71027374267578,159.13150024414062,28.359437942504883,75.31056213378906,242.5962371826172,204.15098571777344,10.472733497619629,52.8944091796875,92.9520034790039,58.84804916381836
2020-07-10,92.8724365234375,160.0,28.17772674560547,76.3197250366211,243.16180419921875,203.5317840576172,10.443087577819824,52.76568603515625,102.97666931152344,58.00320053100586
2020-07-13,92.4439926147461,155.1999969482422,27.460582733154297,74.99169921875,237.13905334472656,197.24496459960938,10.017560958862305,52.41630554199219,99.80400085449219,59.11149978637695
2020-07-14,93.97378540039062,154.1999969482422,27.79313087463379,75.4196548461914,237.86338806152344,198.46424865722656,10.34118938446045,52.81333541870117,101.12000274658203,60.82842254638672
2020-07-15,94.62007904052734,150.44349670410156,27.67845916748047,75.22229766845703,238.40908813476562,198.16896057128906,10.191956520080566,52.277809143066406,103.06732940673828,60.010841369628906
2020-07-16,93.45575714111328,149.9949951171875,27.463228225708008,75.12508392333984,239.05401611328125,194.2444305419922,10.099776268005371,51.53916549682617,100.04266357421875,60.49230194091797
2020-07-17,93.26696014404297,148.09849548339844,27.584074020385742,75.22080993652344,240.1454620361328,193.25376892089844,10.166296005249023,50.68971633911133,100.05599975585938,60.31970977783203
2020-07-20,95.23247528076172,159.8419952392578,27.973957061767578,77.55104064941406,243.50906372070312,201.56002807617188,10.474478721618652,51.15137481689453,109.53333282470703,60.76483917236328
2020-07-21,93.9181137084961,156.9145050048828,27.727853775024414,77.15827941894531,239.86764526367188,198.8452911376953,10.292858123779297,51.62226867675781,104.55733489990234,61.60057067871094
2020-07-22,94.18194580078125,154.99549865722656,27.68022346496582,77.60111999511719,238.00225830078125,201.7029266357422,10.402727127075195,51.714599609375,106.15533447265625,62.254661560058594
2020-07-23,89.89513397216797,149.32749938964844,27.3159122467041,75.2158432006836,230.78892517089844,192.92991638183594,10.094793319702148,51.4837646484375,100.87133026123047,61.200889587402344
2020-07-24,89.67240905761719,150.44549560546875,26.973661422729492,74.79235076904297,228.91360473632812,191.7487335205078,10.159317970275879,51.382205963134766,94.46666717529297,67.13291931152344
2020-07-27,91.79767608642578,152.760498046875,27.581430435180664,75.84463500976562,231.681884765625,194.1777801513672,10.385537147521973,51.09598159790039,102.63999938964844,75.6267318725586
2020-07-28,90.28966522216797,150.01649475097656,27.11127281188965,74.56620788574219,228.32818603515625,192.4346160888672,10.180245399475098,51.105201721191406,98.43267059326172,69.87638092041016
2020-07-29,92.02037811279297,151.67649841308594,27.243587493896484,75.55106353759766,231.4735107421875,194.37782287597656,10.429381370544434,51.42835998535156,99.94066619873047,75.09984588623047
2020-07-30,93.13385009765625,152.593994140625,27.530261993408203,76.28799438476562,232.67408752441406,194.22540283203125,10.577373504638672,51.012882232666016,99.16600036621094,72.61073303222656
2020-07-31,102.88389587402344,158.23399353027344,27.940441131591797,73.78764343261719,251.6948699951172,195.28273010253906,10.578121185302734,51.197532653808594,95.38400268554688,71.66598510742188
2020-08-03,105.47633361816406,155.59449768066406,28.33562660217285,73.5302734375,249.9981231689453,206.26565551757812,10.97225570678711,51.6869010925293,99.0,71.72047424316406
2020-08-04,106.18070983886719,156.94149780273438,28.967199325561523,73.0611572265625,247.8847198486328,203.16983032226562,11.189003944396973,51.70535659790039,99.13333129882812,72.8469467163086
2020-08-05,106.56558227539062,160.25149536132812,29.06864356994629,73.3482666015625,247.1802520751953,202.83645629882812,11.247804641723633,51.243709564208984,99.00133514404297,74.15508270263672
2020-08-06,110.28357696533203,161.25,29.035125732421875,74.63066864013672,263.21441650390625,206.08468627929688,11.296382904052734,51.04057693481445,99.30533599853516,73.146728515625
2020-08-07,107.77622985839844,158.3730010986328,28.75020408630371,74.30438232421875,266.3498229980469,202.39828491210938,11.160852432250977,50.99441146850586,96.84733581542969,72.70159149169922
2020-08-10,109.34270477294922,157.4080047607422,28.876346588134766,74.22750854492188,260.95220947265625,198.36895751953125,11.126471519470215,50.726654052734375,94.57133483886719,72.55625915527344
2020-08-11,106.09085083007812,154.0334930419922,28.582605361938477,73.4201889038086,254.1356964111328,193.7300567626953,10.812559127807617,50.10803985595703,91.6259994506836,70.80297088623047
2020-08-12,109.61671447753906,158.11199951171875,29.4302978515625,74.74424743652344,257.8664245605469,199.26441955566406,11.400772094726562,50.01569747924805,103.65066528320312,72.12020111083984
2020-08-13,111.5566635131836,158.05099487304688,29.058061599731445,75.21087646484375,259.2654113769531,198.797607421875,11.403512001037598,49.87720489501953,108.06666564941406,71.12999725341797
2020-08-14,111.45723724365234,157.4010009765625,28.91692352294922,74.61480712890625,259.2058410644531,198.9881134033203,11.524094581604004,50.04340362548828,110.04733276367188,71.22991943359375
2020-08-17,111.16625213623047,159.12049865722656,29.1374454498291,75.19055938720703,259.1264953613281,200.30264282226562,12.294425964355469,49.84950637817383,122.3759994506836,72.8469467163086
2020-08-18,112.09259033203125,165.62449645996094,28.9892578125,77.15133666992188,260.2973327636719,201.45523071289062,12.218438148498535,50.948246002197266,125.80599975585938,72.13836669921875
2020-08-19,112.23323822021484,163.0240020751953,29.039535522460938,76.597412109375,260.54541015625,200.23300170898438,12.096610069274902,51.8900260925293,125.23533630371094,71.34800720214844
2020-08-20,114.7236328125,164.86849975585938,29.006011962890625,78.16645050048828,266.9154052734375,204.89276123046875,12.099100112915039,51.02210235595703,133.45533752441406,69.77645111083984
2020-08-21,120.6356430053711,164.23599243164062,29.11098289489746,78.13273620605469,264.9309997558594,203.40318298339844,12.639728546142578,50.95748519897461,136.6653289794922,71.16633605957031
2020-08-24,122.0784683227539,165.3730010986328,29.46206283569336,78.60780334472656,269.2768859863281,204.04295349121094,12.676353454589844,51.714599609375,134.27999877929688,71.67506408691406
2020-08-25,121.07695007324219,167.32449340820312,29.650833129882812,79.63432312011719,278.63348388671875,206.69740295410156,12.705999374389648,51.78845977783203,134.8893280029297,72.71068572998047
2020-08-26,122.72350311279297,172.09249877929688,29.96221160888672,81.53263092041016,301.5436706542969,211.1661376953125,12.72891902923584,53.08108901977539,143.54466247558594,74.26409149169922
2020-08-27,121.25640106201172,170.0,29.91545867919922,80.758544921875,290.9368896484375,216.3510284423828,12.58466911315918,52.79486846923828,149.25,73.21939849853516
2020-08-28,121.05998229980469,170.08999633789062,30.416492462158203,81.299560546875,291.37347412109375,218.57577514648438,13.102377891540527,53.441192626953125,147.55999755859375,73.07404327392578
2020-08-31,125.1653823852539,172.54800415039062,30.622013092041016,80.8086166381836,290.91705322265625,215.34835815429688,13.328343391418457,52.83179473876953,166.10667419433594,71.99301147460938
2020-09-01,130.15106201171875,174.95599365234375,31.71493911743164,82.07564544677734,293.13958740234375,217.0098419189453,13.777424812316895,53.23805236816406,158.35000610351562,74.08241271972656
2020-09-02,127.45453643798828,176.57249450683594,33.07954406738281,85.16561126708984,300.1446533203125,221.19204711914062,14.301265716552734,54.502986907958984,149.1233367919922,74.64562225341797
2020-09-03,117.25041198730469,168.39999389648438,31.057769775390625,80.8076171875,288.8532409667969,207.4899444580078,12.974464416503906,52.72100830078125,135.6666717529297,73.74630737304688
2020-09-04,117.32801818847656,164.7310028076172,32.01573181152344,78.41242218017578,280.528564453125,204.57763671875,12.5827054977417,51.45607376098633,139.44000244140625,71.68415832519531
2020-09-08,109.43241882324219,157.49200439453125,30.921056747436523,75.55554962158203,269.0486755371094,193.51084899902344,11.87544059753418,51.077510833740234,110.06999969482422,70.23975372314453
2020-09-09,113.79730224609375,163.4304962158203,31.758169174194336,76.72736358642578,271.58868408203125,201.75125122070312,12.674914360046387,52.5825080871582,122.09333038330078,72.1292724609375
2020-09-10,110.0822982788086,158.7554931640625,31.497936248779297,75.6770248413086,266.0025634765625,196.09854125976562,12.272934913635254,52.93335723876953,123.77999877929688,71.67506408691406
2020-09-11,108.63705444335938,155.81100463867188,31.729053497314453,75.16675567626953,264.5340576171875,194.81898498535156,12.126151084899902,52.62867736816406,124.23999786376953,71.60240173339844
2020-09-14,111.89615631103516,155.14849853515625,31.949575424194336,74.82308959960938,264.07763671875,196.13673400878906,12.831665992736816,54.900020599365234,139.8733367919922,73.12857055664062
2020-09-15,112.07077026367188,157.80650329589844,32.36504364013672,76.1268081665039,270.298828125,199.35459899902344,12.950041770935059,56.26652145385742,149.9199981689453,77.9886474609375
2020-09-16,108.76313781738281,153.90499877929688,32.37651443481445,74.9847640991211,261.46807861328125,195.79298400878906,12.475042343139648,55.795616149902344,147.25332641601562,75.51770782470703
2020-09-17,107.02690124511719,150.43649291992188,32.27771759033203,73.74252319335938,252.8358612060547,193.74957275390625,12.42420482635498,55.564788818359375,141.14332580566406,74.79362487792969
2020-09-18,103.63197326660156,147.74549865722656,31.731700897216797,71.95975494384766,250.56373596191406,191.3433074951172,12.150819778442383,55.16777801513672,147.38333129882812,73.25957489013672
2020-09-21,106.77471160888672,148.02349853515625,31.314220428466797,70.92084503173828,246.21780395507812,193.3962860107422,12.47778606414795,56.15571975708008,149.79666137695312,73.58828735351562
2020-09-22,108.45275115966797,156.44949340820312,32.186561584472656,72.3926773071289,252.7664031982422,198.0559539794922,12.597905158996582,55.9710578918457,141.41000366210938,73.48786926269531
2020-09-23,103.90357971191406,149.9929962158203,31.296424865722656,69.891845703125,247.08102416992188,191.53431701660156,12.085525512695312,54.43836212158203,126.78666687011719,71.15028381347656
2020-09-24,104.97054290771484,150.989501953125,31.37920570373535,70.55982971191406,247.58705139160156,194.01693725585938,12.30906867980957,54.75227737426758,129.26333618164062,71.57030487060547
2020-09-25,108.90863037109375,154.75650024414062,31.76018524169922,71.36318969726562,252.8358612060547,198.43792724609375,12.833161354064941,55.21394348144531,135.77999877929688,72.02687072753906
2020-09-28,111.50816345214844,158.70249938964844,32.69481658935547,72.33515167236328,254.8203125,199.98477172851562,12.993906021118164,55.01081085205078,140.39999389648438,72.83953857421875
2020-09-29,110.66427612304688,157.24400329589844,32.424224853515625,72.70013427734375,259.75164794921875,197.90318298339844,13.184053421020508,54.90924835205078,139.69000244140625,73.51525115966797
2020-09-30,112.33264923095703,157.43649291992188,32.429569244384766,72.6792984008789,259.86077880859375,200.83460998535156,13.487842559814453,55.12160873413086,143.00332641601562,74.02661895751953
2020-10-01,113.28321838378906,161.06300354003906,32.810550689697266,73.78517150878906,264.5539245605469,202.86843872070312,13.571577072143555,55.1031494140625,149.3866729736328,75.44192504882812
2020-10-02,109.62643432617188,156.25,31.762853622436523,72.18340301513672,257.9160461425781,196.8815155029297,13.021066665649414,54.31832504272461,138.3633270263672,73.78006744384766
2020-10-05,113.00193786621094,159.9600067138672,32.5880126953125,73.53375244140625,262.58935546875,200.88230895996094,13.599489212036133,54.99234390258789,141.89332580566406,77.19511413574219
2020-10-06,109.76221466064453,154.9980010986328,32.39929962158203,71.9562759399414,256.6459655761719,196.61415100097656,13.693193435668945,54.9461784362793,137.9933319091797,75.89850616455078
2020-10-07,111.62457275390625,159.7845001220703,32.64498519897461,72.35895538330078,256.1101989746094,200.35714721679688,13.919977188110352,56.169883728027344,141.76666259765625,79.36834716796875
2020-10-08,111.51786804199219,159.52749633789062,33.23158645629883,73.5634994506836,261.706298828125,201.0733184814453,13.79511833190918,56.447994232177734,141.97332763671875,80.17189025878906
2020-10-09,113.45781707763672,164.33250427246094,33.531558990478516,74.9034194946289,262.3908996582031,206.06719970703125,13.71935749053955,56.68902587890625,144.6666717529297,81.06674194335938
2020-10-12,120.66472625732422,172.14649963378906,34.0416145324707,77.58824157714844,273.6028747558594,211.4048614501953,14.181146621704102,56.976417541503906,147.43333435058594,83.0116958618164
2020-10-13,117.46380615234375,172.18150329589844,33.95793151855469,77.71121215820312,273.9898986816406,212.7989501953125,14.203328132629395,56.52216339111328,148.88333129882812,81.8520278930664
2020-10-14,117.55110931396484,168.1855010986328,33.85200500488281,77.53121948242188,269.7034912109375,210.8892364501953,14.050811767578125,56.51288986206055,153.76666259765625,80.90239715576172
2020-10-15,117.08551788330078,166.9324951171875,33.81907653808594,77.13597106933594,264.6432189941406,209.74342346191406,13.925955772399902,56.10498809814453,149.6266632080078,80.49148559570312
2020-10-16,115.44625854492188,163.635498046875,33.705135345458984,77.74246978759766,263.8593444824219,209.74342346191406,13.76795482635498,55.89176940917969,146.55667114257812,79.1674575805664
2020-10-19,112.49755096435547,160.36050415039062,33.44877624511719,75.87042999267578,259.3645935058594,204.54898071289062,13.455194473266602,55.27064895629883,143.61000061035156,79.95275115966797
2020-10-20,113.9815902709961,160.85049438476562,33.557373046875,76.91827392578125,265.4766845703125,204.9595489501953,13.602477073669434,55.39116668701172,140.64666748046875,80.59192657470703
2020-10-21,113.36083221435547,159.2469940185547,33.11764907836914,78.64945983886719,276.5596618652344,205.1028289794922,13.482108116149902,55.31699752807617,140.8800048828125,80.02580261230469
2020-10-22,112.27444458007812,158.82000732421875,33.23514175415039,79.67449188232422,275.9544372558594,205.18875122070312,13.318877220153809,55.335548400878906,141.92999267578125,80.54627990722656
2020-10-23,111.58577728271484,160.22000122070312,33.17728805541992,80.97969818115234,282.572509765625,206.46829223632812,13.547402381896973,55.53022384643555,140.2100067138672,80.63758850097656
2020-10-26,111.59546661376953,160.3520050048828,32.31562805175781,78.5651626586914,274.9523010253906,200.59591674804688,13.099817276000977,53.29602813720703,140.0933380126953,79.1948471069336
2020-10-27,113.09893035888672,164.31649780273438,32.009422302246094,79.2886734008789,281.08416748046875,203.622802734375,13.354512214660645,52.91594696044922,141.55999755859375,79.17659759521484
2020-10-28,107.86105346679688,158.13900756835938,30.906536102294922,74.92078399658203,265.5858154296875,193.52993774414062,12.587189674377441,51.534645080566406,135.33999633789062,76.56507110595703
2020-10-29,111.85736846923828,160.55050659179688,31.600847244262695,77.20590209960938,278.643310546875,195.4779052734375,12.982937812805176,51.933265686035156,136.94332885742188,77.51470947265625
2020-10-30,105.5913314819336,151.8074951171875,31.121950149536133,80.14311218261719,261.0613098144531,193.32945251464844,12.494483947753906,52.01671600341797,129.34666442871094,76.5833511352539
2020-11-02,105.50403594970703,150.2239990234375,31.26615333557129,80.55024719238281,259.3249816894531,193.19580078125,12.54108715057373,52.33190155029297,133.50332641601562,78.26348876953125
2020-11-03,107.12388610839844,152.42050170898438,31.48957633972168,81.60851287841797,263.2342834472656,197.11068725585938,12.9784517288208,52.656368255615234,141.3000030517578,80.07145690917969
2020-11-04,111.49845123291016,162.05799865722656,32.4571647644043,86.57694244384766,285.1423645019531,206.6210174560547,13.75075912475586,52.36898422241211,140.32666015625,81.67853546142578
2020-11-05,115.4559555053711,166.10000610351562,33.90274429321289,87.40261840820312,292.3855285644531,213.20950317382812,14.115355491638184,52.52658462524414,146.02999877929688,82.57340240478516
2020-11-06,115.32479095458984,165.56849670410156,33.880489349365234,87.26525115966797,291.1253967285156,213.62010192871094,14.51608943939209,52.656368255615234,143.31666564941406,83.46826934814453
2020-11-09,113.0219955444336,157.18699645996094,33.42829895019531,87.34906005859375,276.5993957519531,208.53076171875,13.587775230407715,52.693450927734375,140.4199981689453,81.2950210571289
2020-11-10,112.68192291259766,151.75100708007812,32.32364273071289,86.17378234863281,270.3087463378906,201.48387145996094,12.72973918914795,52.535850524902344,136.7866668701172,80.0440444946289
2020-11-11,116.10211944580078,156.8695068359375,33.46213150024414,86.6453857421875,274.3272705078125,206.77378845214844,13.375699043273926,53.02718734741211,139.0433349609375,82.98429107666016
2020-11-12,115.83006286621094,155.51400756835938,32.952964782714844,86.42668914794922,272.9381408691406,205.7139129638672,13.414326667785645,52.33190155029297,137.25332641601562,82.01639556884766
2020-11-13,115.87862396240234,156.4405059814453,33.246707916259766,87.88662719726562,274.7936096191406,206.735595703125,13.255077362060547,52.75835037231445,136.1666717529297,85.12097930908203
2020-11-16,116.88912963867188,156.55299377441406,33.89740753173828,87.9743881225586,276.78790283203125,207.42312622070312,13.472639083862305,52.98085021972656,136.02999877929688,90.64537048339844
2020-11-17,116.00494384765625,156.7830047607422,33.878719329833984,87.36095428466797,272.8587341308594,204.77821350097656,13.379932403564453,52.95301818847656,147.20333862304688,87.3946762084961
2020-11-18,114.68350982666016,155.2729949951172,33.880489349365234,86.3185806274414,269.8523254394531,202.07839965820312,13.386412620544434,52.146480560302734,162.2133331298828,88.50867462158203
2020-11-19,115.27619934082031,155.8509979248047,34.21073913574219,87.20772552490234,270.8148193359375,203.36126708984375,13.397878646850586,52.33190155029297,166.42333984375,88.21648406982422
2020-11-20,114.01306915283203,154.97000122070312,34.1217155456543,86.10733032226562,267.6000671386719,201.41786193847656,13.046488761901855,51.63660430908203,163.20333862304688,87.04766845703125
2020-11-23,110.62201690673828,154.91949462890625,34.44840621948242,85.66993713378906,266.33990478515625,201.1497802734375,13.098573684692383,51.98889923095703,173.9499969482422,89.60440063476562
2020-11-24,111.90457916259766,155.9029998779297,34.913936614990234,87.47203826904297,274.7637939453125,204.7398681640625,12.916895866394043,53.37019348144531,185.1266632080078,88.2438735961914
2020-11-25,112.7402114868164,159.2534942626953,34.78932571411133,87.48345184326172,273.44415283203125,204.74945068359375,13.193023681640625,53.221866607666016,191.3333282470703,89.02001953125
2020-11-27,113.2843246459961,159.76699829101562,35.15605926513672,88.61856079101562,275.6468811035156,206.0514373779297,13.219442367553711,53.546329498291016,195.25332641601562,90.16143035888672
2020-11-30,115.6745834350586,158.40199279785156,35.74623489379883,87.00093841552734,274.8134460449219,204.94090270996094,13.359247207641602,53.50925827026367,189.1999969482422,88.59086608886719
2020-12-01,119.24054718017578,161.00399780273438,36.01238250732422,89.03215789794922,284.31884765625,206.98965454101562,13.347784042358398,54.45484161376953,194.9199981689453,92.09722137451172
2020-12-02,119.59032440185547,160.17649841308594,35.93761444091797,90.50051879882812,285.2812805175781,206.1854705810547,13.501797676086426,54.770042419433594,189.60667419433594,90.89191436767578
2020-12-03,119.45429229736328,159.3365020751953,35.5877799987793,90.34530639648438,279.6553955078125,205.10365295410156,13.357709884643555,54.94617462158203,197.7933349609375,90.85539245605469
2020-12-04,118.78385162353516,158.12899780273438,36.6452751159668,90.44051361083984,277.52215576171875,205.21856689453125,13.51949691772461,55.585838317871094,199.67999267578125,94.71790313720703
2020-12-07,120.2413330078125,157.89999389648438,37.46508026123047,90.10677337646484,283.3563537597656,205.1515350341797,13.567856788635254,55.43751907348633,213.9199981689453,97.14676666259766
2020-12-08,120.85344696044922,158.864501953125,37.68939971923828,89.8240966796875,281.193359375,206.79818725585938,13.311842918395996,54.72368240356445,216.6266632080078,96.46195983886719
2020-12-09,118.32719421386719,155.2100067138672,37.04939270019531,88.16432189941406,275.75604248046875,202.76771545410156,12.89378833770752,55.37261199951172,201.4933319091797,95.34793090820312
2020-12-10,119.74578094482422,155.07449340820312,36.49928665161133,87.65800476074219,274.9622497558594,201.54232788085938,12.935171127319336,55.14085006713867,209.02333068847656,95.17446899414062
2020-12-11,118.93932342529297,155.8209991455078,36.12364196777344,88.0125732421875,271.4200134277344,204.16543579101562,12.976055145263672,56.18842697143555,203.3300018310547,94.99182891845703
2020-12-14,118.32719421386719,157.84849548339844,36.65595626831055,86.89481353759766,272.0550231933594,205.06539916992188,13.270709037780762,56.327476501464844,213.27667236328125,94.56266021728516
2020-12-15,124.25422668457031,158.25599670410156,37.21318435668945,87.33219909667969,273.4044494628906,204.99835205078125,13.322311401367188,57.34723663330078,211.0833282470703,95.95970916748047
2020-12-16,124.18618774414062,162.04800415039062,37.82203674316406,87.1392822265625,273.5235595703125,209.92872619628906,13.204648971557617,58.20011901855469,207.58999633789062,96.06017303466797
2020-12-17,125.05097198486328,161.8040008544922,37.92885208129883,86.3121337890625,272.3427734375,210.0627899169922,13.303116798400879,58.969573974609375,218.63333129882812,95.27340698242188
2020-12-18,123.0688247680664,160.08250427246094,39.011497497558594,85.60348510742188,274.24786376953125,209.26815795898438,13.234066009521484,60.31378173828125,231.6666717529297,95.62187194824219
2020-12-21,124.59429168701172,160.3090057373047,38.5015983581543,86.0170669555664,270.66595458984375,213.09754943847656,13.294143676757812,59.7761116027832,216.6199951171875,96.12618255615234
2020-12-22,128.14080810546875,160.3260040283203,38.88043975830078,85.30594635009766,265.01031494140625,214.38998413085938,13.240297317504883,60.3972282409668,213.44667053222656,95.31008911132812
2020-12-23,127.24688720703125,159.2635040283203,38.194583892822266,85.70316314697266,266.02239990234375,211.5945281982422,12.972064971923828,60.536285400390625,215.32666015625,95.14505004882812
2020-12-24,128.22830200195312,158.63450622558594,38.733211517333984,85.99723052978516,265.31787109375,213.25071716308594,12.956608772277832,60.2210807800293,220.58999633789062,97.17154693603516
2020-12-28,132.8143768310547,164.197998046875,38.770912170410156,87.97093200683594,274.8431701660156,215.3665008544922,12.863126754760742,60.13766098022461,221.22999572753906,97.33660888671875
2020-12-29,131.04603576660156,166.10000610351562,38.515968322753906,87.16756439208984,274.6249084472656,214.5910186767578,12.906256675720215,59.75756072998047,221.99667358398438,96.79557800292969
2020-12-30,129.92860412597656,164.29249572753906,39.03574752807617,86.10088348388672,269.75311279296875,212.2263946533203,13.108177185058594,59.701934814453125,231.5933380126953,99.85826110839844
2020-12-31,128.9278106689453,162.84649658203125,39.306861877441406,86.91365814208984,271.0330505371094,212.93484497070312,13.017684936523438,59.970787048339844,235.22332763671875,99.98666381835938
2021-01-04,125.74082946777344,159.3314971923828,38.17303466796875,85.59903717041016,266.8459167480469,208.40652465820312,13.076018333435059,59.09935760498047,243.2566680908203,102.42579650878906
2021-01-05,127.29549407958984,160.92550659179688,38.431575775146484,86.28932189941406,268.8601379394531,208.60757446289062,13.366435050964355,58.36698532104492,245.0366668701172,103.40695190429688
2021-01-06,123.0105209350586,156.91900634765625,38.194583892822266,85.4378433227539,261.259765625,203.19851684570312,12.578444480895996,58.22739028930664,251.9933319091797,106.01115417480469
2021-01-07,127.20805358886719,158.10800170898438,39.80419921875,87.9897689819336,266.64752197265625,208.98094177246094,13.305858612060547,58.69270706176758,272.0133361816406,111.34793853759766
2021-01-08,128.30601501464844,159.13499450683594,40.00619125366211,89.1546401977539,265.48663330078125,210.25421142578125,13.238801956176758,58.98118591308594,293.3399963378906,108.83543395996094
2021-01-11,125.32302856445312,155.7104949951172,40.016963958740234,87.09466552734375,254.84011840820312,208.215087890625,13.582565307617188,58.65546798706055,270.39666748046875,112.42080688476562
2021-01-12,125.14814758300781,156.04150390625,40.34283447265625,86.15939331054688,249.13491821289062,205.76422119140625,13.446207046508789,58.08780288696289,283.14666748046875,112.78759765625
2021-01-13,127.17887115478516,158.29449462890625,40.5062141418457,86.6463851928711,249.6806182861328,207.11407470703125,13.493070602416992,57.75279998779297,284.8033447265625,109.33061218261719
2021-01-14,125.25501251220703,156.37350463867188,40.583431243896484,85.83656311035156,243.72735595703125,203.9357147216797,13.162520408630371,57.3247184753418,281.6666564941406,115.95113372802734
2021-01-15,123.53520202636719,155.21249389648438,40.02503967285156,85.67291259765625,249.40280151367188,203.58145141601562,12.822742462158203,57.492225646972656,275.38665771484375,114.8324203491211
2021-01-19,124.20565795898438,156.03799438476562,41.22977828979492,88.49211120605469,259.0669860839844,207.20986938476562,12.988020896911621,57.03623580932617,281.51666259765625,120.39845275878906
2021-01-20,128.2865447998047,163.16900634765625,41.464080810546875,93.2329330444336,265.3973083496094,214.7729034423828,13.327548027038574,57.287506103515625,283.48333740234375,119.79326629638672
2021-01-21,132.98931884765625,165.34950256347656,41.90755844116211,93.43526458740234,270.7453308105469,215.3760528564453,13.827863693237305,56.9617919921875,281.663330078125,123.02094268798828
2021-01-22,135.12698364257812,164.6114959716797,41.7459716796875,93.8523178100586,272.3626403808594,216.31430053710938,13.673304557800293,56.17078399658203,282.21331787109375,118.41780853271484
2021-01-25,138.8677978515625,164.6999969482422,41.72532272338867,93.93760681152344,275.8453063964844,219.74160766601562,13.614226341247559,56.67330551147461,293.6000061035156,119.6832275390625
2021-01-26,139.10101318359375,166.30650329589844,41.642738342285156,94.6155014038086,279.8538513183594,222.4221954345703,13.396849632263184,57.510826110839844,294.36334228515625,116.13452911376953
2021-01-27,138.03216552734375,161.62899780273438,39.92180252075195,90.20148468017578,270.02099609375,222.96786499023438,12.880827903747559,58.20879364013672,288.0533447265625,111.63217163085938
2021-01-28,133.20310974121094,161.88099670410156,40.55379104614258,91.90044403076172,262.9366149902344,228.74073791503906,13.013694763183594,56.971099853515625,278.4766540527344,115.38262176513672
2021-01-29,128.2185516357422,160.30999755859375,40.442481994628906,90.61903381347656,256.3185729980469,222.0679931640625,12.952622413635254,56.23591995239258,264.510009765625,111.43043518066406
2021-02-01,130.33673095703125,167.1439971923828,41.90037536621094,93.87760925292969,259.9698791503906,229.43003845214844,13.199165344238281,57.24095916748047,279.9366760253906,116.1436996459961
2021-02-02,131.1626434326172,169.0,42.8106689453125,95.16942596435547,265.00042724609375,229.2960205078125,13.518000602722168,58.04127883911133,290.92999267578125,117.7759017944336
2021-02-03,130.14242553710938,165.62649536132812,41.761234283447266,102.10014343261719,264.5737609863281,232.63720703125,13.491827964782715,57.85515213012695,284.89666748046875,116.9139633178711
2021-02-04,133.49456787109375,166.5500030517578,42.24959945678711,101.83980560302734,264.41497802734375,231.6894073486328,13.625194549560547,58.95326232910156,283.3299865722656,117.50997924804688
2021-02-05,133.0810089111328,167.6074981689453,41.83485412597656,103.58537292480469,266.01251220703125,231.8712921142578,13.552153587341309,59.185909271240234,284.07666015625,117.17070007324219
2021-02-08,133.22698974609375,166.14700317382812,42.4354248046875,103.37162780761719,264.5043029785156,232.1297607421875,14.397481918334961,58.72992706298828,287.8066711425781,121.5446548461914
2021-02-09,132.35121154785156,165.25,42.608680725097656,102.91887664794922,267.35198974609375,233.37435913085938,14.22248363494873,59.25105667114258,283.1533203125,121.66383361816406
2021-02-10,131.74789428710938,164.32899475097656,42.1975212097168,103.46882629394531,269.75311279296875,232.4648895263672,14.722050666809082,58.878822326660156,268.2733459472656,122.59004974365234
2021-02-11,131.494873046875,163.10650634765625,42.946231842041016,103.5813980102539,268.28466796875,234.06361389160156,15.207159042358398,58.348388671875,270.5533447265625,127.60587310791016
2021-02-12,131.7283935546875,163.885498046875,43.65813064575195,103.89282989501953,268.393798828125,234.5423126220703,14.918487548828125,58.70200729370117,272.0400085449219,126.59717559814453
2021-02-16,129.60707092285156,163.44749450683594,43.91038513183594,104.6698989868164,271.8367919921875,233.30734252929688,15.286434173583984,57.82724380493164,265.40667724609375,128.4219970703125
2021-02-17,127.32026672363281,165.4320068359375,43.313392639160156,105.06265258789062,271.43988037109375,234.324462890625,14.86339282989502,57.78071975708008,266.04998779296875,124.95579528808594
2021-02-18,126.22066497802734,166.4114990234375,43.383426666259766,104.42741394042969,267.2924499511719,233.93101501464844,14.786614418029785,57.76210021972656,262.4599914550781,123.45198059082031
2021-02-19,126.37638092041016,162.4949951171875,43.98489761352539,103.5843734741211,259.52337646484375,231.22506713867188,14.883833885192871,56.88733673095703,260.4333190917969,125.31344604492188
2021-02-22,122.61046600341797,159.03700256347656,42.763999938964844,101.87102508544922,258.3029479980469,225.0263214111328,14.314718246459961,59.97691345214844,238.1666717529297,122.47999572753906
2021-02-23,122.47423553466797,159.72500610351562,42.363609313964844,102.16162109375,263.7899475097656,223.83648681640625,14.101577758789062,60.02344512939453,232.94667053222656,118.38111877441406
2021-02-24,121.97797393798828,157.97650146484375,43.16976547241211,103.33642578125,262.2519836425781,225.064697265625,14.457554817199707,60.20956039428711,247.33999633789062,121.31543731689453
2021-02-25,117.73524475097656,152.85800170898438,41.04035949707031,99.97124481201172,252.70687866210938,219.72955322265625,13.269462585449219,60.76792907714844,227.4066619873047,115.53850555419922
2021-02-26,117.99799346923828,154.64649963378906,42.18136978149414,100.26679992675781,255.6140594482422,222.98248291015625,13.675300598144531,60.03276443481445,225.1666717529297,115.48348236083984
2021-03-01,124.35234069824219,157.3070068359375,43.950782775878906,102.63471984863281,262.8472900390625,227.35806274414062,13.8021879196167,61.57754898071289,239.47666931152344,118.40861511230469
2021-03-02,121.754150390625,154.72650146484375,43.136539459228516,102.37784576416016,256.9832763671875,224.41220092773438,13.367929458618164,62.03355407714844,228.81333923339844,115.53850555419922
2021-03-03,118.77645874023438,150.25,41.57002258300781,99.74610137939453,253.4212646484375,218.35736083984375,12.768150329589844,62.266178131103516,217.73333740234375,112.68672180175781
2021-03-04,116.89838409423828,148.8784942626953,39.82215881347656,100.86287689208984,255.63394165039062,217.56094360351562,12.334892272949219,61.0564079284668,207.14666748046875,105.99282836914062
2021-03-05,118.1536865234375,150.0229949951172,40.410152435302734,103.99398803710938,262.2222595214844,222.2340087890625,12.425881385803223,65.11381530761719,199.31666564941406,110.770263671875
2021-03-08,113.22980499267578,147.59750366210938,37.8166389465332,99.55220031738281,253.32205200195312,218.1942138671875,11.560112953186035,67.1518325805664,187.6666717529297,104.47063446044922
2021-03-09,117.83255767822266,153.1425018310547,39.823055267333984,101.18173217773438,263.67083740234375,224.32586669921875,12.488773345947266,67.59850311279297,224.52667236328125,106.71722412109375
2021-03-10,116.75242614746094,152.8820037841797,39.28352355957031,100.97493743896484,262.8374328613281,223.0207977294922,12.436904907226562,67.1146011352539,222.68666076660156,104.37894439697266
2021-03-11,118.67915344238281,155.67950439453125,40.728851318359375,104.16606903076172,271.7474670410156,227.54034423828125,12.960832595825195,62.731483459472656,233.1999969482422,110.56851959228516
2021-03-12,117.77416229248047,154.47450256347656,40.502628326416016,101.65978240966797,266.3101501464844,226.21615600585938,12.823678016662598,62.49884033203125,231.2433319091797,108.47781372070312
2021-03-15,120.65454864501953,154.08399963378906,42.26216125488281,101.87996673583984,271.61846923828125,225.3141632080078,13.158084869384766,63.029273986816406,235.97999572753906,109.19305419921875
2021-03-16,122.19205474853516,154.59300231933594,42.92738342285156,103.34040069580078,277.10540771484375,228.09690856933594,13.257835388183594,62.21036148071289,225.6266632080078,109.44061279296875
2021-03-17,121.40383911132812,156.7864990234375,43.41304397583008,103.25757598876953,281.7986145019531,227.45401000976562,13.307709693908691,61.62409210205078,233.93666076660156,109.3099365234375
2021-03-18,117.28762817382812,151.39950561523438,41.66787338256836,100.238525390625,276.4505615234375,221.38961791992188,12.69051742553711,62.10798645019531,217.72000122070312,105.388916015625
2021-03-19,116.76216888427734,153.7480010986328,42.92636489868164,100.51722717285156,287.8511047363281,221.03457641601562,12.813454627990723,61.661293029785156,218.2899932861328,104.588134765625
2021-03-22,120.0707015991211,155.5435028076172,43.00055694580078,100.70219421386719,291.25439453125,226.4464874267578,13.153098106384277,61.71713638305664,223.3333282470703,107.85565185546875
2021-03-23,119.24353790283203,156.875,41.985435485839844,101.2298355102539,288.3670349121094,227.97216796875,13.03788948059082,62.60120391845703,220.72000122070312,105.74787902832031
2021-03-24,116.85945129394531,154.35350036621094,41.37112045288086,100.79344940185547,279.94317626953125,225.93789672851562,12.611214637756348,62.19173049926758,210.08999633789062,100.28976440429688
2021-03-25,117.34599304199219,152.31300354003906,41.771907806396484,100.78997802734375,276.5696105957031,222.94406127929688,12.50373363494873,63.866798400878906,213.4633331298828,101.66117858886719
2021-03-26,117.94933319091797,152.60150146484375,43.61215591430664,100.40664672851562,280.8162841796875,226.91664123535156,12.806970596313477,65.3743896484375,206.23666381835938,107.28499603271484
2021-03-29,118.1244888305664,153.7864990234375,42.759891510009766,101.45101165771484,288.5555725097656,225.726806640625,12.91569709777832,66.19329833984375,203.76333618164062,105.28766632080078
2021-03-30,116.67457580566406,152.76449584960938,41.27069854736328,101.48472595214844,285.75750732421875,222.47389221191406,12.839387893676758,65.65355682373047,211.8733367919922,105.91355895996094
2021-03-31,118.86405944824219,154.70399475097656,41.949249267578125,102.2806396484375,292.2366943359375,226.23538208007812,13.314691543579102,65.2999267578125,222.64332580566406,108.86811065673828
2021-04-01,119.69117736816406,158.0500030517578,43.06117630004883,105.61608123779297,296.33453369140625,232.54925537109375,13.77702522277832,66.82611083984375,220.5833282470703,114.86931610107422
2021-04-05,122.51316833496094,161.3365020751953,44.1948127746582,110.03852844238281,306.50469970703125,238.99749755859375,13.9523344039917,69.01299285888672,230.35000610351562,114.59319305419922
2021-04-06,122.81481170654297,161.1909942626953,43.777732849121094,109.55750274658203,303.8753356933594,237.83641052246094,13.826648712158203,69.12466430664062,230.5399932861328,112.69709777832031
2021-04-07,124.4593734741211,163.96949768066406,43.65016555786133,111.03380584716797,310.6521301269531,239.79393005371094,14.107941627502441,69.22749328613281,223.6566619873047,110.35001373291016
2021-04-08,126.85316467285156,164.96499633789062,43.92338943481445,111.59913635253906,310.58270263671875,243.00843811035156,14.281009674072266,70.35838317871094,227.93333435058594,113.60830688476562
2021-04-09,129.4221649169922,168.61000061035156,43.888099670410156,112.60283660888672,310.0270690917969,245.5032958984375,14.363797187805176,70.63877868652344,225.67333984375,113.0284423828125
2021-04-12,127.70951080322266,168.96949768066406,43.75962448120117,111.31101989746094,309.1142272949219,245.56089782714844,15.17076301574707,71.14347076416016,233.9933319091797,111.27965545654297
2021-04-13,130.81370544433594,170.0,43.87635040283203,111.79749298095703,307.3481140136719,248.03656005859375,15.640079498291016,71.65750122070312,254.10667419433594,111.62018585205078
2021-04-14,128.47824096679688,166.64999389648438,43.183311462402344,111.17662048339844,300.462158203125,245.25381469726562,15.238595008850098,71.79769134521484,244.07666015625,111.22440338134766
2021-04-15,130.88182067871094,168.95449829101562,43.4276008605957,113.32585144042969,305.4231872558594,249.00567626953125,16.096677780151367,73.17158508300781,246.28334045410156,108.93254852294922
2021-04-16,130.55093383789062,169.9720001220703,43.3181266784668,113.20188903808594,303.7958984375,250.195556640625,15.872495651245117,73.7884292602539,246.5933380126953,109.38357543945312
2021-04-19,131.2126922607422,168.60049438476562,41.799049377441406,113.54952239990234,299.8866882324219,248.27639770507812,15.32313060760498,73.60152435302734,238.2100067138672,106.21728515625
2021-04-20,129.5292205810547,166.7344970703125,41.37022399902344,113.01641082763672,300.2934875488281,247.8158721923828,15.133106231689453,74.05947875976562,239.663330078125,105.80307006835938
2021-04-21,129.90875244140625,168.1009979248047,41.599117279052734,112.98369598388672,299.1225891113281,250.0420684814453,15.321884155273438,71.6481704711914,248.0399932861328,108.05815124511719
2021-04-22,128.39068603515625,165.45199584960938,41.17569351196289,111.7027816772461,294.211181640625,246.7699432373047,14.812915802001953,69.97518157958984,239.89666748046875,106.14366149902344
2021-04-23,130.70669555664062,167.04400634765625,42.17271041870117,114.0538558959961,298.7852783203125,250.5889892578125,15.226873397827148,70.06866455078125,243.13333129882812,109.19947814941406
2021-04-26,131.09588623046875,170.4499969482422,42.69022750854492,114.54974365234375,300.6804504394531,250.97279357910156,15.439088821411133,69.62938690185547,246.06666564941406,111.85031127929688
2021-04-27,130.77479553222656,170.8715057373047,42.19261932373047,113.61002349853516,301.2063293457031,251.3758544921875,15.34307861328125,70.30229187011719,234.913330078125,111.62018585205078
2021-04-28,129.986572265625,172.9250030517578,41.54572677612305,116.98511505126953,304.70880126953125,244.2655029296875,15.238344192504883,69.88172912597656,231.46665954589844,110.13833618164062
2021-04-29,129.8892364501953,173.5655059814453,42.187198638916016,118.65730285644531,326.94427490234375,242.2983856201172,15.286222457885742,70.9098129272461,225.6666717529297,109.62287902832031
2021-04-30,127.92362213134766,173.37100219726562,41.27430725097656,116.71038055419922,322.54876708984375,241.98170471191406,14.971763610839844,70.83503723144531,236.47999572753906,107.45067596435547
2021-05-03,128.9745635986328,169.32449340820312,40.726036071777344,116.19366455078125,320.0682678222656,241.67465209960938,14.79944896697998,72.27436828613281,228.3000030517578,106.71434020996094
2021-05-04,124.41072082519531,165.593505859375,40.21937561035156,114.39601135253906,315.881103515625,237.76927185058594,14.315169334411621,73.39590454101562,224.53334045410156,106.18048095703125
2021-05-05,124.65398406982422,163.52699279785156,40.1551513671875,114.7897720336914,312.567138671875,236.50267028808594,14.422150611877441,74.01274871826172,223.64666748046875,106.19888305664062
2021-05-06,126.2498779296875,165.31849670410156,40.58490753173828,115.90950775146484,317.5281982421875,239.63082885742188,14.48648738861084,74.52680969238281,221.17999267578125,107.68997955322266
2021-05-07,126.9224624633789,164.58050537109375,40.9467887878418,116.63253021240234,316.5954895019531,242.2504119873047,14.775009155273438,75.14363098144531,224.1233367919922,107.53349304199219
2021-05-10,123.64727020263672,159.52450561523438,39.455780029296875,113.64820861816406,303.587646484375,237.1839141845703,14.229887008666992,74.90998840332031,209.67999267578125,103.3731689453125
2021-05-11,122.73103332519531,161.19549560546875,39.81495666503906,112.57258605957031,304.14324951171875,236.2723388671875,14.270282745361328,72.61082458496094,205.73333740234375,103.87018585205078
2021-05-12,119.67029571533203,157.5970001220703,38.21446990966797,109.1106948852539,300.1942138671875,229.3347625732422,13.723907470703125,71.7322769165039,196.6300048828125,99.59941864013672
2021-05-13,121.81476593017578,158.07350158691406,38.95817184448242,110.53839874267578,302.88311767578125,233.2017822265625,13.630895614624023,73.03138732910156,190.56333923339844,100.09646606445312
2021-05-14,124.23213195800781,161.14500427246094,39.95519256591797,112.98517608642578,313.47998046875,238.11471557617188,14.207193374633789,73.73236846923828,196.5800018310547,103.51123809814453
2021-05-17,123.0819091796875,163.51950073242188,39.80320358276367,113.50786590576172,313.0036926269531,235.26483154296875,14.12988567352295,73.90995788574219,192.27667236328125,101.06291961669922
2021-05-18,121.6977767944336,161.61399841308594,39.24226379394531,112.19620513916016,307.5465087890625,233.249755859375,13.980512619018555,73.54545593261719,192.6233367919922,102.02014923095703
2021-05-19,121.54181671142578,161.58999633789062,39.96424865722656,112.64400482177734,311.1482849121094,233.8267822265625,14.030386924743652,73.59219360351562,187.82000732421875,103.45602416992188
2021-05-20,124.09566497802734,162.38400268554688,41.165748596191406,114.4019775390625,316.1291198730469,237.05836486816406,14.575763702392578,73.57349395751953,195.5933380126953,104.26598358154297
2021-05-21,122.26313018798828,160.1540069580078,40.825565338134766,113.76622009277344,313.7677307128906,235.79843139648438,14.954058647155762,73.86322021484375,193.6266632080078,102.94977569580078
2021-05-24,123.89097595214844,162.24949645996094,41.54482650756836,117.08430480957031,322.1022644042969,241.1940155029297,15.57275104522705,74.19034576416016,202.14666748046875,104.588134765625
2021-05-25,123.69600677490234,162.95249938964844,41.57649612426758,117.17505645751953,325.2377014160156,242.0980682373047,15.60840892791748,73.6762924194336,201.56333923339844,105.1864242553711
2021-05-26,123.64727020263672,163.25799560546875,41.662445068359375,118.03990936279297,325.1087341308594,241.87686157226562,15.660530090332031,74.07817840576172,206.3766632080078,106.7695541381836
2021-05-27,122.11692810058594,161.5054931640625,42.31295394897461,117.16563415527344,330.1590881347656,239.7801971435547,15.44905948638916,73.81649780273438,210.28334045410156,106.55784606933594
2021-05-28,121.4638442993164,161.15350341796875,42.73365783691406,116.87651824951172,326.17041015625,240.13607788085938,16.203657150268555,73.59219360351562,208.4066619873047,108.02133178710938
2021-06-01,121.14216613769531,160.9324951171875,42.36994934082031,118.08304595947266,326.5672607421875,237.94320678710938,16.223609924316406,74.36793518066406,207.96665954589844,109.0798110961914
2021-06-02,121.9024658203125,161.69949340820312,42.86031723022461,117.5578842163086,326.58709716796875,237.8470458984375,16.736066818237305,75.02215576171875,201.7066650390625,109.48481750488281
2021-06-03,120.42085266113281,159.35049438476562,42.05238342285156,116.41681671142578,323.5013122558594,236.31784057617188,16.927085876464844,75.78852081298828,190.94667053222656,107.52429962158203
2021-06-04,122.71151733398438,160.31100463867188,42.975215911865234,118.69746398925781,327.7778015136719,241.20364379882812,17.534053802490234,77.4708480834961,199.68333435058594,110.00025939941406
2021-06-07,122.72126007080078,159.90049743652344,41.96009826660156,119.1303939819336,333.959228515625,244.1082000732422,17.574703216552734,78.45220184326172,201.7100067138672,108.81289672851562
2021-06-08,123.54005432128906,163.20550537109375,41.9374885559082,118.93897247314453,331.0818786621094,242.9156036376953,17.413114547729492,79.07841491699219,201.19667053222656,106.69591522216797
2021-06-09,123.92021942138672,164.0574951171875,41.97367477416992,119.41007995605469,327.6785583496094,243.89659118652344,17.318574905395508,78.99430084228516,199.5933380126953,107.80963134765625
2021-06-10,122.92596435546875,167.4824981689453,42.40252685546875,120.75843048095703,329.87127685546875,247.40707397460938,17.385177612304688,76.91943359375,203.3733367919922,108.831298828125
2021-06-11,124.13465118408203,167.3415069580078,42.586181640625,120.51396179199219,328.6806945800781,248.0322265625,17.784507751464844,77.480224609375,203.29666137695312,108.84050750732422
2021-06-14,127.18563842773438,169.19349670410156,43.050315856933594,121.44178771972656,334.1477966308594,249.95584106445312,17.977561950683594,77.21852111816406,205.89666748046875,111.36247253417969
2021-06-15,126.36685943603516,169.156494140625,42.589805603027344,120.4241943359375,334.1279296875,248.4842987060547,17.747844696044922,76.30257415771484,199.7866668701172,109.94502258300781
2021-06-16,126.86392974853516,170.7624969482422,42.138343811035156,119.7824935913086,328.5020446777344,247.54176330566406,17.769546508789062,72.04070281982422,201.6233367919922,108.62881469726562
2021-06-17,128.46255493164062,174.46200561523438,42.62869644165039,120.74554443359375,333.88983154296875,250.92723083496094,18.614608764648438,72.48931884765625,205.53334045410156,110.06185913085938
2021-06-18,127.16614532470703,174.34500122070312,41.93477249145508,119.12641906738281,327.09320068359375,249.51336669921875,18.596155166625977,71.24629211425781,207.77000427246094,106.9850845336914
2021-06-21,128.95965576171875,172.697998046875,42.364234924316406,120.81398010253906,329.7026672363281,252.59104919433594,18.38513946533203,72.89120483398438,206.94332885742188,105.46055603027344
2021-06-22,130.59725952148438,175.27200317382812,42.349647521972656,121.32771301269531,336.39019775390625,255.3609619140625,18.84358787536621,73.53609466552734,207.90333557128906,105.63611602783203
2021-06-23,130.3243408203125,175.1909942626953,42.55116653442383,121.12590026855469,337.9380798339844,255.130126953125,19.01369285583496,72.9940185546875,218.85667419433594,107.2253189086914
2021-06-24,130.04159545898438,172.45399475097656,42.861183166503906,121.49583435058594,340.5079040527344,256.4958190917969,19.161602020263672,72.65754699707031,226.60667419433594,108.3248291015625
2021-06-25,129.74923706054688,170.072998046875,42.14448547363281,121.50426483154297,338.7119140625,254.88975524902344,18.987506866455078,73.33049011230469,223.9566650390625,107.66883087158203
2021-06-28,131.37710571289062,172.1945037841797,43.111019134521484,121.53153991699219,352.870849609375,258.4482727050781,19.93932342529297,73.36787414550781,229.57333374023438,110.5146255493164
2021-06-29,132.88796997070312,172.40699768066406,43.50766372680664,121.27021026611328,349.15008544921875,261.02569580078125,19.98097801208496,72.9940185546875,226.9199981689453,111.08746337890625
2021-06-30,133.50201416015625,172.00799560546875,43.479400634765625,121.08869934082031,345.0025939941406,260.5449523925781,19.956787109375,72.75101470947266,226.56666564941406,111.02279663085938
2021-07-01,133.80419921875,171.64849853515625,42.82289123535156,121.44078826904297,351.6305847167969,261.2181701660156,20.165807723999023,74.33987426757812,225.97332763671875,109.41508483886719
2021-07-02,136.42628479003906,175.5489959716797,42.68885040283203,124.2307357788086,351.9382019042969,267.03692626953125,20.440174102783203,76.47080993652344,226.3000030517578,109.86784362792969
2021-07-06,138.4342803955078,183.78700256347656,43.154781341552734,125.15559387207031,350.0331115722656,267.0465393066406,20.65119171142578,77.6484375,219.86000061035156,110.9211654663086
2021-07-07,140.91986083984375,184.82899475097656,42.81376647949219,125.43727111816406,347.7609558105469,269.2297668457031,20.325193405151367,80.4616470336914,214.88333129882812,109.25801849365234
2021-07-08,139.62344360351562,186.57049560546875,42.901302337646484,124.01898193359375,342.9586181640625,266.8157043457031,19.857263565063477,79.99435424804688,217.60333251953125,108.90692901611328
2021-07-09,141.4462432861328,185.9669952392578,43.78395462036133,124.48958587646484,347.6914978027344,267.3158264160156,20.00442123413086,82.0224838256836,218.98333740234375,111.39237213134766
2021-07-12,140.85165405273438,185.92750549316406,44.291831970214844,125.93466186523438,350.4101257324219,266.7195129394531,20.465621948242188,81.38693237304688,228.56666564941406,113.30496215820312
2021-07-13,141.962890625,183.8679962158203,44.133182525634766,126.29764556884766,349.3484802246094,270.2396545410156,20.203712463378906,81.37757873535156,222.84666442871094,114.47840881347656
2021-07-14,145.38426208496094,184.08399963378906,43.91251754760742,127.18582153320312,344.92327880859375,271.711181640625,19.796157836914062,82.81282043457031,217.7933349609375,114.9311294555664
2021-07-15,144.73118591308594,181.55999755859375,43.524986267089844,125.96389770507812,341.7778625488281,270.2876892089844,18.922901153564453,80.89915466308594,216.86666870117188,108.5927734375
2021-07-16,142.6938934326172,178.68150329589844,42.67972946166992,125.92919921875,338.50360107421875,270.0184020996094,18.119489669799805,82.0717544555664,214.74000549316406,106.93889617919922
2021-07-19,138.8533935546875,177.47950744628906,42.46089553833008,123.55680084228516,334.326416015625,266.42144775390625,18.73682975769043,81.59334564208984,215.4066619873047,106.57853698730469
2021-07-20,142.4600067138672,178.6595001220703,42.727149963378906,125.1749267578125,338.99969482421875,268.6430969238281,18.5694637298584,83.1692886352539,220.1666717529297,107.54869842529297
2021-07-21,141.72889709472656,179.25999450683594,43.67818069458008,126.5034408569336,343.53411865234375,270.6435241699219,19.36563491821289,84.13550567626953,218.42999267578125,108.90692901611328
2021-07-22,143.09359741210938,181.90150451660156,43.432899475097656,127.3687973022461,348.45550537109375,275.2023620605469,19.549217224121094,85.0735855102539,216.4199981689453,107.69654083251953
2021-07-23,144.80914306640625,182.83200073242188,44.05476379394531,131.92465209960938,366.91064453125,278.59747314453125,19.513303756713867,82.25936889648438,214.4600067138672,107.90904998779297
2021-07-26,145.22830200195312,184.99099731445312,43.97178649902344,132.936279296875,369.55987548828125,278.0012512207031,19.249900817871094,82.4188461303711,219.2066650390625,106.85574340820312
2021-07-27,143.0643768310547,181.3195037841797,43.34444808959961,130.81878662109375,364.9461364746094,275.5870056152344,19.164098739624023,82.36255645751953,214.92666625976562,104.90620422363281
2021-07-28,141.31951904296875,181.51600646972656,43.55325698852539,134.9783935546875,370.3735046386719,275.2793273925781,19.458423614501953,81.78093719482422,215.66000366210938,106.31985473632812
2021-07-29,141.962890625,179.99600219726562,44.142295837402344,134.6644744873047,355.530029296875,275.548583984375,19.617063522338867,82.20307159423828,225.78334045410156,107.31771087646484
2021-07-30,142.17733764648438,166.37950134277344,44.259918212890625,133.62210083007812,353.5256652832031,274.01934814453125,19.45443344116211,81.7434310913086,229.06666564941406,107.77046966552734
2021-08-02,141.8459014892578,166.57400512695312,44.19425964355469,133.7490692138672,349.2096252441406,273.9328308105469,19.704862594604492,82.17493438720703,236.55667114257812,107.97373962402344
2021-08-03,143.6394500732422,168.31199645996094,44.38666534423828,134.51820373535156,348.5050964355469,276.1448974609375,19.76971435546875,84.18241119384766,236.5800018310547,109.40584564208984
2021-08-04,143.23977661132812,167.73599243164062,44.47875213623047,134.01783752441406,356.1253356933594,275.5581970214844,20.227664947509766,84.47322082519531,236.97332763671875,109.71075439453125
2021-08-05,143.34701538085938,168.79949951171875,44.46689224243164,135.13461303710938,360.14373779296875,278.4531555175781,20.58983039855957,83.89159393310547,238.2100067138672,110.15428161621094
2021-08-06,142.6636505126953,167.2469940185547,44.26266098022461,134.6258087158203,360.6795654296875,278.3955078125,20.3194522857666,83.97603607177734,233.03334045410156,109.2210693359375
2021-08-09,142.61483764648438,167.093505859375,44.19425964355469,135.79067993164062,358.79437255859375,277.30865478515625,20.248613357543945,84.3324966430664,237.9199981689453,109.23030853271484
2021-08-10,142.13653564453125,166.03399658203125,43.973609924316406,135.68556213378906,358.318115234375,275.4909362792969,19.89043617248535,84.08858489990234,236.663330078125,107.51174926757812
2021-08-11,142.39036560058594,164.60549926757812,44.09123229980469,135.161865234375,357.1572265625,275.9814147949219,19.653974533081055,84.07923126220703,235.94000244140625,107.16988372802734
2021-08-12,145.34825134277344,165.1750030517578,44.155975341796875,136.0693817138672,359.8262634277344,278.73211669921875,19.859506607055664,84.24807739257812,240.75,106.90193939208984
2021-08-13,145.55325317382812,164.69850158691406,44.32921600341797,136.59849548339844,360.3521423339844,281.6558532714844,20.141862869262695,84.78279113769531,239.05667114257812,106.71714782714844
2021-08-16,147.52520751953125,164.94949340820312,44.509765625,137.1757354736328,363.7058410644531,283.3389587402344,19.904407501220703,85.19551849365234,228.72332763671875,105.91329193115234
2021-08-17,146.61732482910156,162.09800720214844,43.64808654785156,135.541259765625,355.65899658203125,281.8770751953125,19.413524627685547,85.31747436523438,221.90333557128906,102.66097259521484
2021-08-18,142.87841796875,160.06100463867188,42.76179122924805,134.3386993408203,352.6823425292969,280.1522521972656,18.99648666381836,83.43196105957031,229.663330078125,102.0511474609375
2021-08-19,143.2103271484375,159.3874969482422,43.177589416503906,134.5677947998047,352.35491943359375,285.97247314453125,19.75275993347168,83.21617889404297,224.49000549316406,102.11583709716797
2021-08-20,144.6649169921875,159.99749755859375,43.327125549316406,136.302978515625,356.5718078613281,293.2863464355469,20.7684326171875,83.43196105957031,226.75332641601562,99.89834594726562
2021-08-23,146.1487274169922,163.2935028076172,43.99092483520508,138.8935546875,360.52081298828125,293.5657958984375,21.90781593322754,83.60081481933594,235.43333435058594,102.52236938476562
2021-08-24,146.0609130859375,165.28900146484375,43.89792251586914,140.1035614013672,362.6639709472656,291.6096496582031,21.74319076538086,83.06610870361328,236.163330078125,103.58491516113281
2021-08-25,144.83090209960938,164.95899963378906,44.078460693359375,140.91433715820312,365.5216369628906,291.0218505859375,22.1622314453125,83.13178253173828,237.06666564941406,108.13081359863281
2021-08-26,144.03038024902344,165.8000030517578,44.29092025756836,140.2810821533203,361.54278564453125,288.2080993652344,22.017562866210938,83.22557830810547,233.72000122070312,109.11943817138672
2021-08-27,145.0651397705078,167.48150634765625,45.22098159790039,142.82357788085938,369.72857666015625,288.815185546875,22.584264755249023,83.81657409667969,237.30667114257812,109.47978210449219
2021-08-30,149.47764587402344,171.07850646972656,45.48997116088867,143.40528869628906,377.6960754394531,292.5443115234375,22.636146545410156,83.9103775024414,243.6366729736328,109.94175720214844
2021-08-31,148.21829223632812,173.5395050048828,45.33678436279297,143.51138305664062,376.4260559082031,290.89654541015625,22.337778091430664,83.61018371582031,245.24000549316406,109.96025085449219
2021-09-01,148.88211059570312,173.9499969482422,44.967491149902344,144.02513122558594,379.0752258300781,290.84844970703125,22.393659591674805,84.37939453125,244.69667053222656,111.29996490478516
2021-09-02,149.99502563476562,173.156005859375,44.852603912353516,142.11245727539062,372.3578796386719,290.1930847167969,22.348752975463867,84.23870086669922,244.1300048828125,111.60488891601562
2021-09-03,150.62957763671875,173.90249633789062,45.379638671875,142.56124877929688,373.3302917480469,290.1835021972656,22.79481315612793,84.42631530761719,244.52333068847656,114.54307556152344
2021-09-07,152.96270751953125,175.46449279785156,45.280250549316406,143.09780883789062,379.2041931152344,289.2583923339844,22.614194869995117,83.22557830810547,250.97332763671875,115.2175521850586
2021-09-08,151.42030334472656,176.27499389648438,45.078739166259766,142.5131378173828,374.6301574707031,289.2872619628906,22.2918758392334,83.92913055419922,251.2899932861328,112.62124633789062
2021-09-09,150.405029296875,174.20799255371094,44.997581481933594,142.36436462402344,375.0567321777344,286.43505859375,22.130218505859375,83.99480438232422,251.6199951171875,113.35116577148438
2021-09-10,145.42637634277344,173.45750427246094,45.42249298095703,139.72120666503906,375.7413635253906,284.9510192871094,22.43057632446289,84.12612915039062,245.42333984375,113.6191177368164
2021-09-13,145.9925537109375,172.85850524902344,45.49635696411133,141.16578674316406,373.578369140625,286.18450927734375,22.105266571044922,83.38507843017578,247.6666717529297,114.21968841552734
2021-09-14,144.5965576171875,172.5,45.761688232421875,141.3760223388672,373.5981750488281,288.8825988769531,22.195077896118164,81.03988647460938,248.163330078125,113.72998809814453
2021-09-15,145.4849090576172,173.7895050048828,46.47929382324219,143.24559020996094,371.00860595703125,293.7295837402344,22.29387092590332,82.2968978881836,251.94332885742188,112.26090240478516
2021-09-16,145.2506103515625,174.41200256347656,46.261383056640625,142.4327850341797,370.1551818847656,294.11505126953125,22.195077896118164,81.84660339355469,252.3300018310547,112.06329345703125
2021-09-17,142.58555603027344,173.12600708007812,46.138275146484375,139.6458282470703,361.880126953125,288.95965576171875,21.85379981994629,81.03988647460938,253.163330078125,109.24290466308594
2021-09-20,139.539794921875,167.7864990234375,45.118858337402344,137.5823974609375,352.93035888671875,283.59234619140625,21.068462371826172,80.83350372314453,243.38999938964844,106.41326904296875
2021-09-21,140.01812744140625,167.18150329589844,45.09772491455078,137.893310546875,354.6965026855469,284.0740966796875,21.201181411743164,81.53704071044922,246.4600067138672,106.65447998046875
2021-09-22,142.38059997558594,169.00250244140625,45.97949981689453,139.13357543945312,340.53765869140625,287.71661376953125,21.894710540771484,82.96293640136719,250.64666748046875,107.4987564086914
2021-09-23,143.33724975585938,170.8000030517578,46.32025909423828,140.0584259033203,343.2661437988281,288.6609802246094,22.434572219848633,83.88223266601562,251.2133331298828,107.79561614990234
2021-09-24,143.4250946044922,171.2760009765625,46.377220153808594,141.0492401123047,350.2117004394531,288.4586486816406,22.034420013427734,84.37004852294922,258.1300048828125,107.28534698486328
2021-09-27,141.9119873046875,170.2899932861328,46.370784759521484,139.9156036376953,350.826904296875,283.467041015625,21.614307403564453,85.40190887451172,263.78668212890625,107.75850677490234
2021-09-28,138.53428649902344,165.79800415039062,45.100486755371094,134.716552734375,337.99755859375,273.20458984375,20.65533447265625,84.8859634399414,259.1866760253906,103.8155517578125
2021-09-29,139.43246459960938,165.05599975585938,44.959041595458984,133.25216674804688,336.9656066894531,273.6670837402344,20.473712921142578,85.59890747070312,260.4366760253906,103.5557861328125
2021-09-30,138.13404846191406,164.2519989013672,44.54112243652344,132.58021545410156,336.74737548828125,271.6628112792969,20.67229461669922,81.73405456542969,258.49334716796875,103.5836181640625
2021-10-01,139.25668334960938,164.16299438476562,44.76340103149414,135.4237518310547,340.3392028808594,278.5815734863281,20.698244094848633,84.18241119384766,258.40667724609375,103.50011444091797
2021-10-04,135.83018493652344,159.48899841308594,43.71630096435547,132.56387329101562,323.6898193359375,272.8094177246094,19.69036865234375,83.7321548461914,260.510009765625,101.14362335205078
2021-10-05,137.75331115722656,161.0500030517578,44.58612060546875,134.9080047607422,330.367431640625,278.2539367675781,20.407854080200195,85.82405853271484,260.1966552734375,101.36629486083984
2021-10-06,138.6221160888672,163.10049438476562,44.894744873046875,136.43734741210938,331.04217529296875,282.4455871582031,20.656335830688477,85.68331909179688,260.9166564941406,101.44051361083984
2021-10-07,139.8814697265625,165.1215057373047,45.366851806640625,138.08377075195312,326.6566162109375,284.1223449707031,21.030536651611328,86.59326934814453,264.53668212890625,102.82286834716797
2021-10-08,139.50074768066406,164.43099975585938,45.26857376098633,138.63963317871094,327.4800720214844,284.1223449707031,20.78705596923828,88.85246276855469,261.8299865722656,102.08993530273438
2021-10-11,139.412841796875,162.31500244140625,45.22173309326172,137.77528381347656,322.91595458984375,283.5249328613281,20.651342391967773,89.69966888427734,263.9800109863281,102.29403686523438
2021-10-12,138.1438446044922,162.3665008544922,44.573265075683594,135.3305206298828,321.2489929199219,282.2239685058594,20.627389907836914,89.9632339477539,268.5733337402344,101.31063079833984
2021-10-13,137.55807495117188,164.21400451660156,44.548465728759766,136.45419311523438,322.0130310058594,285.529296875,20.89482879638672,90.74454498291016,270.3599853515625,102.03427124023438
2021-10-14,140.34030151367188,164.9929962158203,45.70486068725586,139.99395751953125,325.97198486328125,291.73486328125,21.70012855529785,89.69023895263672,272.7733459472656,104.4278793334961
2021-10-15,141.39459228515625,170.4510040283203,46.22383499145508,140.2091827392578,322.2313232421875,293.1418151855469,21.815885543823242,89.73731231689453,281.010009765625,106.56170654296875
2021-10-18,143.06394958496094,172.33700561523438,46.23392868041992,141.6076202392578,332.7289123535156,296.1097717285156,22.17512321472168,90.84809112548828,290.03668212890625,107.00702667236328
2021-10-19,145.22137451171875,172.20750427246094,46.879638671875,142.0628662109375,337.3426818847656,297.0155029296875,22.24298095703125,91.36581420898438,288.0899963378906,108.51000213623047
2021-10-20,145.70944213867188,170.7530059814453,46.78778839111328,140.6068878173828,338.1265869140625,296.2253112792969,22.056373596191406,90.97045135498047,288.6000061035156,107.23895263671875
2021-10-21,145.92417907714844,171.75050354003906,47.224998474121094,140.72293090820312,339.218017578125,299.45355224609375,22.644128799438477,90.65039825439453,298.0,107.88839721679688
2021-10-22,145.15304565429688,166.77749633789062,47.34072494506836,136.43882751464844,322.08251953125,297.91168212890625,22.678054809570312,92.48599243164062,303.2266540527344,105.97722625732422
2021-10-25,145.1041717529297,166.01849365234375,47.95245361328125,136.3203125,326.1307067871094,296.9192199707031,23.117130279541016,92.1471176147461,341.6199951171875,105.42984008789062
2021-10-26,145.76800537109375,168.80349731445312,49.03628921508789,138.1665496826172,313.3509521484375,298.82708740234375,24.66486167907715,91.29051208496094,339.4766540527344,105.93083953857422
2021-10-27,145.30921936035156,169.62449645996094,48.047969818115234,145.01890563964844,309.7889404296875,311.4119873046875,24.399415969848633,90.39624786376953,345.9533386230469,105.53189849853516
2021-10-28,148.9407196044922,172.32850646972656,48.64133071899414,144.6534423828125,314.4523010253906,312.5490417480469,24.888389587402344,90.58452606201172,359.0133361816406,107.62863159179688
2021-10-29,146.23658752441406,168.6215057373047,48.83421325683594,146.83245849609375,321.0505676269531,319.5544738769531,25.513065338134766,90.31153869628906,371.3333435058594,105.48550415039062
2021-11-01,145.4166259765625,165.90550231933594,48.501712799072266,142.32070922851562,327.41064453125,317.3863220214844,25.77251625061035,88.84304809570312,402.86334228515625,105.87517547607422
2021-11-02,146.45135498046875,165.6374969482422,49.3302116394043,144.2403564453125,325.5254821777344,321.0095520019531,26.345308303833008,90.2456283569336,390.6666564941406,105.86588287353516
2021-11-03,147.88641357421875,169.1999969482422,49.817012786865234,145.39630126953125,329.0378723144531,321.84796142578125,26.541889190673828,90.50920104980469,404.6199951171875,105.77312469482422
2021-11-04,147.36898803710938,173.85000610351562,50.39107894897461,147.0521240234375,333.2349853515625,324.19915771484375,29.738130569458008,90.01970672607422,409.9700012207031,109.28002166748047
2021-11-05,147.89694213867188,175.94949340820312,51.337135314941406,147.6318359375,338.47381591796875,323.8330078125,29.68923568725586,89.37960052490234,407.36334228515625,109.28929901123047
2021-11-08,147.07569885253906,174.44900512695312,51.33989715576172,147.80938720703125,335.9833679199219,324.7291564941406,30.739017486572266,89.55845642089844,387.64666748046875,112.17460632324219
2021-11-09,147.43743896484375,178.81149291992188,51.234275817871094,147.6977996826172,332.7586975097656,323.72705078125,30.592329025268555,89.04073333740234,341.1666564941406,112.98176574707031
2021-11-10,144.61203002929688,174.1024932861328,50.40486526489258,144.69757080078125,325.0888366699219,318.7643127441406,29.39685821533203,88.3252944946289,355.98333740234375,109.66038513183594
2021-11-11,144.5631866455078,173.625,51.013832092285156,144.57164001464844,325.1881103515625,320.3350524902344,30.32589340209961,88.52298736572266,354.5033264160156,109.65111541748047
2021-11-12,146.63580322265625,176.25750732421875,51.73210525512695,147.45925903320312,338.2356872558594,324.4689636230469,30.32589340209961,88.05232238769531,344.47332763671875,110.11502838134766
2021-11-15,146.6455535888672,177.28399658203125,51.96631622314453,147.23507690429688,344.8537292480469,323.8426818847656,29.961658477783203,88.5041732788086,337.7966613769531,109.58618927001953
2021-11-16,147.62319946289062,177.03500366210938,52.24187469482422,146.66383361816406,340.2895812988281,327.1574401855469,30.1392822265625,90.00089263916016,351.57666015625,109.54906463623047
2021-11-17,150.0574951171875,177.4499969482422,52.321773529052734,146.83340454101562,338.11663818359375,327.3795471191406,29.199270248413086,89.73731231689453,363.0033264160156,110.4582748413086
2021-11-18,154.33953857421875,184.80299377441406,52.79664993286133,148.61026000976562,336.0528259277344,329.4550476074219,31.608182907104492,89.10662078857422,365.4599914550781,114.47544860839844
2021-11-19,156.9596405029297,183.82850646972656,52.23728942871094,147.70571899414062,342.61138916015625,331.2313537597656,32.91542053222656,88.45710754394531,379.0199890136719,115.2825927734375
2021-11-22,157.41915893554688,178.6284942626953,50.81911087036133,145.1027374267578,338.3547668457031,328.06488037109375,31.888586044311523,89.0595474243164,385.6233215332031,115.73719024658203
2021-11-23,157.80038452148438,179.0019989013672,50.988121032714844,144.5869903564453,334.6239929199219,325.9894104003906,31.679031372070312,87.48754119873047,369.6766662597656,112.59209442138672
2021-11-24,158.3185272216797,179.02049255371094,51.31969451904297,144.92221069335938,338.40435791015625,326.21136474609375,32.605072021484375,88.0899658203125,372.0,111.98905944824219
2021-11-26,153.30328369140625,175.22799682617188,50.204627990722656,141.01748657226562,330.52618408203125,318.26629638671875,31.436542510986328,86.91331481933594,360.6400146484375,108.6305923461914
2021-11-29,156.65652465820312,178.07850646972656,51.8349723815918,144.33755493164062,335.3979797363281,324.9756774902344,33.30559539794922,87.48754119873047,378.9966735839844,110.6623764038086
2021-11-30,161.6034393310547,175.35350036621094,50.8558464050293,140.73434448242188,321.9336242675781,319.1448059082031,32.6070671081543,85.41657257080078,381.586669921875,108.68626403808594
2021-12-01,161.08526611328125,172.18600463867188,50.955055236816406,139.89524841308594,308.18157958984375,318.6524658203125,31.37253189086914,84.48467254638672,365.0,111.91482543945312
2021-12-02,160.0978240966797,171.8679962158203,50.74287796020508,141.79408264160156,307.9731750488281,318.0828857421875,32.06214904785156,84.7105941772461,361.5333251953125,112.90754699707031
2021-12-03,158.22079467773438,169.489501953125,51.26366424560547,140.83749389648438,304.45086669921875,311.8272399902344,30.63200569152832,83.06324005126953,338.3233337402344,110.70877075195312
2021-12-06,161.62294006347656,171.36849975585938,51.893760681152344,141.98153686523438,315.39495849609375,314.8971862792969,29.977304458618164,83.7221908569336,336.336669921875,110.53247833251953
2021-12-07,167.3518829345703,176.1645050048828,54.22860336303711,146.0623016357422,320.2964782714844,323.3249206542969,32.36255645751953,84.7670669555664,350.5833435058594,113.48274993896484
2021-12-08,171.16470336914062,176.1580047607422,54.05958938598633,146.97178649902344,327.98614501953125,323.3731994628906,31.76274871826172,83.7221908569336,356.32000732421875,113.00031280517578
2021-12-09,170.65634155273438,174.17100524902344,53.587486267089844,146.4282989501953,327.251953125,321.56793212890625,30.429405212402344,83.56216430664062,334.6000061035156,110.8664779663086
2021-12-10,175.43698120117188,172.21200561523438,58.02019500732422,146.78829956054688,327.1824645996094,330.6811218261719,30.137985229492188,96.60903930664062,339.010009765625,110.5232162475586
2021-12-13,171.80996704101562,169.5675048828125,57.099849700927734,144.63113403320312,331.88555908203125,327.6498107910156,28.10502815246582,94.97110748291016,322.13665771484375,108.00899505615234
2021-12-14,170.4314727783203,169.0915069580078,56.4798583984375,142.7273712158203,331.141357421875,316.97271728515625,28.280685424804688,94.02979278564453,319.5033264160156,107.88839721679688
2021-12-15,175.29031372070312,173.31500244140625,58.77153015136719,145.24057006835938,338.99969482421875,323.0641784667969,30.398469924926758,97.56920623779297,325.3299865722656,111.70145416259766
2021-12-16,168.40777587890625,168.87100219726562,57.00983428955078,143.26097106933594,332.2923278808594,313.6517639160156,28.330585479736328,97.1644287109375,308.97332763671875,108.59552764892578
2021-12-17,167.31280517578125,170.0175018310547,58.321468353271484,140.563232421875,331.1909484863281,312.58990478515625,27.745750427246094,90.95162963867188,310.8566589355469,108.36262512207031
2021-12-20,165.95391845703125,167.07899475097656,59.24639892578125,140.4462127685547,322.91595458984375,308.8345642089844,27.663911819458008,86.26377868652344,299.9800109863281,107.0770492553711
2021-12-21,169.1214141845703,170.41700744628906,59.737239837646484,142.29641723632812,331.5978088378906,315.9591064453125,29.0172176361084,86.14141082763672,312.84332275390625,109.40599822998047
2021-12-22,171.7122039794922,171.03700256347656,60.56548309326172,145.21478271484375,327.8770446777344,321.6644592285156,29.341571807861328,84.58822631835938,336.2900085449219,113.001953125
2021-12-23,172.33786010742188,171.06849670410156,61.452903747558594,145.71221923828125,332.62969970703125,323.1029052734375,29.581092834472656,84.4564208984375,355.6666564941406,112.42436218261719
2021-12-27,176.29730224609375,169.66949462890625,62.32920837402344,146.694091796875,343.4844970703125,330.59417724609375,30.88349723815918,84.28699493408203,364.64666748046875,114.3061752319336
2021-12-28,175.28053283691406,170.66099548339844,61.841148376464844,145.4845733642578,343.524169921875,329.4356994628906,30.261741638183594,83.44921875,362.8233337402344,113.7099609375
2021-12-29,175.36856079101562,169.2010040283203,62.17485046386719,145.45281982421875,340.26971435546875,330.111572265625,29.941375732421875,83.0350112915039,362.0633239746094,113.10443115234375
2021-12-30,174.2149200439453,168.64450073242188,61.478790283203125,145.00204467773438,341.67864990234375,327.57257080078125,29.52720069885254,82.84675598144531,356.7799987792969,112.1821517944336
2021-12-31,173.59902954101562,166.7169952392578,61.50929260253906,143.66461181640625,333.73101806640625,324.67645263671875,29.352550506591797,82.09368896484375,352.260009765625,112.0796890258789
2022-01-03,177.939697265625,170.4044952392578,61.316097259521484,143.80296325683594,335.9039611816406,323.1607971191406,30.061140060424805,82.74320983886719,399.9266662597656,119.98887634277344
2022-01-04,175.68141174316406,167.52200317382812,62.01862335205078,143.2158203125,333.9096374511719,317.61944580078125,29.231794357299805,83.62805938720703,383.1966552734375,124.27420043945312
2022-01-05,171.00827026367188,164.35699462890625,59.43775177001953,136.64561462402344,321.6458740234375,305.4267578125,27.54914093017578,81.38768005371094,362.7066650390625,118.36791229248047
2022-01-06,168.15354919433594,163.25399780273438,58.885894775390625,136.6183624267578,329.87127685546875,303.0133361816406,28.12200164794922,81.57662963867188,354.8999938964844,119.68144226074219
2022-01-07,168.31980895996094,162.5540008544922,57.23310470581055,135.89382934570312,329.20654296875,303.16778564453125,27.192852020263672,82.68209075927734,342.32000732421875,115.05146026611328
2022-01-10,168.33934020996094,161.48599243164062,57.418907165527344,137.5327911376953,325.5155334472656,303.3897399902344,27.345542907714844,84.35443878173828,352.7066650390625,116.45816040039062
2022-01-11,171.16470336914062,165.36199951171875,57.50117111206055,138.59054565429688,331.7664794921875,304.0752258300781,27.76171875,83.59857940673828,354.79998779296875,120.33358001708984
2022-01-12,171.6046142578125,165.20700073242188,57.49654769897461,140.27114868164062,330.66510009765625,307.25128173828125,27.94335174560547,83.4379653930664,368.739990234375,123.18421936035156
2022-01-13,168.33934020996094,161.21400451660156,55.203163146972656,137.4509735107422,323.9378967285156,294.2475891113281,26.522188186645508,82.9466552734375,343.85333251953125,129.66812133789062
2022-01-14,169.1996612548828,162.13800048828125,55.127349853515625,138.33714294433594,329.315673828125,299.4607238769531,26.88845443725586,82.8521728515625,349.8699951171875,131.03758239746094
2022-01-18,166.00277709960938,158.91749572753906,53.409854888916016,134.88319396972656,315.6727294921875,292.172119140625,25.85152244567871,80.83023834228516,343.5033264160156,124.67477416992188
2022-01-19,162.51258850097656,156.2989959716797,52.132362365722656,134.0089111328125,317.1015930175781,292.8284912109375,25.01718521118164,78.77996063232422,331.8833312988281,122.04769134521484
2022-01-20,160.8310546875,151.66749572753906,50.6302490234375,132.21475219726562,314.0951232910156,291.158447265625,24.10200309753418,78.15636444091797,332.0899963378906,119.551025390625
2022-01-21,158.77804565429688,142.64300537109375,49.290809631347656,129.28297424316406,300.8094482421875,285.78131103515625,23.327547073364258,77.68395233154297,314.6333312988281,116.0110092163086
2022-01-24,158.00570678710938,144.54400634765625,50.06266784667969,129.73178100585938,306.3062744140625,286.1094970703125,23.32554817199707,77.87290954589844,310.0,117.3431625366211
2022-01-25,156.2068634033203,139.98599243164062,49.37493133544922,125.89448547363281,297.8128967285156,278.50225830078125,22.27963638305664,76.59739685058594,306.1333312988281,114.10123443603516
2022-01-26,156.11886596679688,138.87249755859375,51.49916076660156,128.17364501953125,292.33587646484375,286.4377136230469,22.726743698120117,75.19904327392578,312.4700012207031,114.66020202636719
2022-01-27,155.65936279296875,139.6374969482422,50.130149841308594,127.94752502441406,292.3458251953125,289.4593811035156,21.900390625,75.3785629272461,276.3666687011719,108.41853332519531
2022-01-28,166.52093505859375,143.97799682617188,51.774620056152344,132.2578887939453,299.3607482910156,297.5879211425781,22.79460906982422,76.03994750976562,282.1166687011719,109.56438446044922
2022-01-31,170.87142944335938,149.57350158691406,54.15768051147461,134.19436645507812,310.82086181640625,300.2137451171875,24.43733787536621,76.68244171142578,312.239990234375,114.24098205566406
2022-02-01,170.7052001953125,151.19349670410156,54.78996276855469,136.51571655273438,316.5161437988281,298.070556640625,24.58903694152832,76.56903839111328,310.4166564941406,114.63223266601562
2022-02-02,171.90769958496094,150.6125030517578,55.779972076416016,146.78683471679688,320.4850158691406,302.60784912109375,25.191835403442383,77.94849395751953,301.88665771484375,115.65699768066406
2022-02-03,169.03343200683594,138.8455047607422,53.69270706176758,141.9170684814453,235.90872192382812,290.82061767578125,23.900405883789062,77.41939544677734,297.0466613769531,111.64183044433594
2022-02-04,168.74957275390625,157.63949584960938,54.553314208984375,142.11839294433594,235.24391174316406,295.3481750488281,24.27066993713379,77.58000946044922,307.7733459472656,112.7411117553711
2022-02-07,168.03500366210938,157.9355010986328,54.3194465637207,138.05995178222656,223.15875244140625,290.53094482421875,24.678855895996094,76.28560638427734,302.4466552734375,113.94286346435547
2022-02-08,171.13803100585938,161.4134979248047,55.48324966430664,138.25633239746094,218.465576171875,294.01593017578125,25.058103561401367,76.33285522460938,307.3333435058594,115.24707794189453
2022-02-09,172.55743408203125,161.1894989013672,56.51115417480469,140.4313201904297,230.19357299804688,300.4357604980469,26.651926040649414,78.8460922241211,310.6666564941406,116.9332504272461
2022-02-10,168.48524475097656,159.0034942626953,54.664249420166016,137.4836883544922,226.29415893554688,291.9114685058594,25.77267837524414,77.3343505859375,301.51666259765625,116.17867279052734
2022-02-11,165.07875061035156,153.2935028076172,53.00590896606445,133.1817626953125,217.84051513671875,284.8255920410156,23.901403427124023,75.35021209716797,286.6666564941406,112.73180389404297
2022-02-14,165.31370544433594,155.16700744628906,53.48289108276367,134.41506958007812,216.00491333007812,284.7868957519531,24.218772888183594,74.59434509277344,291.9200134277344,111.57662200927734
2022-02-15,169.1411590576172,156.510498046875,55.71895980834961,135.48870849609375,219.27920532226562,290.0675964355469,26.442340850830078,75.36911010742188,307.4766540527344,116.00166320800781
2022-02-16,168.9062042236328,158.10049438476562,55.204994201660156,136.6089324951172,214.85394287109375,289.72900390625,26.45831871032715,74.82110595703125,307.7966613769531,115.14461517333984
2022-02-17,165.31370544433594,154.65249633789062,53.52171325683594,131.45252990722656,206.0926971435547,281.2451477050781,24.458293914794922,71.3630599975586,292.1166687011719,111.56732177734375
2022-02-18,163.76708984375,152.60150146484375,53.61320877075195,129.33404541015625,204.5547637939453,278.5364685058594,23.595006942749023,70.45599365234375,285.6600036621094,111.1480941772461
2022-02-22,160.85000610351562,150.19749450683594,53.37935256958008,128.7493896484375,200.5065460205078,278.3333435058594,23.343515396118164,70.03081512451172,273.84332275390625,108.91226196289062
2022-02-23,156.68972778320312,144.82699584960938,52.24513244628906,126.5421371459961,196.90476989746094,271.1263427734375,22.342506408691406,68.47183990478516,254.67999267578125,107.97135925292969
2022-02-24,159.3033905029297,151.35800170898438,53.61415100097656,131.60328674316406,205.98353576660156,284.9791564941406,23.700801849365234,70.68276977539062,266.92333984375,104.22635650634766
2022-02-25,161.36883544921875,153.7884979248047,54.35456848144531,133.35728454589844,208.8411102294922,287.6104431152344,24.108991622924805,72.1377944946289,269.9566650390625,103.62083435058594
2022-02-28,161.633056640625,153.56300354003906,54.301883697509766,133.94992065429688,209.38682556152344,289.0422058105469,24.33654022216797,71.77876281738281,290.1433410644531,99.68951416015625
2022-03-01,159.75364685058594,151.14199829101562,52.70085144042969,132.96253967285156,201.90557861328125,285.3274230957031,23.430339813232422,71.81656646728516,288.1233215332031,100.65838623046875
2022-03-02,163.04270935058594,152.05250549316406,54.1484375,133.46839904785156,206.48959350585938,290.3964538574219,24.175981521606445,73.9613037109375,293.2966613769531,102.11165618896484
2022-03-03,162.71963500976562,147.89849853515625,53.48472595214844,132.80191040039062,201.38958740234375,286.26580810546875,23.6709041595459,73.93297576904297,279.7633361816406,101.34774780273438
2022-03-04,159.72425842285156,145.64100646972656,55.09223175048828,130.82521057128906,198.50225830078125,280.4034729003906,22.894315719604492,72.27008056640625,279.42999267578125,97.8729248046875
2022-03-07,155.93601989746094,137.4530029296875,52.75446701049805,125.34255981445312,186.01028442382812,269.810791015625,21.313196182250977,70.21979522705078,268.1933288574219,92.49765014648438
2022-03-08,154.11529541015625,136.01449584960938,53.23977279663086,126.0625991821289,188.8083038330078,266.8506164550781,21.474903106689453,69.28440856933594,274.79998779296875,93.1590805053711
2022-03-09,159.50894165039062,139.2790069580078,55.187442779541016,132.3263397216797,196.95443725585938,279.087890625,22.972177505493164,71.90159606933594,286.3233337402344,97.77044677734375
2022-03-10,155.17247009277344,146.8175048828125,54.32868194580078,131.34393310546875,193.6900177001953,276.2727966308594,22.616825103759766,72.4212417602539,279.4333190917969,96.8481674194336
2022-03-11,151.4625244140625,145.52450561523438,53.415409088134766,128.805908203125,186.14918518066406,270.9328918457031,22.059837341308594,73.5267105102539,265.1166687011719,94.47262573242188
2022-03-14,147.4392852783203,141.85299682617188,52.48639678955078,124.91854858398438,185.1768341064453,267.4214172363281,21.291236877441406,72.81808471679688,255.4566650390625,92.50696563720703
2022-03-15,151.81494140625,147.3665008544922,54.79365539550781,128.13893127441406,190.53477478027344,277.7818908691406,22.93124771118164,76.1532974243164,267.2966613769531,95.10609436035156
2022-03-16,156.21987915039062,153.10400390625,56.121063232421875,132.18797302246094,202.04446411132812,284.7857360839844,24.45148277282715,75.54862213134766,280.07666015625,98.93467712402344
2022-03-17,157.22813415527344,157.23899841308594,55.709712982177734,132.7418975830078,206.2216796875,285.58868408203125,24.72099494934082,76.1532974243164,290.5333251953125,99.68354797363281
2022-03-18,160.51722717285156,161.25050354003906,56.42518997192383,135.0096435546875,214.80433654785156,290.6286315917969,26.404924392700195,77.17375183105469,301.7966613769531,99.89884948730469
2022-03-21,161.88760375976562,161.4915008544922,55.9580078125,134.98587036132812,209.84326171875,289.4001159667969,26.685413360595703,76.49346160888672,307.0533447265625,100.08606719970703
2022-03-22,165.2549591064453,164.88900756835938,56.89329528808594,138.72146606445312,214.9630889892578,294.1402282714844,26.47579574584961,77.28712463378906,331.32666015625,100.19839477539062
2022-03-23,166.6156463623047,163.4080047607422,55.78026580810547,137.14202880859375,211.7979278564453,289.71929931640625,25.587413787841797,75.9549331665039,333.03668212890625,98.61638641357422
2022-03-24,170.39413452148438,163.64950561523438,58.2976188659668,140.4114990234375,217.86033630371094,294.17889404296875,28.098844528198242,77.70283508300781,337.97332763671875,101.02214050292969
2022-03-25,171.03036499023438,164.77349853515625,58.52469253540039,140.5116729736328,220.0928192138672,293.7725524902344,27.64167594909668,77.2209701538086,336.8800048828125,99.90821838378906
2022-03-28,171.8917999267578,168.99049377441406,58.89788055419922,140.2959747314453,221.8490447998047,300.5635986328125,28.16771697998047,78.9878158569336,363.9466552734375,99.53377532958984
2022-03-29,175.18081665039062,169.31500244140625,59.697296142578125,141.33734130859375,228.07020568847656,305.1199035644531,28.603923797607422,79.6397476196289,366.5233459472656,102.26715087890625
2022-03-30,174.01597595214844,166.30099487304688,58.731292724609375,140.77499389648438,226.0758819580078,303.6205139160156,27.639677047729492,78.76106262207031,364.663330078125,99.90821838378906
2022-03-31,170.92269897460938,162.99749755859375,58.600074768066406,137.9275360107422,220.62863159179688,298.2515869140625,27.236412048339844,78.16582489013672,359.20001220703125,97.59608459472656
2022-04-01,170.6290740966797,163.55999755859375,58.34880828857422,139.0016632080078,223.0992431640625,299.3253479003906,26.663455963134766,77.48554229736328,361.5299987792969,96.22002410888672
2022-04-04,174.6718292236328,168.34649658203125,59.081214904785156,141.79953002929688,232.06883239746094,304.6943054199219,27.310279846191406,79.431884765625,381.8166809082031,98.09221649169922
2022-04-05,171.3632049560547,164.05499267578125,57.152015686035156,139.4385528564453,230.0347900390625,300.73773193359375,25.88387680053711,78.36424255371094,363.7533264160156,95.94857025146484
2022-04-06,168.201416015625,158.75599670410156,56.02408981323242,135.4286651611328,221.56129455566406,289.72900390625,24.362642288208008,77.58946990966797,348.586669921875,94.71293640136719
2022-04-07,168.5048828125,157.7845001220703,56.12180709838867,134.7746124267578,221.2140350341797,291.5379943847656,24.164003372192383,77.34284210205078,352.4200134277344,94.0951156616211
2022-04-08,166.4981689453125,154.4604949951172,54.628143310546875,132.1949005126953,220.59886169433594,287.28155517578125,23.076988220214844,76.77371978759766,341.8299865722656,92.9437484741211
2022-04-11,162.24978637695312,151.1219940185547,54.03345489501953,127.76750946044922,214.77459716796875,275.95361328125,21.87717056274414,75.65447235107422,325.30999755859375,91.33368682861328
2022-04-12,164.11947631835938,150.78750610351562,54.448524475097656,126.6676025390625,212.47264099121094,272.85797119140625,21.464920043945312,75.24658966064453,328.98333740234375,91.21199035644531
2022-04-13,166.80160522460938,155.54100036621094,55.143707275390625,128.82920837402344,213.3159942626953,278.2365417480469,22.162649154663086,75.64498901367188,340.7900085449219,95.01248168945312
2022-04-14,161.7995147705078,151.7064971923828,53.404354095458984,125.69116973876953,208.54347229003906,270.70068359375,21.219362258911133,75.36042022705078,328.3333435058594,92.07319641113281
2022-04-18,161.5841827392578,152.78500366210938,54.58160400390625,126.62989044189453,209.12887573242188,271.3682556152344,21.74341583251953,74.1937255859375,334.7633361816406,92.45696258544922
2022-04-19,163.8649444580078,158.11549377441406,55.6164665222168,128.94326782226562,215.61795043945312,275.9921875,22.157657623291016,75.46475982666016,342.7166748046875,93.09351348876953
2022-04-20,163.6985626220703,153.9980010986328,55.62577819824219,126.99041748046875,198.85946655273438,277.0176696777344,21.442956924438477,76.1572036743164,325.73333740234375,92.68165588378906
2022-04-21,162.90565490722656,148.29600524902344,55.1613883972168,123.79136657714844,186.60562133789062,271.648681640625,20.146318435668945,75.38888549804688,336.260009765625,91.41792297363281
2022-04-22,158.3734130859375,144.35000610351562,54.62348937988281,118.65482330322266,182.67645263671875,265.0899353027344,19.479534149169922,72.28721618652344,335.01666259765625,89.56448364257812
2022-04-25,159.44044494628906,146.07400512695312,54.710025787353516,122.06513977050781,185.53402709960938,271.5617370605469,19.86583137512207,73.017578125,332.67333984375,90.08870697021484
2022-04-26,153.48883056640625,139.39100646972656,52.1219367980957,117.67739868164062,179.54103088378906,261.4042663574219,18.753854751586914,70.6747055053711,292.1400146484375,86.84046936035156
2022-04-27,153.26364135742188,138.16700744628906,52.07261657714844,113.35759735107422,173.5877685546875,273.9801330566406,18.381540298461914,70.9118423461914,293.836669921875,84.49091339111328
2022-04-28,160.18434143066406,144.59649658203125,53.87804412841797,117.55094909667969,204.1281280517578,280.1810302734375,19.74604606628418,72.22080993652344,292.5033264160156,89.1338882446289
2022-04-29,154.3208465576172,124.28150177001953,51.593345642089844,113.17411041259766,198.9090576171875,268.4660949707031,18.513294219970703,69.62185668945312,290.2533264160156,86.99027252197266
2022-05-02,154.6243133544922,124.5,53.63701248168945,115.6273422241211,209.486083984375,275.1893615722656,19.49750328063965,70.19095611572266,300.9800109863281,87.76722717285156
2022-05-03,156.11221313476562,124.25350189208984,54.0855827331543,116.37218475341797,210.37904357910156,272.58709716796875,19.566375732421875,69.51751708984375,303.0833435058594,87.6455078125
2022-05-04,162.51409912109375,125.92849731445312,56.178558349609375,121.25880432128906,221.6704559326172,280.5195617675781,20.297046661376953,71.33866882324219,317.5400085449219,89.85465240478516
2022-05-05,153.45941162109375,116.40699768066406,53.97575759887695,115.55047607421875,206.6582489013672,268.3016052246094,18.809749603271484,69.05274200439453,291.09332275390625,86.26010131835938
2022-05-06,154.1848602294922,114.77249908447266,53.986000061035156,114.79769134521484,202.1833953857422,265.76708984375,18.64105796813965,68.75867462158203,288.54998779296875,85.77333068847656
2022-05-09,149.0675811767578,108.78900146484375,52.387176513671875,111.58871459960938,194.68222045898438,255.94822692871094,16.919198989868164,67.85758209228516,262.3699951171875,81.72008514404297
2022-05-10,151.46939086914062,108.85900115966797,54.10605239868164,113.45726776123047,196.1110076904297,260.7077331542969,17.563024520874023,68.7966079711914,266.67999267578125,83.1429443359375
2022-05-11,143.6169891357422,105.37200164794922,52.777099609375,112.67127990722656,187.27040100097656,252.04969787597656,16.599777221679688,67.37382507324219,244.6666717529297,82.21622467041016
2022-05-12,139.75453186035156,106.93049621582031,53.192169189453125,111.91900634765625,189.75094604492188,247.0193634033203,16.145605087280273,67.08926391601562,242.6666717529297,82.08517456054688
2022-05-13,144.21502685546875,113.05500030517578,54.74353790283203,115.09921264648438,197.07347106933594,252.6011199951172,17.67382049560547,67.50662994384766,256.5299987792969,85.14617919921875
2022-05-16,142.6759033203125,110.81050109863281,54.22517395019531,113.50686645507812,198.482421875,252.9687042236328,17.232624053955078,66.12177276611328,241.4566650390625,84.63131713867188
2022-05-17,146.30308532714844,115.36849975585938,56.5964241027832,115.51824188232422,201.0423126220703,258.1152038574219,18.143964767456055,68.18009185791016,253.8699951171875,87.35533142089844
2022-05-18,138.04879760742188,107.11250305175781,53.09910583496094,110.98223114013672,190.74314880371094,246.36328125,16.907215118408203,64.78436279296875,236.60333251953125,84.74365234375
2022-05-19,134.64707946777344,107.31900024414062,50.83207702636719,109.47916412353516,189.80055236816406,245.45184326171875,17.09288215637207,63.58921432495117,236.47332763671875,84.44410705566406
2022-05-20,134.88235473632812,107.59100341796875,50.55104446411133,108.0152359008789,192.03302001953125,244.889404296875,16.663660049438477,65.09737396240234,221.3000030517578,84.97765350341797
2022-05-23,140.29373168945312,107.55699920654297,48.984779357910156,110.57410430908203,194.7020721435547,252.73370361328125,16.867294311523438,66.43478393554688,224.96665954589844,85.65164184570312
2022-05-24,137.5978240966797,104.0999984741211,48.78376388549805,105.1013412475586,179.8684844970703,251.73500061035156,16.12464141845703,65.47677612304688,209.3866729736328,83.04934692382812
2022-05-25,137.75469970703125,106.7750015258789,49.4752197265625,104.93769073486328,182.3986358642578,254.54696655273438,16.944150924682617,66.23561096191406,219.60000610351562,84.63131713867188
2022-05-26,140.9505157470703,111.07749938964844,51.2462158203125,106.90890502929688,190.13790893554688,257.82421875,17.818557739257812,67.9714126586914,235.91000366210938,85.18362426757812
2022-05-27,146.69520568847656,115.14649963378906,54.281944274902344,111.39581298828125,193.61065673828125,264.9413757324219,18.776813507080078,69.03376007080078,253.2100067138672,87.77655792236328
2022-05-31,145.91094970703125,120.20950317382812,53.98878860473633,112.82946014404297,192.13223266601562,263.6130065917969,18.6380672454834,68.2180404663086,252.75332641601562,89.20877075195312
2022-06-01,145.78350830078125,121.68399810791016,53.38295364379883,112.95838928222656,187.17115783691406,264.14630126953125,18.286705017089844,67.91448974609375,246.7899932861328,88.69391632080078
2022-06-02,148.2342987060547,125.51100158691406,53.673301696777344,116.6583251953125,197.31158447265625,266.2406311035156,19.556394577026367,69.37522888183594,258.3333435058594,90.18228912353516
2022-06-03,142.51904296875,122.3499984741211,52.424400329589844,113.60208129882812,189.2945098876953,261.8191833496094,18.68598175048828,68.09471893310547,234.51666259765625,87.77655792236328
2022-06-06,143.26409912109375,124.79000091552734,52.229896545410156,115.86289978027344,192.7375030517578,260.5876770019531,18.751859664916992,69.21398162841797,238.27999877929688,87.15874481201172
2022-06-07,145.78350830078125,123.0,53.32432174682617,116.18919372558594,194.1265869140625,264.22381591796875,18.8916072845459,68.9483871459961,238.8866729736328,87.84210205078125
2022-06-08,145.04827880859375,121.18000030517578,52.61424255371094,116.23333740234375,195.10890197753906,262.1972961425781,18.618045806884766,67.705810546875,241.86666870117188,87.49574279785156
2022-06-09,139.83297729492188,116.1500015258789,51.763648986816406,113.89417266845703,182.56732177734375,256.7480163574219,18.019010543823242,65.65699768066406,239.7066650390625,85.0431900024414
2022-06-10,134.431396484375,109.6500015258789,50.372352600097656,110.25027465820312,174.2029266357422,245.30638122558594,16.946735382080078,63.6840705871582,232.22999572753906,83.01188659667969
2022-06-13,129.2847137451172,103.66999816894531,48.171409606933594,105.52037048339844,162.98101806640625,234.90225219726562,15.621864318847656,60.753116607666016,215.73666381835938,80.08196258544922
2022-06-14,130.14739990234375,102.30999755859375,48.40871047973633,105.84072875976562,162.45513916015625,237.0644989013672,15.810564041137695,67.07979583740234,220.88999938964844,81.61713409423828
2022-06-15,132.7648162841797,107.66999816894531,49.0173454284668,108.86473846435547,168.0313720703125,244.11373901367188,16.50045394897461,66.11229705810547,233.0,83.43312072753906
2022-06-16,127.50054931640625,103.66000366210938,46.269203186035156,105.164306640625,159.61740112304688,237.52993774414062,15.575940132141113,65.17326354980469,213.10000610351562,79.53450012207031
2022-06-17,128.97103881835938,106.22000122070312,46.40599822998047,106.26521301269531,162.46505737304688,240.1285400390625,15.854493141174316,64.23421478271484,216.75999450683594,79.98619079589844
2022-06-21,133.1962127685547,108.68000030517578,47.27115249633789,110.62964630126953,155.8271484375,246.0336151123047,16.539386749267578,64.19628143310547,237.0366668701172,81.82118225097656
2022-06-22,132.68643188476562,108.94999694824219,46.55144500732422,110.57361602783203,154.63650512695312,245.4420928955078,16.333723068237305,63.105464935302734,236.086669921875,79.90149688720703
2022-06-23,135.54898071289062,112.44000244140625,46.59648513793945,111.32191467285156,157.513916015625,250.9980926513672,16.19894027709961,64.14884948730469,235.07000732421875,79.15811157226562
2022-06-24,138.8722381591797,116.45999908447266,47.77035903930664,117.00791931152344,168.8350830078125,259.569580078125,17.098482131958008,67.06082153320312,245.7066650390625,80.85192108154297
2022-06-27,138.8722381591797,113.22000122070312,47.453189849853516,114.88398742675781,168.1702880859375,256.8449401855469,16.841901779174805,66.78575134277344,244.9199981689453,80.79547882080078
2022-06-28,134.7353057861328,107.4000015258789,46.77195739746094,111.08935546875,159.4288787841797,248.69039916992188,15.956328392028809,65.04994201660156,232.663330078125,79.36511993408203
2022-06-29,136.49008178710938,108.91999816894531,46.01752471923828,110.7858657836914,162.6634979248047,252.3555908203125,15.517035484313965,65.64751434326172,228.49000549316406,78.71582794189453
2022-06-30,134.0294647216797,106.20999908447266,45.58588790893555,108.0698013305664,159.99444580078125,249.0297393798828,15.134650230407715,66.27355194091797,224.47332763671875,76.92790222167969
2022-07-01,136.1959686279297,109.55999755859375,44.83802032470703,107.84615325927734,158.78395080566406,251.69622802734375,14.499670028686523,67.2220687866211,227.26333618164062,72.45809173583984
2022-07-05,138.7742156982422,113.5,44.69350814819336,112.33455657958984,166.88038635253906,254.86691284179688,14.939962387084961,68.28440856933594,233.06666564941406,71.6205825805664
2022-07-06,140.10743713378906,114.33000183105469,45.285614013671875,113.63282775878906,168.44808959960938,258.12481689453125,15.105694770812988,67.9714126586914,231.73333740234375,71.10301971435547
2022-07-07,143.46995544433594,116.33000183105469,46.780399322509766,117.80929565429688,170.8492889404297,260.248291015625,15.832527160644531,68.1326675415039,244.5433349609375,75.89279174804688
2022-07-08,144.1464080810547,115.54000091552734,46.79447555541992,118.37513732910156,169.5494842529297,259.53082275390625,15.81256103515625,68.17060852050781,250.76333618164062,76.70207214355469
2022-07-11,142.01907348632812,111.75,45.3090705871582,114.728271484375,161.6117401123047,256.4765625,15.127660751342773,68.18963623046875,234.3433380126953,74.44361877441406
2022-07-12,142.98960876464844,109.22000122070312,45.16926574707031,113.08585357666016,161.9987335205078,245.9656982421875,15.05777359008789,67.08444213867188,233.07000732421875,74.43421936035156
2022-07-13,142.6269073486328,110.4000015258789,45.203033447265625,110.44071197509766,162.21702575683594,245.04457092285156,15.139640808105469,66.72238159179688,237.0399932861328,76.49504089355469
2022-07-14,145.54824829101562,110.62999725341797,45.47610092163086,109.46279907226562,156.81935119628906,246.36328125,15.347306251525879,66.16976928710938,238.31333923339844,78.73464965820312
2022-07-15,147.21478271484375,113.55000305175781,46.39755630493164,110.8612289428711,163.4176025390625,248.92308044433594,15.736682891845703,67.39884185791016,240.06666564941406,80.57902526855469
2022-07-18,144.17584228515625,113.76000213623047,46.07851791381836,108.13624572753906,165.92788696289062,246.52810668945312,16.075136184692383,66.89388275146484,240.54666137695312,78.64995574951172
2022-07-19,148.0284423828125,118.20999908447266,47.76191329956055,112.8770751953125,174.41128540039062,251.64776611328125,16.964704513549805,68.8280029296875,245.52999877929688,81.06837463378906
2022-07-20,150.02830505371094,122.7699966430664,48.02183532714844,112.96633911132812,181.6643829345703,254.3045196533203,17.778400421142578,69.1614761352539,247.5,81.45418548583984
2022-07-21,152.2928466796875,124.62999725341797,48.57639694213867,113.4027328491211,181.74375915527344,256.7964782714844,18.021005630493164,71.0193862915039,271.7066650390625,82.61163330078125
2022-07-22,151.05764770507812,122.41999816894531,48.09221267700195,107.01551818847656,167.9519805908203,252.45252990722656,17.291179656982422,71.36238098144531,272.24334716796875,81.22833251953125
2022-07-25,149.94007873535156,121.13999938964844,48.1475715637207,106.62871551513672,165.3523712158203,250.968994140625,16.996652603149414,71.32426452636719,268.4333190917969,81.20952606201172
2022-07-26,148.61663818359375,114.80999755859375,47.95802688598633,104.15911865234375,157.91079711914062,244.24948120117188,16.506446838378906,70.53345489501953,258.8599853515625,79.4404067993164
2022-07-27,153.70448303222656,120.97000122070312,49.52506637573242,112.13320922851562,168.2595977783203,260.5780334472656,17.76142120361328,72.28655242919922,274.82000732421875,82.46106719970703
2022-07-28,154.2534942626953,122.27999877929688,50.07118606567383,113.28372955322266,159.4685821533203,268.01507568359375,17.955108642578125,73.40129852294922,280.8999938964844,83.38325500488281
2022-07-29,159.31195068359375,134.9499969482422,50.24665832519531,115.36649322509766,157.86117553710938,272.2135314941406,18.133825302124023,74.16351318359375,297.1499938964844,83.26093292236328
2022-08-01,158.33164978027344,135.38999938964844,50.330177307128906,113.91846466064453,158.68470764160156,269.56646728515625,18.411378860473633,73.78239440917969,297.27667236328125,81.21894073486328
2022-08-02,156.86119079589844,134.16000366210938,49.84597396850586,114.1862564086914,158.94268798828125,266.473388671875,18.496244430541992,72.74388122558594,300.586669921875,80.97428131103516
2022-08-03,162.86070251464844,139.52000427246094,51.3032341003418,117.112060546875,167.48568725585938,273.89105224609375,18.862648010253906,73.71571350097656,307.39666748046875,81.40714263916016
2022-08-04,162.54701232910156,142.57000732421875,51.87187194824219,117.22117614746094,169.2418670654297,275.03515625,19.18413543701172,73.7442855834961,308.6333312988281,83.20447540283203
2022-08-05,162.3212890625,140.8000030517578,51.7442626953125,116.50707244873047,165.80880737304688,274.3176574707031,18.9585018157959,73.6966552734375,288.1700134277344,84.47481536865234
2022-08-08,161.84999084472656,139.41000366210938,51.18968963623047,116.33847045898438,168.92437744140625,271.80633544921875,17.76441764831543,72.85821533203125,290.42333984375,82.75276947021484
2022-08-09,161.8990936279297,137.8300018310547,49.995182037353516,115.67395782470703,167.21774291992188,273.72613525390625,17.058555603027344,73.14404296875,283.3333435058594,80.18380737304688
2022-08-10,166.1399688720703,142.69000244140625,51.64760971069336,118.71879577636719,176.9513702392578,280.3778991699219,18.067930221557617,73.87767028808594,294.3566589355469,83.43971252441406
2022-08-11,165.40370178222656,140.63999938964844,51.18030548095703,117.8658447265625,176.1079864501953,278.3028259277344,17.913179397583008,73.515625,286.6300048828125,84.23957824707031
2022-08-12,168.94760131835938,143.5500030517578,52.38139724731445,120.68255615234375,179.09458923339844,283.0443420410156,18.678943634033203,75.41163635253906,300.0299987792969,85.50053405761719
2022-08-15,170.01759338378906,143.17999267578125,52.44990158081055,121.07927703857422,179.48153686523438,284.55694580078125,19.001426696777344,75.37353515625,309.32000732421875,86.16867065429688
2022-08-16,169.86056518554688,144.77999877929688,51.76396179199219,120.70238494873047,178.07257080078125,283.82000732421875,18.848674774169922,75.76416778564453,306.5633239746094,84.64421844482422
2022-08-17,171.3527069091797,142.10000610351562,50.53847885131836,118.57002258300781,173.48855590820312,283.07183837890625,18.30554962158203,75.50691223144531,303.9966735839844,83.93846130371094
2022-08-18,170.9600372314453,142.3000030517578,52.402034759521484,119.18494415283203,173.30001831054688,281.9543762207031,18.74284553527832,75.5736083984375,302.8699951171875,84.00432586669922
2022-08-19,168.3782196044922,138.22999572753906,51.461814880371094,116.24919891357422,166.65220642089844,278.0481872558594,17.820327758789062,74.94478607177734,296.6666564941406,82.05643463134766
2022-08-22,164.5005645751953,133.22000122070312,49.61514663696289,113.30355834960938,161.78041076660156,269.88604736328125,17.006641387939453,72.84869384765625,289.913330078125,80.21205139160156
2022-08-23,164.16676330566406,133.6199951171875,49.711795806884766,112.92666625976562,159.85552978515625,268.6130676269531,17.15340232849121,72.8010482788086,296.4533386230469,80.95543670654297
2022-08-24,164.4613037109375,133.8000030517578,49.811256408691406,112.75806427001953,161.98878479003906,267.9815673828125,17.194337844848633,72.57239532470703,297.0966796875,80.51318359375
2022-08-25,166.91549682617188,137.27999877929688,51.621334075927734,115.69379425048828,167.46580505371094,270.95489501953125,17.88422393798828,73.25837707519531,296.07000732421875,82.40459442138672
2022-08-26,160.62289428710938,130.75,48.87479019165039,109.43550872802734,160.5203094482422,260.49957275390625,16.2338809967041,71.1241683959961,288.0899963378906,79.74153137207031
2022-08-29,158.42393493652344,129.7899932861328,48.24797058105469,108.52305603027344,157.93063354492188,257.7204895019531,15.775618553161621,70.6859130859375,284.82000732421875,77.9630126953125
2022-08-30,155.99917602539062,128.72999572753906,47.517005920410156,108.04700469970703,155.93629455566406,255.5244903564453,15.443154335021973,70.63827514648438,277.70001220703125,77.90655517578125
2022-08-31,154.34011840820312,126.7699966430664,46.83388900756836,107.33289337158203,161.661376953125,254.0669403076172,15.069754600524902,70.64778900146484,275.6099853515625,78.43352508544922
2022-09-01,155.0666046142578,127.81999969482422,46.167659759521484,108.8404312133789,164.0724639892578,253.0272674560547,13.9146146774292,71.74348449707031,277.1600036621094,76.82439422607422
2022-09-02,152.9559783935547,127.51000213623047,46.93803405761719,106.96592712402344,159.07167053222656,248.8101348876953,13.625078201293945,71.15277862548828,270.2099914550781,76.12805938720703
2022-09-06,151.69940185546875,126.11000061035156,46.74850082397461,105.9344482421875,157.3055419921875,246.07969665527344,13.443370819091797,70.3428955078125,274.4200134277344,75.3093490600586
2022-09-07,153.1032257080078,129.47999572753906,47.398765563964844,108.55281066894531,159.1411590576172,250.78268432617188,13.696039199829102,70.97174835205078,283.70001220703125,75.23406982421875
2022-09-08,151.6306915283203,129.82000732421875,48.03684616088867,107.4915771484375,160.7981414794922,251.20046997070312,13.97167682647705,71.1241683959961,289.260009765625,75.50697326660156
2022-09-09,154.4873809814453,133.27000427246094,49.0192985534668,109.74298095703125,167.8329315185547,256.9723205566406,14.368159294128418,72.32466888427734,299.67999267578125,76.72088623046875
2022-09-12,160.43638610839844,136.4499969482422,49.644229888916016,109.95124816894531,167.64443969726562,259.10028076171875,14.486004829406738,73.43940734863281,304.4200134277344,77.3042984008789
2022-09-13,151.0220489501953,126.81999969482422,47.25990676879883,103.46485900878906,151.9376678466797,244.85537719726562,13.113802909851074,72.44853973388672,292.1300048828125,74.16131591796875
2022-09-14,152.46514892578125,128.5500030517578,47.926124572753906,104.13928985595703,150.29058837890625,245.07888793945312,13.110807418823242,68.71367645263672,302.6099853515625,74.961181640625
2022-09-15,149.5789794921875,126.27999877929688,46.930538177490234,102.0664291381836,148.3855438232422,238.43251037597656,12.912069320678711,66.92245483398438,303.75,73.7952880859375
2022-09-16,147.93955993652344,123.52999877929688,47.151981353759766,101.95732116699219,145.1509552001953,237.8106689453125,13.180716514587402,65.57907104492188,303.3500061035156,73.71012115478516
2022-09-19,151.65032958984375,124.66000366210938,47.09005355834961,102.2251205444336,146.8674774169922,237.59683227539062,13.364473342895508,65.80773162841797,309.07000732421875,74.0318832397461
2022-09-20,154.02601623535156,122.19000244140625,46.26618194580078,100.3109359741211,144.95248413085938,235.58547973632812,13.158742904663086,64.89307403564453,308.7300109863281,73.95616912841797
2022-09-21,150.90426635742188,118.54000091552734,45.620872497558594,98.4661865234375,141.01341247558594,232.18458557128906,13.243632316589355,63.59730911254883,300.79998779296875,73.0003662109375
2022-09-22,149.94224548339844,117.30999755859375,45.19223403930664,99.31913757324219,141.7079620361328,234.15708923339844,12.544550895690918,62.911319732666016,288.5899963378906,71.57139587402344
2022-09-23,147.6745147705078,113.77999877929688,44.34725570678711,97.93060302734375,139.31674194335938,231.18374633789062,12.499608993530273,61.501220703125,275.3299865722656,69.90586853027344
2022-09-26,148.00830078125,115.1500015258789,43.73978805541992,97.36526489257812,135.30816650390625,230.72706604003906,12.211987495422363,60.45317077636719,276.010009765625,69.09200286865234
2022-09-27,148.98013305664062,114.41000366210938,43.97539520263672,96.70075988769531,133.35350036621094,229.71649169921875,12.396743774414062,59.47181701660156,282.94000244140625,69.11091613769531
2022-09-28,147.0953369140625,118.01000213623047,44.08989334106445,99.22986602783203,140.50738525390625,234.2445526123047,12.719319343566895,60.09111785888672,287.80999755859375,68.25923919677734
2022-09-29,139.87014770507812,114.80000305175781,42.59202575683594,96.62142944335938,135.3478546142578,230.775634765625,12.203994750976562,58.49999237060547,268.2099914550781,65.56217193603516
2022-09-30,135.66848754882812,113.0,42.01294708251953,94.86593627929688,134.62351989746094,226.30584716796875,12.123102188110352,58.185585021972656,265.25,64.88081359863281
2022-10-03,139.84066772460938,115.87999725341797,43.22126388549805,97.83143615722656,137.5307159423828,233.92388916015625,12.495613098144531,60.100643157958984,242.39999389648438,65.53378295898438
2022-10-04,143.423828125,121.08999633789062,45.40513229370117,100.80683898925781,139.18772888183594,241.8334503173828,13.149757385253906,62.587371826171875,249.44000244140625,68.9027328491211
2022-10-05,143.7183380126953,120.94999694824219,45.87255096435547,100.59855651855469,137.89784240722656,242.14439392089844,13.19170093536377,63.49250030517578,240.80999755859375,70.48312377929688
2022-10-06,142.76609802246094,120.30000305175781,45.37105941772461,100.58863830566406,137.9871368408203,239.80259704589844,13.112804412841797,62.21580505371094,238.1300048828125,70.36009979248047
2022-10-07,137.52392578125,114.55999755859375,43.57136154174805,97.87110137939453,132.41090393066406,227.60794067382812,12.060186386108398,60.30073547363281,223.07000732421875,66.00694274902344
2022-10-10,137.84786987304688,113.66999816894531,41.4158821105957,97.05781555175781,132.74826049804688,222.7592010498047,11.654716491699219,59.61472702026367,222.9600067138672,63.82093048095703
2022-10-11,136.43423461914062,112.20999908447266,40.75920867919922,96.38339233398438,127.53913879394531,219.02793884277344,11.570828437805176,59.76796340942383,216.5,60.0450325012207
2022-10-12,135.8059844970703,112.9000015258789,40.74123001098633,96.76026916503906,126.50724029541016,219.35830688476562,11.484939575195312,61.0799560546875,217.24000549316406,60.669612884521484
2022-10-13,140.3708038330078,112.52999877929688,41.441429138183594,98.24798583984375,129.27552795410156,227.60794067382812,11.9443359375,62.43983840942383,221.72000122070312,63.0449104309082
2022-10-14,135.84523010253906,106.9000015258789,40.412899017333984,95.76847839355469,125.77298736572266,222.08876037597656,11.212298393249512,61.58751678466797,204.99000549316406,60.48980712890625
2022-10-17,139.80140686035156,113.79000091552734,41.19541549682617,99.15052795410156,132.9962921142578,230.80479431152344,11.872429847717285,64.18279266357422,219.35000610351562,61.40775680541992
2022-10-18,141.11685180664062,116.36000061035156,41.14431381225586,99.94396209716797,131.7659912109375,231.747314453125,11.951327323913574,64.19237518310547,220.19000244140625,60.291080474853516
2022-10-19,141.22486877441406,115.06999969482422,41.18878936767578,98.81330871582031,132.192626953125,229.7845001220703,12.03521728515625,63.4932861328125,222.0399932861328,60.24375915527344
2022-10-20,140.76345825195312,115.25,40.71567153930664,99.15052795410156,130.50584411621094,229.4638214111328,12.178031921386719,66.31838989257812,207.27999877929688,60.16806411743164
2022-10-21,144.5723876953125,119.31999969482422,42.554176330566406,100.30101776123047,128.99766540527344,235.26483154296875,12.449673652648926,69.62234497070312,214.44000244140625,60.32893371582031
2022-10-24,146.7124786376953,119.81999969482422,43.19666290283203,101.67961120605469,128.7099609375,240.2495880126953,12.582499504089355,69.83303833007812,211.25,58.00094985961914
2022-10-25,149.54953002929688,120.5999984741211,43.532562255859375,103.6235580444336,136.43930053710938,243.5630340576172,13.243632316589355,70.04371643066406,222.4199981689453,57.858985900878906
2022-10-26,146.6143035888672,115.66000366210938,43.63759994506836,94.1518325805664,128.80914306640625,224.77059936523438,12.879112243652344,71.65259552001953,224.63999938964844,57.575096130371094
2022-10-27,142.1476593017578,110.95999908447266,43.09069061279297,91.46404266357422,97.17740631103516,220.32998657226562,13.158742904663086,71.9686279296875,225.08999633789062,57.6791877746582
2022-10-28,152.8872528076172,103.41000366210938,44.746559143066406,95.50068664550781,98.42759704589844,229.19180297851562,13.815882682800293,74.08506774902344,228.52000427246094,58.68230056762695
2022-10-31,150.5312042236328,102.44000244140625,44.483516693115234,93.73529052734375,92.43461608886719,225.5576934814453,13.479324340820312,74.7650146484375,227.5399932861328,58.24699020385742
2022-11-01,147.89044189453125,96.79000091552734,44.27345657348633,89.7283935546875,94.45874786376953,221.7097930908203,13.525261878967285,73.84565734863281,227.82000732421875,58.275390625
2022-11-02,142.37342834472656,92.12000274658203,43.150299072265625,86.25709533691406,89.83502197265625,213.86827087402344,13.201687812805176,71.93989562988281,214.97999572753906,57.27226257324219
2022-11-03,136.33607482910156,89.30000305175781,42.023353576660156,82.74610900878906,88.21771240234375,208.18394470214844,13.403421401977539,71.85372161865234,215.30999755859375,57.045143127441406
2022-11-04,136.0706024169922,90.9800033569336,44.02743148803711,85.87027740478516,90.08307647705078,215.1217498779297,14.13746166229248,72.78264617919922,207.47000122070312,59.127079010009766
2022-11-07,136.6015625,90.52999877929688,44.96607971191406,87.76461791992188,95.96688842773438,221.4182586669922,14.282269477844238,73.4913101196289,197.0800018310547,59.39206314086914
2022-11-08,137.17189025878906,89.9800033569336,45.61802291870117,88.1712646484375,95.71884155273438,222.3899688720703,14.582876205444336,72.43788146972656,191.3000030517578,61.5307731628418
2022-11-09,132.619140625,86.13999938964844,44.422000885009766,86.60420989990234,100.6799087524414,218.15342712402344,13.757957458496094,72.45704650878906,177.58999633789062,61.511844635009766
2022-11-10,144.41888427734375,96.62999725341797,47.93247985839844,93.16995239257812,110.99893188476562,236.10047912597656,15.72937297821045,73.90311431884766,190.72000122070312,67.0384521484375
2022-11-11,147.20166015625,100.79000091552734,49.02251434326172,95.61969757080078,112.13998413085938,240.11354064941406,16.305618286132812,74.44898986816406,195.97000122070312,69.86800384521484
2022-11-14,145.8053741455078,98.48999786376953,48.56170654296875,94.91551971435547,113.33064270019531,234.71096801757812,16.27366065979004,75.20553588867188,190.9499969482422,68.89328002929688
2022-11-15,147.53599548339844,98.94000244140625,49.62147521972656,97.633056640625,116.16836547851562,235.1190643310547,16.64417266845703,75.82801818847656,194.4199981689453,76.14220428466797
2022-11-16,146.30685424804688,97.12000274658203,48.420711517333984,98.0396957397461,112.34835815429688,235.54779052734375,15.88916301727295,76.5079574584961,186.9199981689453,75.18640899658203
2022-11-17,148.20465087890625,94.8499984741211,48.4566764831543,97.5537109375,110.58219909667969,235.49908447265625,15.656469345092773,75.84718322753906,183.1699981689453,77.10748291015625
2022-11-18,148.76515197753906,94.13999938964844,48.745269775390625,96.63135528564453,111.17753601074219,235.0508575439453,15.388821601867676,76.35472106933594,180.19000244140625,77.8550796508789
2022-11-21,145.5398406982422,92.45999908447266,48.96100997924805,94.81633758544922,109.00459289550781,235.85964965820312,15.296940803527832,76.44093322753906,167.8699951171875,75.6406478881836
2022-11-22,147.6736602783203,93.19999694824219,50.15419006347656,96.25446319580078,110.57228088378906,238.76341247558594,16.01699447631836,78.64356994628906,169.91000366210938,78.110595703125
2022-11-23,148.5487823486328,94.12999725341797,50.493873596191406,97.65290069580078,111.36605072021484,241.2482147216797,16.497364044189453,79.06493377685547,183.1999969482422,77.5711669921875
2022-11-25,145.6382293701172,93.41000366210938,50.140933990478516,96.66109466552734,110.54251861572266,241.1604766845703,16.248693466186523,79.21817016601562,182.86000061035156,77.0317611694336
2022-11-28,141.81314086914062,93.94999694824219,49.4123420715332,95.26265716552734,107.9330062866211,235.5770263671875,15.806272506713867,77.94446563720703,182.9199981689453,74.96875762939453
2022-11-29,138.81402587890625,92.41999816894531,49.33476638793945,94.40970611572266,108.60770416259766,234.18365478515625,15.618518829345703,77.42733001708984,180.8300018310547,75.07286071777344
2022-11-30,145.55953979492188,96.54000091552734,52.13935470581055,100.16217041015625,117.18042755126953,248.61483764648438,16.90515899658203,79.51505279541016,194.6999969482422,78.5269775390625
2022-12-01,145.83485412597656,95.5,52.112857818603516,100.16217041015625,119.50221252441406,248.17636108398438,17.116939544677734,80.54930877685547,194.6999969482422,78.2430648803711
2022-12-02,145.3431854248047,94.12999725341797,51.1713752746582,99.61666870117188,122.52845764160156,248.49794006347656,16.85820960998535,79.82148742675781,194.86000061035156,77.12639617919922
2022-12-05,144.18287658691406,91.01000213623047,50.210018157958984,98.66454315185547,121.47671508789062,243.80120849609375,16.59248924255371,76.06745910644531,182.4499969482422,77.2399673461914
2022-12-06,140.52499389648438,88.25,49.753936767578125,96.18504333496094,113.2314224243164,238.85110473632812,15.970148086547852,75.56946563720703,179.82000732421875,75.29051208496094
2022-12-07,138.58786010742188,88.45999908447266,49.06130599975586,94.16175842285156,113.04290771484375,238.12030029296875,16.103008270263672,75.4449691772461,174.0399932861328,74.9876708984375
2022-12-08,140.26931762695312,90.3499984741211,50.25165939331055,92.94183349609375,114.4320068359375,241.07281494140625,17.15089988708496,76.68035888671875,173.44000244140625,76.46397399902344
2022-12-09,139.78749084472656,89.08999633789062,51.54228973388672,92.06904602050781,114.99756622314453,239.14346313476562,16.983076095581055,76.4792251586914,179.0500030517578,76.35985565185547
2022-12-12,142.07861328125,90.55000305175781,52.66922378540039,92.54510498046875,113.81682586669922,246.05209350585938,17.516511917114258,77.8391342163086,167.82000732421875,76.11382293701172
2022-12-13,143.04229736328125,92.48999786376953,54.03273010253906,94.84609985351562,119.21446990966797,250.34933471679688,18.05295181274414,77.14961242675781,160.9499969482422,76.18952178955078
2022-12-14,140.8199920654297,91.58000183105469,54.35444259643555,94.29068756103516,120.64325714111328,250.6416778564453,17.655370712280273,78.35626983642578,156.8000030517578,75.72582244873047
2022-12-15,134.22195434570312,88.44999694824219,52.79886245727539,90.11519622802734,115.24562072753906,242.64163208007812,16.934127807617188,76.68035888671875,157.6699981689453,73.86143493652344
2022-12-16,132.2651824951172,87.86000061035156,52.601104736328125,89.52012634277344,118.50006866455078,238.43209838867188,16.55353355407715,76.21109008789062,150.22999572753906,72.6147232055664
2022-12-19,130.1608428955078,84.91999816894531,52.440818786621094,87.71504211425781,113.588623046875,234.3005828857422,16.23686408996582,77.09214782714844,149.8699951171875,72.42437744140625
2022-12-20,130.09202575683594,85.19000244140625,51.90555953979492,88.29027557373047,116.17827606201172,235.61605834960938,16.068044662475586,77.51350402832031,137.8000030517578,71.9675521850586
2022-12-21,133.18946838378906,86.7699966430664,53.54758834838867,88.84569549560547,118.82750701904297,238.1787567138672,16.483606338500977,78.0498046875,137.57000732421875,73.41414642333984
2022-12-22,130.02320861816406,83.79000091552734,52.770931243896484,87.04061126708984,116.20806884765625,232.09832763671875,15.322831153869629,77.08256530761719,125.3499984741211,71.64397430419922
2022-12-23,129.65940856933594,85.25,52.70795822143555,88.49856567382812,117.12089538574219,232.62454223632812,15.189970970153809,77.42733001708984,123.1500015258789,71.2728271484375
2022-12-27,127.85992431640625,83.04000091552734,52.81387710571289,86.67363739013672,115.96992492675781,230.8998260498047,14.10611629486084,77.55184173583984,109.0999984741211,70.73036193847656
2022-12-28,123.93651580810547,81.81999969482422,51.98855972290039,85.31487274169922,114.71974182128906,228.53195190429688,14.021204948425293,76.9293441772461,112.70999908447266,69.53120422363281
2022-12-29,127.44696807861328,84.18000030517578,53.22126388549805,87.72496032714844,119.32362365722656,234.84620666503906,14.587606430053711,77.95404052734375,121.81999969482422,72.32921600341797
2022-12-30,127.7615966796875,84.0,53.34721374511719,87.50676727294922,119.4029769897461,233.6866455078125,14.598594665527344,78.2796630859375,123.18000030517578,70.89213562011719
2023-01-03,122.98271179199219,85.81999969482422,52.808143615722656,88.38946533203125,123.76873016357422,233.4528045654297,14.299910545349121,80.17582702636719,108.0999984741211,70.4543685913086
2023-01-04,124.25117492675781,85.13999938964844,53.453125,87.35799407958984,126.37825775146484,223.24081420898438,14.733451843261719,80.90365600585938,113.63999938964844,72.63374328613281
2023-01-05,122.93355560302734,83.12000274658203,52.95508575439453,85.49339294433594,125.95160675048828,216.62449645996094,14.24996280670166,80.7408218383789,110.33999633789062,72.07225799560547
2023-01-06,127.45677185058594,86.08000183105469,56.14276123046875,86.6240463256836,129.00762939453125,219.17747497558594,14.843335151672363,82.03370666503906,113.05999755859375,74.29920959472656
2023-01-09,127.97792053222656,87.36000061035156,55.04172134399414,87.29847717285156,128.4619140625,221.3114471435547,15.611525535583496,83.07186126708984,119.7699966430664,76.4310302734375
2023-01-10,128.5482635498047,89.87000274658203,54.85472106933594,87.6951904296875,131.9545135498047,222.9972381591797,15.892230987548828,83.14875030517578,118.8499984741211,77.34465026855469
2023-01-11,131.26219177246094,95.08999633789062,55.160987854003906,90.76979064941406,131.85528564453125,229.74024963378906,15.984131813049316,85.16738891601562,123.22000122070312,77.83002471923828
2023-01-12,131.18353271484375,95.2699966430664,55.52354431152344,90.38298034667969,135.64552307128906,232.41015625,16.493593215942383,85.3404312133789,123.55999755859375,82.79790496826172
2023-01-13,132.510986328125,98.12000274658203,55.24303436279297,91.36487579345703,135.91342163085938,233.11172485351562,16.881187438964844,85.74414825439453,122.4000015258789,82.60757446289062
2023-01-17,133.6713104248047,96.05000305175781,55.265926361083984,90.54167175292969,134.30601501464844,234.203125,17.683340072631836,85.16738891601562,131.49000549316406,84.6917953491211
2023-01-18,132.95347595214844,95.45999908447266,54.79365158081055,90.3730697631836,131.98426818847656,229.77923583984375,17.35868263244629,83.35063171386719,128.77999877929688,85.14861297607422
2023-01-19,133.01248168945312,93.68000030517578,53.737457275390625,92.28726196289062,135.08987426757812,225.99842834472656,16.747325897216797,82.61045837402344,127.16999816894531,84.13028717041016
2023-01-20,135.569091796875,97.25,54.458763122558594,97.21650695800781,138.28480529785156,234.07643127441406,17.8201961517334,83.86970520019531,133.4199981689453,86.63325500488281
2023-01-23,138.75503540039062,97.5199966430664,55.493961334228516,98.97200012207031,142.15444946289062,236.3760986328125,19.172765731811523,85.52305603027344,143.75,91.03963470458984
2023-01-24,140.1513214111328,96.31999969482422,55.81836700439453,96.89911651611328,142.02545166015625,235.84986877441406,19.244688034057617,86.22478485107422,143.88999938964844,89.99274444580078
2023-01-25,139.4925079345703,97.18000030517578,55.88038635253906,94.43946075439453,140.39822387695312,234.45645141601562,19.302631378173828,86.1671142578125,144.42999267578125,87.94661712646484
2023-01-26,141.55746459960938,99.22000122070312,57.11118698120117,96.72059631347656,146.15304565429688,241.65745544433594,19.7811222076416,86.3497543334961,160.27000427246094,88.93637084960938
2023-01-27,143.4945831298828,102.23999786376953,56.38701248168945,98.55543518066406,150.55850219726562,241.81336975097656,20.34353256225586,85.54228973388672,177.89999389648438,88.79362487792969
2023-01-30,140.61351013183594,100.55000305175781,55.47679138183594,96.14537811279297,145.91493225097656,236.5027618408203,19.14179801940918,83.96582794189453,166.66000366210938,88.63182830810547
2023-01-31,141.88194274902344,103.12999725341797,55.81645965576172,98.02977752685547,147.81007385253906,241.4723358154297,19.51640510559082,85.0328369140625,173.22000122070312,88.25115203857422
2023-02-01,143.0029296875,105.1500015258789,57.50905227661133,99.60675048828125,151.92774963378906,246.28598022460938,20.920923233032227,86.56123352050781,181.41000366210938,90.16407012939453
2023-02-02,148.302978515625,112.91000366210938,57.79719924926758,106.8568344116211,187.3001708984375,257.8329162597656,21.686115264892578,85.91718292236328,188.27000427246094,91.9818115234375
2023-02-03,151.92156982421875,103.38999938964844,57.01959228515625,103.92108917236328,185.0775909423828,251.74276733398438,21.077756881713867,86.14788818359375,189.97999572753906,90.08792877197266
2023-02-06,149.19778442382812,102.18000030517578,57.370697021484375,102.0564956665039,184.61126708984375,250.20314025878906,21.066774368286133,85.10011291503906,194.75999450683594,87.39462280273438
2023-02-07,152.06906127929688,102.11000061035156,58.62535858154297,106.75764465332031,190.1279754638672,260.7172546386719,22.149629592895508,84.3407211303711,196.80999755859375,89.98326110839844
2023-02-08,149.3845977783203,100.05000305175781,57.40981674194336,98.55543518066406,182.00173950195312,259.908447265625,22.181591033935547,83.33141326904297,201.2899932861328,89.72627258300781
2023-02-09,148.3521270751953,98.23999786376953,57.19038009643555,94.2311782836914,176.53463745117188,256.8779296875,22.31345558166504,83.29296112060547,207.32000732421875,92.01988983154297
2023-02-10,148.716552734375,97.61000061035156,56.60265350341797,93.79478454589844,172.79400634765625,256.37127685546875,21.242586135864258,83.76396942138672,196.88999938964844,90.76364135742188
2023-02-13,151.51339721679688,99.54000091552734,57.35353088378906,93.83445739746094,178.0328826904297,264.38104248046875,21.765031814575195,85.95562744140625,194.63999938964844,91.46788787841797
2023-02-14,150.8732452392578,99.69999694824219,57.467071533203125,93.90389251708984,178.08250427246094,265.2093200683594,22.946788787841797,85.63841247558594,209.25,93.22854614257812
2023-02-15,152.97093200683594,101.16000366210938,57.98039245605469,96.14537811279297,175.78057861328125,263.0895690917969,22.740005493164062,84.91747283935547,214.24000549316406,88.27970123291016
2023-02-16,151.37551879882812,98.1500015258789,57.298194885253906,94.72708892822266,171.0973358154297,256.08538818359375,21.97880744934082,84.32149505615234,202.0399932861328,86.43340301513672
2023-02-17,150.23313903808594,97.19999694824219,56.825904846191406,93.57659149169922,171.53390502929688,252.0899658203125,21.365453720092773,83.89854431152344,208.30999755859375,85.74817657470703
2023-02-21,146.2249298095703,94.58000183105469,55.48537826538086,91.0375747680664,170.74014282226562,246.82472229003906,20.633224487304688,82.86038208007812,197.3699951171875,83.40699005126953
2023-02-22,146.64842224121094,95.79000091552734,54.973026275634766,90.89872741699219,169.78759765625,245.69151306152344,20.73212242126465,82.97573852539062,200.86000061035156,82.63612365722656
2023-02-23,147.13096618652344,95.81999969482422,55.701011657714844,90.14495086669922,170.700439453125,248.87612915039062,23.639053344726562,85.148193359375,202.07000732421875,85.7291488647461
2023-02-24,144.48184204101562,93.5,55.123779296875,88.39937591552734,169.06329345703125,243.45452880859375,23.261451721191406,85.22506713867188,196.8800048828125,83.85430908203125
2023-02-27,145.67344665527344,93.76000213623047,55.85844421386719,89.13330841064453,168.21990966796875,244.37278747558594,23.476228713989258,84.55219268798828,207.6300048828125,83.08342742919922
2023-02-28,145.17120361328125,94.2300033569336,56.70186996459961,89.3217544555664,173.57785034179688,243.64988708496094,23.1915283203125,84.01388549804688,205.7100067138672,82.86451721191406
2023-03-01,143.10305786132812,92.16999816894531,56.63317108154297,89.61929321289062,172.06968688964844,240.57276916503906,22.674072265625,82.99495697021484,202.77000427246094,84.1493148803711
2023-03-02,143.6939697265625,92.12999725341797,57.11786651611328,91.24586486816406,173.17105102539062,245.30079650878906,23.289426803588867,83.6005630493164,190.89999389648438,84.7298583984375
2023-03-03,148.73623657226562,94.9000015258789,60.37234115600586,92.88233184814453,183.80755615234375,249.3840789794922,23.864816665649414,85.7922134399414,197.7899932861328,85.45315551757812
2023-03-06,151.4937286376953,93.75,60.387596130371094,94.3501968383789,183.46031188964844,250.9275360107422,23.529170989990234,86.26322174072266,193.80999755859375,85.25328063964844
2023-03-07,149.29754638671875,93.55000305175781,59.64626693725586,93.09060668945312,183.0733184814453,248.2704620361328,23.267404556274414,84.93669891357422,187.7100067138672,84.55855560302734
2023-03-08,150.5482635498047,93.91999816894531,60.32463836669922,93.4774169921875,183.52975463867188,247.8308563232422,24.159610748291016,85.06165313720703,182.0,86.44291687011719
2023-03-09,148.30291748046875,92.25,59.395328521728516,91.56322479248047,180.27528381347656,246.4828338623047,23.415267944335938,83.50443267822266,172.9199981689453,84.58708953857422
2023-03-10,146.24464416503906,90.7300033569336,58.661617279052734,89.88707733154297,178.1122589111328,242.839111328125,22.94468879699707,80.81291198730469,173.44000244140625,83.03583526611328
2023-03-13,148.1847381591797,92.43000030517578,58.818092346191406,90.3631591796875,179.49143981933594,248.04579162597656,22.945688247680664,81.63957977294922,174.47999572753906,83.5021743774414
2023-03-14,150.27252197265625,94.87999725341797,60.34371566772461,93.19970703125,192.50929260253906,254.75685119628906,24.041717529296875,81.28392028808594,183.25999450683594,84.97730255126953
2023-03-15,150.66647338867188,96.19999694824219,59.73118591308594,95.32215881347656,196.21023559570312,259.29931640625,24.206573486328125,79.76514434814453,180.4499969482422,82.51239013671875
2023-03-16,153.48301696777344,100.04000091552734,60.72917938232422,99.49765014648438,203.33432006835938,269.81036376953125,25.518409729003906,81.53385925292969,184.1300048828125,85.42924499511719
2023-03-17,152.6459197998047,98.94999694824219,60.201560974121094,100.78700256347656,194.08689880371094,272.96563720703125,25.702247619628906,81.95680236816406,180.1300048828125,85.59187316894531
2023-03-20,155.00946044921875,97.70999908447266,61.4171028137207,100.39028930664062,196.26974487304688,265.93218994140625,25.877090454101562,83.59092712402344,183.25,86.13715362548828
2023-03-21,156.86094665527344,100.61000061035156,61.19029998779297,104.05994415283203,200.5858917236328,267.44635009765625,26.175825119018555,84.18693542480469,197.5800018310547,88.49053192138672
2023-03-22,155.43295288085938,98.69999694824219,60.63004684448242,102.52265167236328,198.25421142578125,265.9908142089844,26.44459342956543,84.49452209472656,191.14999389648438,88.60533142089844
2023-03-23,156.51622009277344,98.70999908447266,61.428627014160156,104.734375,202.68939208984375,271.2366027832031,27.166950225830078,84.3791732788086,192.22000122070312,90.48994445800781
2023-03-24,157.81619262695312,98.12999725341797,61.13456726074219,104.57569122314453,204.4059295654297,274.0793151855469,26.755311965942383,84.60025024414062,190.41000366210938,88.7679443359375
2023-03-27,155.87612915039062,98.04000091552734,60.23796463012695,101.6201171875,201.26060485839844,269.98614501953125,26.50753402709961,86.64774322509766,191.80999755859375,86.73029327392578
2023-03-28,155.2556610107422,97.23999786376953,60.03232192993164,100.20183563232422,199.11741638183594,268.86279296875,26.386640548706055,86.36898040771484,189.19000244140625,86.87376403808594
2023-03-29,158.3283233642578,100.25,60.109195709228516,100.55888366699219,203.75108337402344,274.02069091796875,26.960132598876953,87.10914611816406,193.8800048828125,88.73926544189453
2023-03-30,159.89413452148438,102.0,60.90200424194336,100.06298828125,206.2216796875,277.4787292480469,27.358779907226562,87.00341033935547,195.27999877929688,88.46182250976562
2023-03-31,162.39553833007812,103.29000091552734,61.65060043334961,102.87970733642578,210.2897491455078,281.6304626464844,27.75243377685547,89.32003021240234,207.4600067138672,88.98797607421875
2023-04-03,163.64627075195312,102.41000366210938,61.73998260498047,103.50452423095703,211.4109649658203,280.5852355957031,27.940269470214844,90.28130340576172,194.77000427246094,88.81578063964844
2023-04-04,163.11447143554688,103.94999694824219,60.96543502807617,103.86158752441406,213.048095703125,280.5362854003906,27.428712844848633,90.35818481445312,192.5800018310547,88.1748275756836
2023-04-05,161.2728271484375,101.0999984741211,60.44649887084961,103.61363983154297,209.83334350585938,277.76202392578125,26.857223510742188,91.21369934082031,185.52000427246094,86.29022216796875
2023-04-06,162.1592254638672,102.05999755859375,59.834354400634766,107.53125,214.4174041748047,284.8540954589844,27.01308822631836,92.20379638671875,185.05999755859375,86.32847595214844
2023-04-10,159.5691680908203,102.16999816894531,60.29082107543945,105.56748962402344,213.077880859375,282.6952819824219,27.55460548400879,90.5049057006836,184.50999450683594,85.16136169433594
2023-04-11,158.3578338623047,99.91999816894531,59.731529235839844,104.48641967773438,212.1848602294922,276.2869567871094,27.144969940185547,90.70762634277344,186.7899932861328,85.37183380126953
2023-04-12,157.66845703125,97.83000183105469,59.2635383605957,103.78224182128906,212.33372497558594,276.93170166015625,26.471567153930664,90.6400375366211,180.5399932861328,83.10455322265625
2023-04-13,163.04554748535156,102.4000015258789,59.98811721801758,106.54937744140625,218.63427734375,283.1347961425781,26.439594268798828,92.23277282714844,185.89999389648438,83.27674865722656
2023-04-14,162.7008819580078,102.51000213623047,59.53644943237305,107.9775619506836,219.76541137695312,279.52044677734375,26.734331130981445,92.38719940185547,185.0,83.4202651977539
2023-04-17,162.7205352783203,102.73999786376953,60.287933349609375,105.1013412475586,217.15586853027344,282.11883544921875,26.978116989135742,92.27136993408203,187.0399932861328,84.17601776123047
2023-04-18,163.94175720214844,102.30000305175781,60.76457977294922,103.64338684082031,216.1934356689453,281.69873046875,27.64253044128418,93.12081909179688,184.30999755859375,84.31951141357422
2023-04-19,165.08413696289062,104.30000305175781,60.974082946777344,103.32600402832031,214.02047729492188,281.77703857421875,27.906295776367188,92.48371887207031,180.58999633789062,83.4489517211914
2023-04-20,164.11898803710938,103.80999755859375,60.83184814453125,104.42691802978516,211.4109649658203,279.4910888671875,27.080026626586914,91.53776550292969,162.99000549316406,85.419677734375
2023-04-21,162.5137481689453,106.95999908447266,60.8203239440918,104.54593658447266,211.2323455810547,279.149169921875,27.095016479492188,91.84666442871094,165.0800018310547,81.66957092285156
2023-04-24,162.8190155029297,106.20999908447266,60.97792434692383,105.1013412475586,211.1331329345703,275.25146484375,27.018081665039062,92.1265869140625,162.5500030517578,80.97123718261719
2023-04-25,161.28271484375,102.56999969482422,59.774784088134766,102.99871826171875,205.93394470214844,269.04840087890625,26.21778678894043,90.79449462890625,160.6699981689453,78.72309112548828
2023-04-26,161.2728271484375,104.9800033569336,59.214534759521484,102.85985565185547,207.76954650878906,288.5368957519531,26.93215560913086,90.4566421508789,153.75,78.6848373413086
2023-04-27,165.8522491455078,109.81999969482422,59.427860260009766,106.70805358886719,236.70249938964844,297.7779541015625,27.201921463012695,91.74047088623047,160.19000244140625,80.04326629638672
2023-04-28,167.10293579101562,105.44999694824219,60.20529556274414,106.4601058959961,238.44879150390625,300.15185546875,27.724458694458008,91.43157196044922,164.30999755859375,80.6459732055664
2023-05-01,167.0143280029297,102.05000305175781,61.30561447143555,106.32125854492188,241.28651428222656,298.49114990234375,28.884428024291992,91.57637023925781,161.8300018310547,80.33982849121094
2023-05-02,165.9802703857422,103.62999725341797,58.844547271728516,104.4566650390625,237.377197265625,298.3446350097656,28.185049057006836,91.50879669189453,160.30999755859375,79.3640365600586
2023-05-03,164.90682983398438,103.6500015258789,58.927188873291016,104.54593658447266,235.1844024658203,297.35797119140625,27.77741050720215,91.489501953125,160.61000061035156,79.11531829833984
2023-05-04,163.2720489501953,104.0,58.63505172729492,103.83183288574219,231.70172119140625,298.3446350097656,27.537620544433594,91.67292022705078,161.1999969482422,79.8710708618164
2023-05-05,170.93389892578125,105.66000366210938,60.55317687988281,104.7046127319336,230.9674835205078,303.46337890625,28.654634475708008,93.60346984863281,170.05999755859375,81.28691864013672
2023-05-08,170.86497497558594,105.83000183105469,60.45130920410156,106.88658142089844,231.45367431640625,301.5096130371094,29.125215530395508,93.4297103881836,171.7899932861328,81.83220672607422
2023-05-09,169.16123962402344,106.62000274658203,59.43747329711914,106.47002410888672,231.5529022216797,299.8978271484375,28.545726776123047,92.80228424072266,169.14999389648438,81.37300872802734
2023-05-10,170.9240264892578,110.19000244140625,60.18319320678711,110.83396911621094,231.26513671875,305.08502197265625,28.85944938659668,94.13436889648438,168.5399932861328,81.2199478149414
2023-05-11,171.11114501953125,112.18000030517578,60.31773376464844,115.61444091796875,233.95407104492188,302.9358825683594,28.55272102355957,94.05714416503906,172.0800018310547,79.81368255615234
2023-05-12,170.18414306640625,110.26000213623047,60.65215301513672,116.5467529296875,231.9894561767578,301.8222351074219,28.31493377685547,94.45289611816406,167.97999572753906,79.81368255615234
2023-05-15,169.69107055664062,111.19999694824219,61.48339080810547,115.55494689941406,237.00013732910156,302.3008728027344,28.927391052246094,93.88338470458984,166.35000610351562,81.94700622558594
2023-05-16,169.69107055664062,113.4000015258789,61.64099884033203,118.53034973144531,236.96046447753906,304.5281677246094,29.18716049194336,94.83901977539062,166.52000427246094,82.15747833251953
2023-05-17,170.302490234375,115.5,63.181453704833984,119.84944915771484,240.6018524169922,307.4064636230469,30.151309967041016,96.3062515258789,173.86000061035156,86.94074249267578
2023-05-18,172.62985229492188,118.1500015258789,65.14472198486328,121.82313537597656,244.92794799804688,311.8315124511719,31.649982452392578,98.78701782226562,176.88999938964844,88.634033203125
2023-05-19,172.73837280273438,116.25,65.56275177001953,121.75370788574219,243.72735595703125,311.6553039550781,31.23634910583496,99.2696762084961,180.13999938964844,88.56707000732422
2023-05-22,171.79161071777344,115.01000213623047,65.18988800048828,124.02494049072266,246.38650512695312,314.4356384277344,31.14842414855957,98.23681640625,188.8699951171875,87.74433898925781
2023-05-23,169.18812561035156,114.98999786376953,65.9711685180664,121.55533599853516,244.81881713867188,308.63995361328125,30.660856246948242,95.11896514892578,185.77000427246094,86.51981353759766
2023-05-24,169.46424865722656,116.75,65.3013687133789,119.90896606445312,247.26956176757812,307.2596130371094,30.5109920501709,94.90660858154297,182.89999389648438,86.2232437133789
2023-05-25,170.5983428955078,115.0,70.03608703613281,122.46780395507812,250.7224884033203,319.07611083984375,37.94640350341797,100.66934204101562,184.47000122070312,96.57426452636719
2023-05-26,173.00460815429688,120.11000061035156,78.10159301757812,123.58854675292969,259.9996337890625,325.8998107910156,38.91154861450195,100.46662139892578,193.1699981689453,98.73628997802734
2023-05-30,174.8487548828125,121.66000366210938,77.19922637939453,122.65625,260.47589111328125,324.25506591796875,40.07551956176758,101.49948120117188,201.16000366210938,97.55961608886719
2023-05-31,174.79945373535156,120.58000183105469,77.64319610595703,121.86280822753906,262.6587829589844,321.4942932128906,37.800537109375,102.26205444335938,203.92999267578125,94.31655883789062
2023-06-01,177.60015869140625,122.7699966430664,75.9124755859375,122.70584106445312,270.4873352050781,325.5962829589844,39.73482131958008,102.3103256225586,207.52000427246094,94.55570983886719
2023-06-02,178.44827270507812,124.25,78.03144836425781,123.6480484008789,270.4873352050781,328.35711669921875,39.29221725463867,102.21378326416016,213.97000122070312,94.65138244628906
2023-06-05,177.09722900390625,125.30000305175781,77.09930419921875,124.9770736694336,269.2768859863281,328.8857727050781,39.13636016845703,103.21768951416016,217.61000061035156,93.79996490478516
2023-06-06,176.73236083984375,126.61000061035156,75.91728973388672,126.26639556884766,269.00897216796875,326.673095703125,38.61981201171875,103.38178253173828,221.30999755859375,95.49323272705078
2023-06-07,175.361572265625,121.2300033569336,76.1700439453125,121.49583435058594,261.5474853515625,316.58941650390625,37.44572448730469,101.59599304199219,224.57000732421875,95.94287109375
2023-06-08,178.0735626220703,124.25,77.2818832397461,121.1387939453125,262.5198669433594,318.4299621582031,38.479923248291016,103.74859619140625,234.86000061035156,95.60804748535156
2023-06-09,178.45814514160156,123.43000030517578,77.3222427368164,121.22803497314453,262.8869934082031,319.92791748046875,38.73971939086914,106.03631591796875,244.39999389648438,98.34406280517578
2023-06-12,181.24903869628906,126.56999969482422,82.19825744628906,122.62649536132812,268.9394836425781,324.881591796875,39.4511604309082,112.38787841796875,249.8300018310547,102.41941833496094
2023-06-13,180.77565002441406,126.66000366210938,81.7907943725586,122.81494140625,269.2074279785156,327.2704162597656,40.989959716796875,112.62918090820312,258.7099914550781,102.17066955566406
2023-06-14,181.40682983398438,126.41999816894531,85.15998077392578,122.65625,271.22161865234375,330.2563171386719,42.96342086791992,118.0251235961914,256.7900085449219,102.75423431396484
2023-06-15,183.43833923339844,127.11000061035156,84.89572143554688,124.06460571289062,279.63555908203125,340.7903747558594,42.619686126708984,122.15653228759766,255.89999389648438,101.04234313964844
2023-06-16,182.3634033203125,125.48999786376953,83.42351531982422,122.51739501953125,278.8120422363281,335.14154052734375,42.65864944458008,121.1043701171875,260.5400085449219,100.45634460449219
2023-06-20,182.4521484375,125.77999877929688,83.41580200195312,122.0909194946289,282.1161193847656,330.951416015625,43.773780822753906,117.80310821533203,274.45001220703125,99.88956451416016
2023-06-21,181.41668701171875,124.83000183105469,81.89227294921875,119.56182861328125,279.44708251953125,326.5556640625,43.011375427246094,117.86102294921875,259.4599914550781,97.6416015625
2023-06-22,184.41464233398438,130.14999389648438,81.38699340820312,122.14051055908203,282.661865234375,332.5766296386719,42.991390228271484,116.393798828125,264.6099853515625,99.07298278808594
2023-06-23,184.0990753173828,129.3300018310547,79.42774200439453,121.33714294433594,286.4819030761719,327.9850769042969,42.176029205322266,114.5211410522461,256.6000061035156,97.90099334716797
2023-06-26,182.70855712890625,127.33000183105469,79.37750244140625,117.36992645263672,276.30169677734375,321.6998596191406,40.60026550292969,112.72572326660156,241.0500030517578,96.17179107666016
2023-06-27,185.46002197265625,129.17999267578125,81.9637680053711,117.36003112792969,284.8149108886719,327.5445251464844,41.84328842163086,113.74891662597656,250.2100067138672,98.06428527832031
2023-06-28,186.63356018066406,129.0399932861328,81.9193115234375,119.19485473632812,283.0686340332031,328.7976379394531,41.08488464355469,112.4843978881836,256.239990234375,96.94992065429688
2023-06-29,186.96885681152344,127.9000015258789,83.33272552490234,118.12371063232422,279.337890625,328.0144348144531,40.79011154174805,113.69100952148438,257.5,96.6809310913086
2023-06-30,191.28831481933594,130.36000061035156,83.80223083496094,118.71879577636719,284.7454833984375,333.38916015625,42.26896286010742,114.95551300048828,261.7699890136719,96.94992065429688
2023-07-03,189.79916381835938,130.22000122070312,84.67268371582031,118.91716003417969,283.7929382324219,330.8927001953125,42.37986755371094,113.08287048339844,279.82000732421875,99.09220123291016
2023-07-05,188.68475341796875,130.3800048828125,83.26412963867188,120.75199127197266,292.0779113769531,331.04931640625,42.2839469909668,111.9341812133789,282.4800109863281,97.01716613769531
2023-07-06,189.15814208984375,128.36000061035156,81.92511749267578,119.12543487548828,289.7164611816406,334.1037902832031,42.07011795043945,111.44189453125,276.5400085449219,95.49932861328125
2023-07-07,188.04376220703125,129.77999877929688,81.80436706542969,118.50059509277344,288.2677917480469,330.13885498046875,42.46979904174805,110.63104248046875,274.42999267578125,96.28707885742188
2023-07-10,186.00241088867188,127.12999725341797,84.79732513427734,115.49542236328125,291.81005859375,324.86199951171875,42.147056579589844,110.4090347290039,269.6099853515625,95.84516143798828
2023-07-11,185.47970581054688,128.77999877929688,85.21469116210938,116.17977142333984,295.9674377441406,325.4885559082031,42.37187576293945,111.28084564208984,269.7900085449219,97.27655792236328
2023-07-12,187.14634704589844,130.8000030517578,85.97789764404297,117.95509338378906,306.9313659667969,330.1192626953125,43.86771011352539,112.3851318359375,271.989990234375,99.81269836425781
2023-07-13,187.90573120117188,134.3000030517578,86.01751708984375,123.51911926269531,310.9696350097656,335.464599609375,45.94108581542969,113.77031707763672,277.8999938964844,101.41700744628906
2023-07-14,188.05368041992188,134.67999267578125,85.84554290771484,124.39189147949219,306.4649963378906,337.9904479980469,45.43348693847656,115.53329467773438,281.3800048828125,101.00392150878906
2023-07-17,191.3079833984375,133.55999755859375,87.94874572753906,123.62821960449219,308.2013854980469,338.47015380859375,46.424705505371094,115.16522216796875,290.3800048828125,100.66768646240234
2023-07-18,191.05160522460938,132.8300018310547,87.28020477294922,122.7455062866211,309.6202087402344,351.941162109375,47.45690155029297,116.98629760742188,293.3399963378906,99.09220123291016
2023-07-19,192.40264892578125,135.36000061035156,87.08116912841797,121.0296859741211,313.5494384765625,347.6238098144531,47.04022979736328,114.97147369384766,291.260009765625,99.00574493408203
2023-07-20,190.4598846435547,129.9600067138672,85.82235717773438,118.22289276123047,300.1644592285156,339.586181640625,45.48444366455078,112.24949645996094,262.8999938964844,94.01029205322266
2023-07-21,189.28634643554688,130.0,86.63484954833984,119.03616333007812,291.96881103515625,336.55126953125,44.274383544921875,113.96405029296875,260.0199890136719,93.42430877685547
2023-07-24,190.0851593017578,128.8000030517578,87.1024398803711,120.5337905883789,289.3393859863281,337.8631591796875,44.5771598815918,114.37090301513672,269.05999755859375,94.38496398925781
2023-07-25,190.94314575195312,129.1300048828125,88.68683624267578,121.20820617675781,292.1771240234375,343.6099548339844,45.64332580566406,114.25464630126953,265.2799987792969,96.37352752685547
2023-07-26,191.81097412109375,128.14999389648438,86.28125762939453,128.21034240722656,296.2452392578125,330.67724609375,45.41649627685547,111.88141632080078,264.3500061035156,95.49932861328125
2023-07-27,190.5486602783203,128.25,86.3237533569336,128.33924865722656,309.2829284667969,323.77532958984375,45.86415100097656,112.75322723388672,255.7100067138672,95.44169616699219
2023-07-28,193.12255859375,132.2100067138672,86.92853546142578,131.4932098388672,322.9457092285156,331.26470947265625,46.71348571777344,112.35607147216797,266.44000244140625,96.89230346679688
2023-07-31,193.7340087890625,133.67999267578125,86.81838989257812,131.632080078125,316.1192932128906,328.8661804199219,46.692501068115234,113.55721282958984,267.42999267578125,95.24955749511719
2023-08-01,192.90560913085938,131.69000244140625,88.88102722167969,130.47166442871094,320.1972351074219,329.27734375,46.47067642211914,114.21590423583984,261.07000732421875,94.52906799316406
2023-08-02,189.9175262451172,128.2100067138672,86.20494842529297,127.32762908935547,311.8626403808594,320.6229553222656,44.23442459106445,112.08484649658203,254.11000061035156,91.9352798461914
2023-08-03,188.5269775390625,128.91000366210938,85.49776458740234,127.39705657958984,310.7513732910156,319.8005676269531,44.480228424072266,110.961181640625,259.32000732421875,91.24359893798828
2023-08-04,179.4739227294922,139.57000732421875,85.1760482788086,127.05985260009766,308.310546875,320.8970642089844,44.64509582519531,110.8546371459961,253.86000061035156,92.37718963623047
2023-08-07,176.37734985351562,142.22000122070312,86.664794921875,130.4518280029297,314.0951232910156,323.17816162109375,45.38153076171875,112.4626235961914,251.4499969482422,92.5596923828125
2023-08-08,177.314208984375,139.94000244140625,85.3219223022461,130.32286071777344,310.2056884765625,319.20343017578125,44.62911605834961,111.61988067626953,249.6999969482422,90.77288055419922
2023-08-09,175.72645568847656,137.85000610351562,82.1888427734375,128.59713745117188,302.83355712890625,315.463623046875,42.52075958251953,109.55660247802734,242.19000244140625,90.2829360961914
2023-08-10,175.5094757080078,138.55999755859375,81.4323959350586,128.62692260742188,303.3594055175781,316.14892578125,42.354896545410156,109.4500503540039,245.33999633789062,91.07069396972656
2023-08-11,175.56874084472656,138.41000366210938,80.16295623779297,128.4979705810547,299.29132080078125,314.2692565917969,40.823089599609375,109.5178451538086,242.64999389648438,88.37122344970703
2023-08-14,177.21788024902344,140.57000732421875,82.51444244384766,130.25344848632812,303.805908203125,317.2356262207031,43.718814849853516,111.94921875,239.75999450683594,89.40876007080078
2023-08-15,175.23301696777344,137.6699981689453,81.39568328857422,128.71615600585938,299.5989074707031,315.10137939453125,43.90568161010742,113.61534118652344,232.9600067138672,88.07341003417969
2023-08-16,174.36399841308594,135.07000732421875,80.47500610351562,127.64502716064453,291.9985656738281,314.336181640625,43.45203399658203,111.72642517089844,225.60000610351562,88.16950225830078
2023-08-17,171.82608032226562,133.97999572753906,79.90596771240234,128.85501098632812,282.87017822265625,310.88275146484375,43.31014633178711,111.28084564208984,219.22000122070312,88.03498840332031
2023-08-18,172.30996704101562,133.22000122070312,79.78424835205078,126.41519165039062,281.04449462890625,310.4903564453125,43.265174865722656,112.81134033203125,215.49000549316406,87.5162353515625
2023-08-21,173.64308166503906,134.67999267578125,83.58100128173828,127.31771087646484,287.64276123046875,315.78814697265625,46.93031692504883,112.93727111816406,231.27999877929688,88.9188003540039
2023-08-22,175.01573181152344,134.25,82.67770385742188,128.0218963623047,285.3606262207031,316.357177734375,45.632328033447266,112.88884735107422,233.19000244140625,88.61139678955078
2023-08-23,178.85714721679688,135.52000427246094,84.68621826171875,131.28494262695312,291.9489440917969,320.81121826171875,47.07920837402344,114.14810180664062,236.86000061035156,90.51349639892578
2023-08-24,174.17637634277344,131.83999633789062,82.5492172241211,128.71615600585938,284.5172424316406,313.9143371582031,47.126163482666016,109.37256622314453,230.0399932861328,88.88998413085938
2023-08-25,176.37852478027344,133.25999450683594,82.29417419433594,128.81532287597656,283.27703857421875,316.8673400878906,45.982059478759766,112.42386627197266,238.58999633789062,89.43756103515625
2023-08-28,177.93875122070312,133.13999938964844,83.18878936767578,129.93605041503906,287.99993896484375,317.5736999511719,46.79841995239258,113.17943572998047,238.82000732421875,90.30215454101562
2023-08-29,181.81964111328125,134.91000366210938,85.97595977783203,133.4669189453125,295.6697082519531,322.1945495605469,48.74589157104492,116.87007904052734,257.17999267578125,91.33968353271484
2023-08-30,185.3055877685547,135.07000732421875,86.20298767089844,134.76614379882812,292.8022766113281,322.5673522949219,49.22552490234375,117.32534790039062,256.8999938964844,91.05146026611328
2023-08-31,185.52281188964844,138.00999450683594,89.16021728515625,135.05380249023438,293.5861511230469,321.5568542480469,49.31644821166992,116.61821746826172,258.0799865722656,89.88906860351562
2023-09-01,187.0929412841797,138.1199951171875,84.29397583007812,134.5479736328125,294.0722961425781,322.4398193359375,48.47111511230469,117.14130401611328,245.00999450683594,89.5240249633789
2023-09-05,187.32994079589844,137.27000427246094,84.26018524169922,134.65707397460938,297.8128967285156,327.2373046875,48.51008224487305,120.09574127197266,256.489990234375,90.87854766845703
2023-09-06,180.62477111816406,135.36000061035156,84.26982879638672,133.35777282714844,296.840576171875,326.5799865722656,47.028114318847656,120.43478393554688,251.9199981689453,88.63060760498047
2023-09-07,175.34164428710938,137.85000610351562,82.79750061035156,134.15122985839844,296.3444519042969,323.6661682128906,46.20869064331055,121.17095947265625,251.49000549316406,86.50756072998047
2023-09-08,175.953857421875,138.22999572753906,82.84774017333984,135.2620849609375,295.57049560546875,327.9436340332031,45.54014587402344,122.3624267578125,248.5,86.11367797851562
2023-09-11,177.11915588378906,143.10000610351562,83.00135040283203,135.79763793945312,305.16522216796875,331.5442199707031,45.14643096923828,122.74021911621094,273.5799865722656,86.07524871826172
2023-09-12,174.09738159179688,141.22999572753906,81.58892059326172,134.2305908203125,299.3111572265625,325.4909362792969,44.83864212036133,106.17595672607422,267.4800109863281,86.92062377929688
2023-09-13,172.03346252441406,144.85000610351562,82.40140533447266,135.58937072753906,302.6846923828125,329.6997375488281,45.45322036743164,108.33607482910156,271.29998779296875,87.63151550292969
2023-09-14,173.5443572998047,144.72000122070312,84.20896911621094,136.96795654296875,309.2928161621094,332.28985595703125,45.54914855957031,110.09907531738281,276.0400085449219,88.32775115966797
2023-09-15,172.823486328125,140.38999938964844,82.28064727783203,136.27369689941406,297.9716796875,323.9703369140625,43.869327545166016,110.34124755859375,274.3900146484375,86.18401336669922
2023-09-18,175.74649047851562,139.97999572753906,82.11833190917969,137.0770721435547,300.1942138671875,322.832275390625,43.93527603149414,108.69449615478516,265.2799987792969,85.77842712402344
2023-09-19,176.832763671875,137.6300048828125,82.04105377197266,136.90846252441406,302.69464111328125,322.4300537109375,43.489585876464844,109.23694610595703,266.5,85.14109802246094
2023-09-20,173.2974853515625,135.2899932861328,80.67823791503906,132.64370727539062,297.336669921875,314.6991271972656,42.20948791503906,109.33381652832031,262.5899963378906,84.29134368896484
2023-09-21,171.75697326660156,129.3300018310547,78.52083587646484,129.37075805664062,293.42730712890625,313.48260498046875,40.98834228515625,106.00159454345703,255.6999969482422,82.42762756347656
2023-09-22,172.60623168945312,129.1199951171875,80.53349304199219,129.18228149414062,296.7512512207031,311.01031494140625,41.58092498779297,105.61412811279297,244.8800048828125,82.6980209350586
2023-09-25,173.88009643554688,131.27000427246094,81.00071716308594,130.03526306152344,298.4876403808594,311.53033447265625,42.1924934387207,104.90699005126953,246.99000549316406,83.27740478515625
2023-09-26,169.81163024902344,125.9800033569336,79.28141784667969,127.5160903930664,296.6322021484375,306.2325134277344,41.8817138671875,101.59415435791016,244.1199951171875,81.39439392089844
2023-09-27,168.30068969726562,125.9800033569336,79.34164428710938,129.4699249267578,295.42169189453125,306.8702087402344,42.43832015991211,101.34229278564453,240.5,82.5048828125
2023-09-28,168.55747985839844,125.9800033569336,80.817138671875,131.22540283203125,301.5932312011719,307.7041320800781,43.05888748168945,102.82435607910156,246.3800048828125,83.44157409667969
2023-09-29,169.07093811035156,127.12000274658203,80.67918395996094,129.78729248046875,297.8724670410156,309.77410888671875,43.468605041503906,102.6015625,250.22000122070312,83.91473388671875
2023-10-02,171.57919311523438,129.4600067138672,81.10368347167969,133.07017517089844,304.4309387207031,315.7096252441406,44.750709533691406,103.36680603027344,251.60000610351562,84.63897705078125
2023-10-03,170.24606323242188,124.72000122070312,79.1493148803711,131.34442138671875,298.59674072265625,307.4588317871094,43.4865837097168,101.24541473388672,246.52999877929688,82.47591400146484
2023-10-04,171.4903564453125,127.0,80.02159118652344,134.1314239501953,303.20062255859375,312.9233703613281,44.010223388671875,103.7252197265625,261.1600036621094,83.69264221191406
2023-10-05,172.7247314453125,125.95999908447266,80.02644348144531,133.96279907226562,302.4167785644531,313.3158264160156,44.65677261352539,104.95542907714844,260.04998779296875,84.04026794433594
2023-10-06,175.27252197265625,127.95999908447266,82.10516357421875,136.4522247314453,312.97393798828125,321.06634521484375,45.73003005981445,106.51499938964844,260.5299987792969,86.22264099121094
2023-10-09,176.75376892089844,128.25999450683594,83.13671875,137.28533935546875,315.881103515625,323.5779113769531,45.24136734008789,106.86369323730469,259.6700134277344,85.93292999267578
2023-10-10,176.1612548828125,129.47999572753906,83.38249969482422,136.9282989501953,319.333984375,322.17498779296875,45.765995025634766,106.27281188964844,263.6199951171875,87.49727630615234
2023-10-11,177.5536346435547,131.8300018310547,84.95124816894531,139.3978729248047,325.2674865722656,326.12872314453125,46.77330017089844,106.59363555908203,262.989990234375,88.83953857421875
2023-10-12,178.45230102539062,132.3300018310547,87.96635437011719,137.83084106445312,321.635986328125,324.89251708984375,46.912200927734375,106.078369140625,258.8699951171875,89.24510192871094
2023-10-13,176.61550903320312,129.7899932861328,85.7885513305664,136.23403930664062,312.23968505859375,321.5274353027344,45.42923355102539,105.24227142333984,251.1199951171875,87.3524398803711
2023-10-16,176.4871368408203,132.5500030517578,87.67202758789062,137.9597625732422,318.6494445800781,326.3445129394531,46.06278991699219,105.6894760131836,253.9199981689453,88.08633422851562
2023-10-17,174.93673706054688,131.47000122070312,85.90705871582031,138.57469177246094,321.4772033691406,325.77545166015625,43.90730285644531,106.01031494140625,254.85000610351562,87.87389373779297
2023-10-18,173.64308166503906,128.1300048828125,86.16252136230469,136.8291015625,314.501953125,323.8623962402344,42.166507720947266,105.24227142333984,242.67999267578125,86.52198791503906
2023-10-19,173.26788330078125,128.39999389648438,84.2975082397461,136.62083435058594,310.3743896484375,325.0494689941406,42.07158660888672,105.32976531982422,220.11000061035156,89.71827697753906
2023-10-20,170.72010803222656,125.16999816894531,82.91819763183594,134.48846435546875,306.2467346191406,320.487548828125,41.35807800292969,99.02008819580078,211.99000549316406,88.17323303222656
2023-10-23,170.8385772705078,126.55999755859375,83.75257873535156,135.38107299804688,311.5649719238281,323.08740234375,42.944969177246094,100.77980041503906,212.0800018310547,87.98011779785156
2023-10-24,171.27310180664062,128.55999755859375,85.58747100830078,137.67214965820312,310.1163635253906,324.2744140625,43.63248825073242,100.33256530761719,216.52000427246094,88.49190521240234
2023-10-25,168.96237182617188,121.38999938964844,82.52964782714844,124.58033752441406,297.1977844238281,334.2225036621094,41.74980545043945,98.61175537109375,212.4199981689453,84.62931823730469
2023-10-26,164.80494689941406,119.56999969482422,80.30718231201172,121.27764129638672,286.1048278808594,321.6844482421875,40.297821044921875,97.61038208007812,205.75999450683594,84.44583129882812
2023-10-27,166.1182861328125,127.73999786376953,81.4349136352539,121.16854095458984,294.4195251464844,323.56805419921875,40.47169494628906,98.1839828491211,207.3000030517578,83.03600311279297
2023-10-30,168.16244506835938,132.7100067138672,81.71564483642578,123.43978118896484,300.3033752441406,330.9261169433594,41.13223648071289,98.82564544677734,197.36000061035156,83.10359191894531
2023-10-31,168.636474609375,133.08999633789062,81.72730255126953,123.06289672851562,298.9241943359375,331.7109680175781,40.751502990722656,100.52702331542969,200.83999633789062,83.34501647949219
2023-11-01,171.79647827148438,137.0,82.85115814208984,125.4134521484375,309.4218444824219,339.52032470703125,42.29542541503906,102.81172180175781,205.66000366210938,84.78382110595703
2023-11-02,175.3515167236328,138.07000732421875,84.63457489013672,126.44493103027344,308.449462890625,341.7277526855469,43.47560501098633,103.90060424804688,218.50999450683594,87.37174224853516
2023-11-03,174.4429931640625,138.60000610351562,85.73997497558594,128.04173278808594,312.15045166015625,346.1229553222656,44.97355270385742,105.04783630371094,219.9600067138672,88.63675689697266
2023-11-06,176.99073791503906,139.74000549316406,85.56029510498047,129.18228149414062,313.341064453125,349.7823486328125,45.719032287597656,106.078369140625,219.27000427246094,89.41891479492188
2023-11-07,179.5484161376953,142.7100067138672,87.21062469482422,129.89639282226562,316.3376159667969,353.7066650390625,45.922889709472656,105.96170806884766,222.17999267578125,89.23546600341797
2023-11-08,180.6050567626953,142.0800018310547,88.50350952148438,130.75927734375,317.2900695800781,356.326171875,46.54146194458008,109.20890045166016,222.11000061035156,88.83953857421875
2023-11-09,180.1310272216797,140.60000610351562,88.52778625488281,129.1724090576172,318.0541076660156,353.8636169433594,46.91719055175781,109.0630874633789,209.97999572753906,88.47259521484375
2023-11-10,184.3136749267578,143.55999755859375,93.0096435546875,131.50311279296875,326.21002197265625,362.6737060546875,48.30122756958008,109.9283447265625,214.64999389648438,94.0926742553711
2023-11-13,182.73158264160156,142.58999633789062,91.9809799194336,131.00723266601562,326.6267395019531,359.740234375,48.58602523803711,110.97832489013672,223.7100067138672,93.1076889038086
2023-11-14,185.34202575683594,145.8000030517578,94.50941467285156,132.52468872070312,333.6913757324219,363.2623291015625,49.621307373046875,112.87415313720703,237.41000366210938,95.51216125488281
2023-11-15,185.9056396484375,143.1999969482422,94.7464370727539,133.5164794921875,330.1194152832031,363.4098205566406,48.85383605957031,110.89083862304688,242.83999633789062,95.40594482421875
2023-11-16,187.5866241455078,142.8300018310547,93.20682525634766,135.8075408935547,331.5878601074219,369.79974365234375,49.44542694091797,111.48388671875,233.58999633789062,95.15487670898438
2023-11-17,187.56686401367188,145.17999267578125,94.97277069091797,134.20083618164062,332.4312438964844,363.5867919921875,49.263553619384766,112.15470886230469,234.3000030517578,96.15914916992188
2023-11-20,189.3071746826172,146.1300048828125,96.7192611694336,135.13314819335938,337.3228759765625,371.0481872558594,50.373779296875,113.6713638305664,235.60000610351562,96.52609252929688
2023-11-21,188.50621032714844,143.89999389648438,95.30982971191406,135.84722900390625,334.35614013671875,366.7522277832031,49.90909194946289,112.85472106933594,241.1999969482422,95.02933502197266
2023-11-22,189.16873168945312,146.7100067138672,94.41616821289062,137.35476684570312,338.8310241699219,371.4512634277344,48.68196105957031,113.01025390625,234.2100067138672,95.2610855102539
2023-11-24,187.84371948242188,146.74000549316406,95.08348846435547,135.5695343017578,335.596435546875,371.03839111328125,47.742618560791016,113.01998901367188,235.4499969482422,94.4692611694336
2023-11-27,187.6657257080078,147.72999572753906,92.30249786376953,135.2918243408203,332.0938720703125,372.19830322265625,48.20829391479492,113.23387145996094,236.0800018310547,93.87056732177734
2023-11-28,188.26889038085938,147.02999877929688,91.92463684082031,136.07534790039062,336.3504943847656,376.2191467285156,47.78758239746094,113.01025390625,246.72000122070312,94.61410522460938
2023-11-29,187.2504425048828,146.32000732421875,91.3884506225586,133.88348388671875,329.6133728027344,372.43438720703125,48.106361389160156,112.98109436035156,244.13999938964844,95.48319244384766
2023-11-30,187.82395935058594,146.08999633789062,89.92167663574219,131.44363403320312,324.6026916503906,372.4932861328125,46.73732376098633,112.98109436035156,240.0800018310547,93.96711730957031
2023-12-01,189.09950256347656,147.02999877929688,90.33646392822266,130.77911376953125,322.29083251953125,368.1678161621094,46.73232650756836,113.90470886230469,238.8300018310547,95.16453552246094
2023-12-04,187.3097686767578,144.83999633789062,89.750732421875,128.21034240722656,317.5281982421875,362.88873291015625,45.47819519042969,112.56304168701172,235.5800018310547,93.67742919921875
2023-12-05,191.25509643554688,146.8800048828125,88.69679260253906,129.916259765625,315.8116760253906,366.2115173339844,46.53755569458008,111.3477783203125,238.72000122070312,93.3684310913086
2023-12-06,190.1674041748047,144.52000427246094,87.77595520019531,128.95420837402344,314.97821044921875,362.5545349121094,45.475196838378906,108.917236328125,239.3699951171875,94.48857879638672
2023-12-07,192.09556579589844,146.8800048828125,89.58463287353516,135.8075408935547,324.0469970703125,364.6681213378906,46.56753158569336,109.73389434814453,242.63999938964844,95.87910461425781
2023-12-08,193.5194854736328,147.4199981689453,91.72550201416016,133.88348388671875,330.1590881347656,367.8926086425781,47.47697830200195,110.4533462524414,243.83999633789062,96.9026870727539
2023-12-11,191.01779174804688,145.88999938964844,99.97625732421875,132.1973876953125,322.74725341796875,365.0121765136719,46.59851837158203,111.93111419677734,239.74000549316406,97.48209381103516
2023-12-12,192.5306854248047,147.47999572753906,104.1569595336914,131.4337158203125,331.61761474609375,368.0400390625,47.627891540527344,98.00898742675781,237.00999450683594,98.10973358154297
2023-12-13,195.74427795410156,148.83999633789062,105.84810638427734,131.4833221435547,332.1335754394531,368.03021240234375,48.058624267578125,100.12841796875,239.2899932861328,98.61189270019531
2023-12-14,195.89260864257812,147.4199981689453,107.47998809814453,130.85845947265625,330.57586669921875,359.733154296875,48.320457458496094,97.52288055419922,251.0500030517578,100.36697387695312
2023-12-15,195.35865783691406,149.97000122070312,109.73841094970703,131.51303100585938,332.3122253417969,364.4518127441406,48.860130310058594,100.4492416381836,253.5,99.4841079711914
2023-12-18,193.69744873046875,154.07000732421875,111.41497802734375,134.6868133544922,341.93670654296875,366.3393249511719,50.04640579223633,102.08256530761719,252.0800018310547,99.86246490478516
2023-12-19,194.7357177734375,153.7899932861328,111.20320892333984,135.52984619140625,347.6319580078125,366.93896484375,49.573692321777344,103.29783630371094,257.2200012207031,100.77445220947266
2023-12-20,192.6493377685547,152.1199951171875,108.35381317138672,137.2059783935547,346.5603332519531,364.3437194824219,48.08160400390625,101.25617980957031,247.13999938964844,97.05860137939453
2023-12-21,192.50096130371094,153.83999633789062,110.0039291381836,139.26895141601562,351.3329162597656,367.21429443359375,48.960079193115234,102.9186782836914,254.5,99.49380493164062
2023-12-22,191.43307495117188,153.4199981689453,109.48575592041016,140.33018493652344,350.63836669921875,368.2366027832031,48.8001708984375,103.24922943115234,252.5399932861328,100.075927734375
2023-12-26,190.88922119140625,153.41000366210938,110.45280456542969,140.35992431640625,352.067138671875,368.3152770996094,49.2488899230957,103.239501953125,256.6099853515625,101.33717346191406
2023-12-27,190.98812866210938,153.33999633789062,109.89463806152344,139.21932983398438,355.0437927246094,367.7352600097656,49.38681411743164,102.9964599609375,261.44000244140625,101.53120422363281
2023-12-28,191.413330078125,153.3800048828125,109.52771759033203,139.0804901123047,355.530029296875,368.9248046875,49.49174118041992,103.29783630371094,253.17999267578125,101.57972717285156
2023-12-29,190.37510681152344,151.94000244140625,108.92660522460938,138.54493713378906,351.20391845703125,369.6719055175781,49.49174118041992,102.50062561035156,248.47999572753906,100.90058135986328
2024-01-02,183.56219482421875,149.92999267578125,105.91423797607422,137.03738403320312,343.5936584472656,364.5894775390625,48.138572692871094,101.16868591308594,248.4199981689453,98.50419616699219
2024-01-03,182.187744140625,148.47000122070312,103.29903411865234,137.78125,341.7878723144531,364.3240661621094,47.539939880371094,99.61314392089844,238.4499969482422,97.18473052978516
2024-01-04,179.87393188476562,144.57000732421875,102.36516571044922,135.27197265625,344.41717529296875,361.7090759277344,47.96868133544922,99.7395248413086,237.92999267578125,96.17573547363281
2024-01-05,179.152099609375,145.24000549316406,102.39151000976562,134.61737060546875,349.2096252441406,361.52227783203125,49.0670051574707,99.87564086914062,237.49000549316406,96.64141845703125
2024-01-08,183.4830780029297,149.10000610351562,104.88668823242188,137.701904296875,355.86737060546875,368.3446960449219,52.2210807800293,101.75200653076172,240.4499969482422,99.19303894042969
2024-01-09,183.0677947998047,151.3699951171875,105.63223266601562,139.79458618164062,354.6468811035156,369.4261474609375,53.107540130615234,100.75062561035156,234.9600067138672,98.85346984863281
2024-01-10,184.10606384277344,153.72999572753906,105.44486999511719,141.1136932373047,367.5853576660156,376.2879638671875,54.31679916381836,101.42405700683594,233.94000244140625,97.79595184326172
2024-01-11,183.5127410888672,155.17999267578125,107.33894348144531,140.9153289794922,366.7916259765625,378.1164245605469,54.78850555419922,102.2536392211914,227.22000122070312,98.20344543457031
2024-01-12,183.8390350341797,154.6199951171875,108.09031677246094,141.4806671142578,371.5740661621094,381.8914489746094,54.676578521728516,104.0396957397461,218.88999938964844,98.22283172607422
2024-01-16,181.5746612548828,153.16000366210938,108.80073547363281,141.32199096679688,364.59881591796875,383.660888671875,56.34755325317383,104.01041412353516,219.91000366210938,98.64002227783203
2024-01-17,180.6352996826172,151.7100067138672,107.69902801513672,140.31033325195312,365.50164794921875,382.87451171875,56.01875686645508,103.873779296875,215.5500030517578,99.88187408447266
2024-01-18,186.51870727539062,153.5,111.62574768066406,142.30386352539062,373.2013244628906,387.199951171875,57.072113037109375,106.08924865722656,211.8800048828125,109.66148376464844
2024-01-19,189.41592407226562,155.33999633789062,118.19209289550781,145.18006896972656,380.46429443359375,391.918701171875,59.45466232299805,107.03595733642578,212.19000244140625,110.79661560058594
2024-01-22,191.71983337402344,154.77999877929688,119.099609375,144.7932891845703,378.80731201171875,389.7952880859375,59.61756134033203,107.45563507080078,208.8000030517578,109.66148376464844
2024-01-23,192.99539184570312,156.02000427246094,119.66655731201172,145.83465576171875,382.20068359375,392.144775390625,59.83642578125,109.14408874511719,209.13999938964844,110.72868347167969
2024-01-24,192.322998046875,156.8699951171875,122.3559341430664,147.4810791015625,387.6578369140625,395.7428283691406,61.32451248168945,111.56451416015625,207.8300018310547,113.0474624633789
2024-01-25,191.99673461914062,157.75,120.0266342163086,150.62506103515625,390.1185302734375,398.0137023925781,61.57936477661133,112.23794555664062,182.6300048828125,113.08627319335938
2024-01-26,190.2662811279297,159.1199951171875,117.57535552978516,150.94247436523438,391.07110595703125,397.0895690917969,60.993717193603516,111.88658905029297,183.25,113.76541137695312
2024-01-29,189.58401489257812,161.25999450683594,118.83320617675781,152.2516326904297,397.8974609375,402.78155517578125,62.42684555053711,111.01795959472656,190.92999267578125,113.49375915527344
2024-01-30,185.93533325195312,159.0,117.89543151855469,150.21844482421875,396.9449462890625,401.67071533203125,62.73564910888672,111.41812133789062,191.58999633789062,112.6011734008789
2024-01-31,182.33604431152344,155.1999969482422,115.14749908447266,138.95159912109375,387.1022644042969,390.84716796875,61.489418029785156,109.01719665527344,187.2899932861328,109.59356689453125
2024-02-01,184.7685546875,159.27999877929688,117.1001205444336,140.0028839111328,391.70611572265625,396.9421691894531,62.98849105834961,112.75521087646484,188.86000061035156,110.0107421875
2024-02-02,183.7698516845703,171.80999755859375,119.47431945800781,141.212890625,471.2915344238281,404.2561340332031,66.11958312988281,113.00896453857422,187.91000366210938,112.30040740966797
2024-02-05,185.579345703125,170.30999755859375,121.30497741699219,142.50222778320312,455.83282470703125,398.78045654296875,69.28964233398438,113.59455108642578,181.05999755859375,115.24981689453125
2024-02-06,187.18121337890625,169.14999389648438,119.30941009521484,142.91876220703125,451.1794128417969,398.6231689453125,68.18132019042969,112.53074645996094,185.10000610351562,115.82222747802734
2024-02-07,187.29000854492188,170.52999877929688,122.66722106933594,144.3469696044922,465.9336242675781,407.0382385253906,70.0561752319336,114.45340728759766,187.5800018310547,121.25533294677734
2024-02-08,186.21221923828125,169.83999633789062,124.3944320678711,144.71392822265625,466.3403625488281,407.0971374511719,69.59845733642578,113.87757873535156,189.55999755859375,129.7445831298828
2024-02-09,186.9745330810547,174.4499969482422,125.24143981933594,147.7786102294922,464.46514892578125,413.42816162109375,72.08894348144531,113.83854675292969,193.57000732421875,129.1430206298828
2024-02-12,185.29139709472656,172.33999633789062,123.44203186035156,146.32066345214844,465.24896240234375,408.2277526855469,72.20386505126953,113.05776977539062,188.1300048828125,126.5720443725586
2024-02-13,183.20236206054688,168.63999938964844,122.13931274414062,143.9502410888672,456.537353515625,399.4391174316406,72.08394622802734,110.94964599609375,184.02000427246094,123.74874877929688
2024-02-14,182.32119750976562,170.97999572753906,123.17073822021484,144.7436981201172,469.5948486328125,403.2998352050781,73.85486602783203,111.5157241821289,188.7100067138672,125.41748809814453
2024-02-15,182.0341033935547,169.8000030517578,123.44886016845703,141.59970092773438,480.26116943359375,400.4141540527344,72.61360931396484,110.07125854492188,200.4499969482422,125.18463897705078
2024-02-16,180.49948120117188,169.50999450683594,121.5372085571289,139.3681182861328,469.634521484375,397.95196533203125,72.56864166259766,108.6365737915039,199.9499969482422,122.91436767578125
2024-02-20,179.7569122314453,167.0800018310547,119.68997192382812,139.96319580078125,468.0768127441406,396.701171875,69.40957641601562,105.84526062011719,193.75999450683594,121.59490966796875
2024-02-21,180.5093994140625,168.58999633789062,119.77779388427734,141.3814697265625,464.87847900390625,396.1003723144531,67.43077850341797,105.56222534179688,194.77000427246094,121.60460662841797
2024-02-22,182.53903198242188,174.5800018310547,127.33560180664062,142.90884399414062,482.8565979003906,405.4272155761719,78.49002838134766,108.34378814697266,197.41000366210938,125.22347259521484
2024-02-23,180.7073974609375,174.99000549316406,126.50320434570312,142.77993774414062,480.770751953125,404.13702392578125,78.76885986328125,109.26119232177734,191.97000122070312,125.66973876953125
2024-02-26,179.3609161376953,174.72999572753906,127.74834442138672,136.4423065185547,478.4961242675781,401.37939453125,79.04368591308594,108.30474853515625,199.39999389648438,126.74665069580078
2024-02-27,180.81631469726562,173.5399932861328,126.48954010009766,137.74159240722656,483.7703857421875,401.3202209472656,78.65291595458984,108.70487976074219,199.72999572753906,124.75772857666016
2024-02-28,179.61834716796875,173.16000366210938,125.82498931884766,135.2620849609375,480.7607727050781,401.5566101074219,77.61556243896484,108.99769592285156,202.0399932861328,123.58380126953125
2024-02-29,178.95498657226562,176.75999450683594,126.90522766113281,137.3249969482422,486.8296203613281,407.38714599609375,79.06366729736328,108.99769592285156,201.8800048828125,124.83536529541016
2024-03-01,177.87579345703125,178.22000122070312,136.53469848632812,136.01583862304688,498.9176940917969,409.21905517578125,82.2287368774414,111.04724884033203,202.63999938964844,129.90948486328125
2024-03-04,173.36111450195312,177.5800018310547,136.83624267578125,132.25689697265625,494.8353576660156,408.6478271484375,85.1849365234375,111.32051849365234,188.13999938964844,134.13955688476562
2024-03-05,168.43052673339844,174.1199951171875,131.02908325195312,131.5824432373047,486.9190673828125,396.5632629394531,85.91551208496094,108.27545928955078,180.74000549316406,130.94761657714844
2024-03-06,167.44046020507812,173.50999450683594,131.7365264892578,130.32286071777344,492.7494812011719,396.0117492675781,88.64996337890625,109.57351684570312,176.5399932861328,137.35092163085938
2024-03-07,167.32164001464844,176.82000732421875,137.2997283935547,133.27845764160156,508.7411193847656,402.9552001953125,92.61672973632812,111.78900146484375,178.64999389648438,144.7535400390625
2024-03-08,169.0344696044922,175.35000610351562,127.7083511352539,134.3000030517578,502.54315185546875,400.0793151855469,87.4786376953125,109.71990966796875,175.33999633789062,142.00787353515625
2024-03-11,171.034423828125,171.9600067138672,126.18604278564453,136.54150390625,480.3337097167969,398.4049987792969,85.72563171386719,111.38883972167969,177.77000427246094,134.87693786621094
2024-03-12,171.50967407226562,175.38999938964844,126.06504821777344,137.3646697998047,496.3848571777344,409.0023498535156,91.86116790771484,124.47676849365234,177.5399932861328,140.09657287597656
2024-03-13,169.43052673339844,176.55999755859375,122.74625396728516,138.6441192626953,492.2330322265625,408.8250732421875,90.83673095703125,122.5052719116211,169.47999572753906,137.90394592285156
2024-03-14,171.2819366455078,178.75,123.17562103271484,141.92697143554688,488.5182189941406,418.7920837402344,87.89439392089844,122.51502227783203,162.5,135.4590301513672
2024-03-15,170.9057159423828,174.4199981689453,120.56334686279297,140.022705078125,480.8403015136719,410.1250915527344,87.7874526977539,122.5248031616211,163.57000732421875,132.897705078125
2024-03-18,171.9947967529297,174.47999572753906,120.7331314086914,146.46942138671875,493.6335754394531,411.01153564453125,88.40511322021484,124.73052215576172,173.8000030517578,133.10618591308594
2024-03-19,174.3313446044922,175.89999389648438,120.80826568603516,145.82476806640625,492.8985290527344,415.0396728515625,89.34757995605469,126.0871353149414,171.32000732421875,131.38197326660156
2024-03-20,176.8956298828125,178.14999389648438,125.04572296142578,147.520751953125,502.1160583496094,418.80194091796875,90.32102966308594,126.13593292236328,175.66000366210938,133.21334838867188
2024-03-21,169.6681365966797,178.14999389648438,132.10159301757812,146.39010620117188,504.3409729003906,422.87933349609375,91.3834228515625,125.91146087646484,172.82000732421875,135.843505859375
2024-03-22,170.56910705566406,178.8699951171875,132.63763427734375,149.53408813476562,506.148681640625,422.2588806152344,94.2358169555664,124.72075653076172,170.8300018310547,136.90530395507812
2024-03-25,169.15330505371094,179.7100067138672,132.4524383544922,148.83985900878906,499.6328430175781,416.4677734375,94.94841766357422,123.05183410644531,172.6300048828125,136.60333251953125
2024-03-26,168.02462768554688,178.3000030517578,130.483642578125,149.43492126464844,492.5509033203125,415.27606201171875,92.5087890625,123.43244934082031,177.6699981689453,135.24928283691406
2024-03-27,171.58888244628906,179.8300018310547,129.2332000732422,149.63327026367188,490.5345153808594,415.0593566894531,90.1990966796875,122.26128387451172,179.8300018310547,133.15487670898438
2024-03-28,169.77703857421875,180.3800048828125,129.8878173828125,149.69276428222656,482.310302734375,414.360107421875,90.30503845214844,122.59310913085938,175.7899932861328,132.53143310546875
2024-04-01,168.3414306640625,180.97000122070312,132.3230743408203,154.21539306640625,488.04144287109375,418.1518859863281,90.3120346069336,122.46622467041016,175.22000122070312,137.8307647705078
2024-04-02,167.1632537841797,180.69000244140625,131.1960906982422,153.29306030273438,494.0208740234375,415.0691833496094,89.40153503417969,121.35360717773438,166.6300048828125,136.59359741210938
2024-04-03,167.9652099609375,182.41000366210938,133.5921173095703,153.65008544921875,503.3277587890625,414.09417724609375,88.91383361816406,123.2079849243164,168.3800048828125,138.32754516601562
2024-04-04,167.1434783935547,180.0,129.11265563964844,149.29605102539062,507.4796142578125,411.5631103515625,85.85655212402344,121.20721435546875,171.11000061035156,136.048095703125
2024-04-05,167.89590454101562,185.07000732421875,131.26174926757812,151.24990844726562,523.7891235351562,419.0875244140625,87.9583740234375,121.90015411376953,164.89999389648438,137.70411682128906
2024-04-08,166.7771453857422,185.19000244140625,130.93540954589844,153.58065795898438,515.7536010742188,418.171630859375,87.08384704589844,121.36337280273438,172.97999572753906,139.0971221923828
2024-04-09,167.98501586914062,185.6699981689453,130.7374725341797,155.31631469726562,513.4193725585938,419.8360595703125,85.30584716796875,120.65840911865234,176.8800048828125,141.63963317871094
2024-04-10,166.11378479003906,185.9499969482422,129.5898895263672,154.86009216308594,516.3296508789062,416.8617248535156,86.98990631103516,119.20928192138672,171.75999450683594,142.4384307861328
2024-04-11,173.30169677734375,189.0500030517578,135.47860717773438,158.103271484375,519.63720703125,421.46112060546875,90.56488800048828,120.66819763183594,174.60000610351562,143.39306640625
2024-04-12,174.7967071533203,186.1300048828125,131.71644592285156,156.43704223632812,508.4530334472656,415.5223083496094,88.13626098632812,118.58264923095703,171.0500030517578,138.8341064453125
2024-04-15,170.9750213623047,183.6199951171875,128.44528198242188,153.590576171875,496.86163330078125,407.38714599609375,85.9524917602539,117.37830352783203,161.47999572753906,136.51565551757812
2024-04-16,167.69789123535156,183.32000732421875,130.24549865722656,153.13433837890625,496.3948059082031,408.3128967285156,87.36569213867188,118.10286712646484,157.11000061035156,136.1844940185547
2024-04-17,166.3315887451172,181.27999877929688,125.69544982910156,154.1956024169922,490.8424377441406,405.6143493652344,83.98760986328125,116.19355010986328,155.4499969482422,135.43438720703125
2024-04-18,165.381103515625,179.22000122070312,123.37877655029297,154.73114013671875,498.4210205078125,398.1587829589844,84.62323760986328,113.57927703857422,149.92999267578125,128.8491973876953
2024-04-19,163.36138916015625,174.6300048828125,118.0594253540039,152.82688903808594,477.8306884765625,393.0866394042969,76.15702056884766,112.48265075683594,147.0500030517578,124.39738464355469
2024-04-22,164.19305419921875,177.22999572753906,119.99488067626953,154.9989471435547,478.4862365722656,394.8988037109375,79.47315216064453,112.13995361328125,142.0500030517578,126.39437103271484
2024-04-23,165.24252319335938,179.5399932861328,122.41838836669922,156.96267700195312,492.7594909667969,401.40887451171875,82.37651062011719,112.6882553100586,144.67999267578125,129.97921752929688
2024-04-24,167.34149169921875,176.58999633789062,123.1661148071289,157.8255615234375,490.1769714355469,402.8763732910156,79.63207244873047,112.93305206298828,162.1300048828125,129.53109741210938
2024-04-25,168.20281982421875,173.6699981689453,126.8508529663086,154.7212371826172,438.407958984375,393.0078430175781,82.58539581298828,112.4924545288086,170.17999267578125,133.0477294921875
2024-04-26,167.61868286132812,179.6199951171875,131.71644592285156,170.5404815673828,440.3050842285156,400.17779541015625,87.6855239868164,114.76402282714844,168.2899932861328,134.72325134277344
2024-04-29,171.7769775390625,180.9600067138672,131.182373046875,164.7880096435547,429.7069091796875,396.1693115234375,87.70751190185547,114.05905151367188,194.0500030517578,134.91806030273438
2024-04-30,168.6384735107422,175.0,127.42411804199219,161.44564819335938,427.2734375,383.444580078125,86.353271484375,111.37623596191406,183.27999877929688,133.78807067871094
2024-05-01,167.61868286132812,179.0,121.79805755615234,162.51678466796875,436.232666015625,388.9698181152344,82.99415588378906,112.23787689208984,179.99000549316406,131.45016479492188
2024-05-02,171.3116455078125,184.72000122070312,121.37764739990234,165.25416564941406,438.7059020996094,391.8259582519531,85.76859283447266,112.56097412109375,180.00999450683594,132.70680236816406
2024-05-03,181.55886840820312,186.2100067138672,125.25249481201172,165.8690948486328,448.91668701171875,400.5126037597656,88.7389144897461,113.38346099853516,181.19000244140625,137.89892578125
2024-05-06,179.90545654296875,188.6999969482422,128.40805053710938,166.7220458984375,462.54425048828125,407.2886657714844,92.08802032470703,115.87044525146484,184.75999450683594,139.13607788085938
2024-05-07,180.58859252929688,188.75999450683594,127.70246124267578,169.84622192382812,465.0870666503906,403.1521301269531,90.5029296875,115.4690170288086,177.80999755859375,137.46058654785156
2024-05-08,180.92520141601562,188.0,129.88388061523438,167.99154663085938,469.417724609375,404.333984375,90.36101531982422,114.94027709960938,174.72000122070312,139.8861846923828
2024-05-09,182.737060546875,189.5,127.95331573486328,168.56680297851562,472.21868896484375,406.08709716796875,88.69694519042969,114.20591735839844,171.97000122070312,139.0971221923828
2024-05-10,181.47796630859375,187.47999572753906,130.61199951171875,167.2675323486328,472.99346923828125,408.4704895019531,89.82730865478516,114.23529815673828,168.47000122070312,145.3997802734375
2024-05-13,184.68020629882812,186.57000732421875,131.07359313964844,167.75350952148438,464.8586120605469,407.4659729003906,90.3480224609375,113.94156646728516,171.88999938964844,142.62347412109375
2024-05-14,185.82032775878906,187.07000732421875,135.24049377441406,168.9436798095703,468.6727294921875,410.262939453125,91.30448150634766,118.34765625,177.5500030517578,148.020263671875
2024-05-15,188.09068298339844,185.99000549316406,140.74208068847656,171.09588623046875,478.2974853515625,417.4360046386719,94.57662963867188,119.09178161621094,173.99000549316406,151.5563507080078
2024-05-16,188.2096405029297,183.6300048828125,138.38619995117188,172.752197265625,470.04345703125,415.3738708496094,94.30579376220703,119.61073303222656,174.83999633789062,148.29296875
2024-05-17,188.23939514160156,184.6999969482422,136.73593139648438,174.61679077148438,468.7323303222656,414.6042785644531,92.42683410644531,120.92276763916016,177.4600067138672,147.7572021484375
2024-05-20,189.3993377685547,183.5399932861328,138.57240295410156,175.46974182128906,465.6830139160156,419.6658630371094,94.72655487060547,121.92147064208984,174.9499969482422,149.578857421875
2024-05-21,190.69808959960938,183.14999389648438,137.11911010742188,176.3921356201172,461.5013732910156,423.3164978027344,95.33219146728516,122.02919006347656,186.60000610351562,149.69573974609375
2024-05-22,189.26052856445312,183.1300048828125,136.43702697753906,174.93418884277344,464.630126953125,424.7767639160156,94.89643859863281,121.99981689453125,180.11000061035156,152.11160278320312
2024-05-23,185.27503967285156,181.0500030517578,136.5399169921875,172.12738037109375,462.64361572265625,421.3036804199219,103.74047088623047,121.50045776367188,173.74000549316406,153.02731323242188
2024-05-24,188.34844970703125,180.75,137.96580505371094,173.5555877685547,474.9998779296875,424.42156982421875,106.40895080566406,120.34508514404297,179.24000549316406,155.86204528808594
2024-05-28,188.3583526611328,182.14999389648438,138.41758728027344,174.95401000976562,476.6883850097656,424.5794677734375,113.83675384521484,121.8921127319336,176.75,155.28732299804688
2024-05-29,188.65579223632812,182.02000427246094,136.28317260742188,174.45809936523438,471.16583251953125,423.4447937011719,114.76022338867188,121.15775299072266,176.19000244140625,150.34841918945312
2024-05-30,189.64720153808594,179.32000732421875,133.6774139404297,170.69915771484375,463.9050598144531,409.13824462890625,110.43766784667969,114.64652252197266,178.7899932861328,149.0041046142578
2024-05-31,190.59893798828125,176.44000244140625,130.1955108642578,171.0859832763672,463.6865234375,409.5920715332031,109.5711669921875,114.74445343017578,178.0800018310547,147.13375854492188
2024-06-03,192.36366271972656,178.33999633789062,129.54383850097656,171.75048828125,474.2747802734375,408.0035400390625,114.93513488769531,116.79081726074219,176.2899932861328,150.942626953125
2024-06-04,192.68089294433594,179.33999633789062,130.41796875,172.3654022216797,473.7781066894531,410.5195007324219,116.37133026123047,117.56434631347656,174.77000427246094,148.5267791748047
2024-06-05,194.18785095214844,181.27999877929688,138.4803009033203,173.9721221923828,491.7264709472656,418.3536376953125,122.37094116210938,120.07091522216797,175.0,158.70652770996094
2024-06-06,192.80979919433594,185.0,137.3219451904297,175.28128051757812,490.4352111816406,418.8567810058594,120.92976379394531,120.92276763916016,177.94000244140625,157.87850952148438
2024-06-07,195.19911193847656,184.3000030517578,137.8481903076172,173.02993774414062,489.6405944824219,418.19573974609375,120.81981658935547,123.2922592163086,177.47999572753906,160.13851928710938
2024-06-10,191.46145629882812,187.05999755859375,141.16348266601562,173.77459716796875,499.21563720703125,422.1621398925781,121.7213134765625,121.90190887451172,173.7899932861328,163.8109893798828
2024-06-11,205.3709716796875,187.22999572753906,143.1783447265625,175.3732452392578,504.0528869628906,426.907958984375,120.85173034667969,121.29483795166016,170.66000366210938,161.4243621826172
2024-06-12,211.24017333984375,186.88999938964844,146.55731201171875,176.53497314453125,505.4136657714844,435.1761474609375,125.1396713256836,137.45053100585938,177.2899932861328,168.50634765625
2024-06-13,212.4001007080078,183.8300018310547,164.5380401611328,173.92355346679688,500.70556640625,435.6892395019531,129.5475311279297,136.93161010742188,182.47000122070312,168.9695281982422
2024-06-14,210.66513061523438,183.66000366210938,170.03079223632812,175.5420379638672,501.2623596191406,436.666015625,131.8164520263672,135.24746704101562,178.00999450683594,168.57867431640625
2024-06-17,214.80921936035156,184.05999755859375,179.22598266601562,175.98887634277344,503.71820068359375,442.388671875,130.9168701171875,138.36109924316406,187.44000244140625,173.20086669921875
2024-06-18,212.44964599609375,182.80999755859375,176.6437530517578,173.85403442382812,496.6192321777344,440.3857116699219,135.5146484375,141.62159729003906,184.86000061035156,175.59503173828125
2024-06-20,207.87924194335938,186.10000610351562,169.98377990722656,175.05551147460938,498.8165588378906,439.7543029785156,130.71697998046875,139.92771911621094,181.57000732421875,171.38327026367188
2024-06-21,205.7080841064453,189.0800018310547,162.54278564453125,178.36203002929688,491.9363098144531,443.7798767089844,126.50899505615234,138.54713439941406,183.00999450683594,169.99562072753906
2024-06-24,206.3524932861328,185.57000732421875,156.52915954589844,177.95486450195312,496.04254150390625,441.6980285644531,118.05307006835938,136.9707489013672,182.5800018310547,163.98577880859375
2024-06-25,207.2744903564453,186.33999633789062,155.40647888183594,182.73092651367188,507.6653747558594,444.9342346191406,126.02923583984375,136.26577758789062,187.35000610351562,168.66661071777344
2024-06-26,211.41859436035156,193.61000061035156,156.508544921875,182.58200073242188,510.1708984375,446.12811279296875,126.33908081054688,135.34535217285156,196.3699951171875,168.14869689941406
2024-06-27,212.26132202148438,197.85000610351562,155.9835662841797,184.1011962890625,516.5738525390625,446.8089294433594,123.93025207519531,137.25466918945312,197.4199981689453,167.71871948242188
2024-06-28,208.81117248535156,193.25,157.8386688232422,180.86424255371094,501.322021484375,440.98760986328125,123.48046875,138.25340270996094,197.8800048828125,169.84902954101562
2024-07-01,214.88853454589844,197.1999969482422,161.30604553222656,181.69830322265625,501.77935791015625,450.6371154785156,124.24009704589844,140.1039581298828,209.86000061035156,168.4027557373047
2024-07-02,218.3782958984375,200.0,162.94583129882812,183.93238830566406,506.5716552734375,453.1531066894531,122.61087799072266,140.29000854492188,231.25999450683594,171.69595336914062
2024-07-03,219.64732360839844,197.58999633789062,169.99856567382812,184.50833129882812,507.02899169921875,454.6231689453125,128.21817016601562,141.36705017089844,246.38999938964844,178.33123779296875
2024-07-05,224.3961639404297,200.0,167.45138549804688,189.25457763671875,536.8069458007812,461.3226318359375,125.76935577392578,141.80763244628906,251.52000427246094,179.7970733642578
2024-07-08,225.8634796142578,199.2899932861328,171.63442993164062,187.6956329345703,526.2777099609375,460.0202331542969,128.13819885253906,142.00347900390625,252.94000244140625,182.3768768310547
2024-07-09,226.71607971191406,199.33999633789062,170.400634765625,187.64601135253906,526.953857421875,453.4096374511719,131.3166961669922,137.74423217773438,262.3299865722656,180.31497192382812
2024-07-10,230.97915649414062,199.7899932861328,171.51937866210938,189.83045959472656,531.6168823242188,460.0301818847656,134.84498596191406,139.10525512695312,263.260009765625,186.69613647460938
2024-07-11,225.61563110351562,195.0500030517578,167.7108917236328,184.2600555419922,509.7532653808594,448.6342468261719,127.3386001586914,140.1754913330078,241.02999877929688,180.29541015625
2024-07-12,228.5601043701172,194.49000549316406,167.1918182373047,183.7635955810547,496.00274658203125,447.4995422363281,129.177734375,142.14913940429688,248.22999572753906,183.08047485351562
2024-07-15,232.38694763183594,192.72000122070312,168.52194213867188,185.21328735351562,493.3083801269531,447.904052734375,128.3780975341797,140.47991943359375,252.63999938964844,180.99900817871094
2024-07-16,232.80335998535156,193.02000427246094,166.51644897460938,182.6217041015625,486.9749755859375,443.5232849121094,126.29910278320312,140.02821350097656,256.55999755859375,181.80030822753906
2024-07-17,226.91436767578125,187.92999267578125,153.3429718017578,179.7421875,459.3347473144531,437.6033630371094,117.93313598632812,136.73886108398438,248.5,167.2985382080078
2024-07-18,222.25473022460938,183.75,157.8062286376953,176.43569946289062,473.1150817871094,434.495361328125,121.0316390991211,135.5311279296875,249.22999572753906,167.95326232910156
2024-07-19,222.38360595703125,183.1300048828125,154.6898193359375,176.4059295654297,474.0497131347656,431.27880859375,117.87316131591797,136.05154418945312,239.1999969482422,161.9922637939453
2024-07-22,222.03662109375,182.5500030517578,158.33709716796875,180.38760375976562,484.59869384765625,437.03106689453125,123.48046875,137.63238525390625,251.50999450683594,165.49069213867188
2024-07-23,223.0775909423828,186.41000366210938,161.00128173828125,180.50674438476562,485.8812561035156,438.9156188964844,122.53091430664062,140.5191650390625,246.3800048828125,165.94996643066406
2024-07-24,216.66317749023438,180.8300018310547,148.78143310546875,171.4114227294922,458.6188659667969,423.17840576171875,114.19495391845703,136.25775146484375,215.99000549316406,156.15830993652344
2024-07-25,215.62220764160156,179.85000610351562,146.736572265625,166.09918212890625,450.8040466308594,412.81842041015625,112.22588348388672,135.32493591308594,220.25,156.6273651123047
2024-07-26,216.088134765625,182.5,149.06654357910156,165.82113647460938,463.0234375,419.5968322753906,113.00550079345703,136.49337768554688,219.8000030517578,158.2495574951172
2024-07-29,216.36575317382812,183.1999969482422,147.6803741455078,168.33328247070312,463.03338623046875,421.0373229980469,111.53621673583984,135.80606079101562,232.10000610351562,156.363525390625
2024-07-30,216.9209442138672,181.7100067138672,141.09364318847656,169.0879364013672,460.5278625488281,417.2781677246094,103.68000793457031,133.21385192871094,222.6199951171875,151.01815795898438
2024-07-31,220.17274475097656,186.97999572753906,157.9635009765625,170.32908630371094,472.1009216308594,412.76910400390625,116.9636001586914,136.92543029785156,232.07000732421875,162.02157592773438
2024-08-01,216.48471069335938,184.07000732421875,144.5344696044922,169.55462646484375,494.8792419433594,411.545654296875,109.15736389160156,135.0205535888672,216.86000061035156,154.57521057128906
2024-08-02,217.97183227539062,167.89999389648438,141.38856506347656,165.48355102539062,485.33447265625,403.0406188964844,107.21829986572266,130.86712646484375,207.6699981689453,146.44482421875
2024-08-05,207.47276306152344,161.02000427246094,139.677978515625,158.1258544921875,472.99578857421875,389.87860107421875,100.40158081054688,125.54524993896484,198.8800048828125,144.57833862304688
2024-08-06,205.45028686523438,161.92999267578125,141.48687744140625,157.17262268066406,491.2502136230469,394.2790832519531,104.19976806640625,125.88892364501953,200.63999938964844,151.8488006591797
2024-08-07,208.01806640625,162.77000427246094,133.96617126464844,157.81805419921875,486.1099548339844,393.1148376464844,98.8623275756836,123.62073516845703,191.75999450683594,151.5067901611328
2024-08-08,211.47808837890625,165.8000030517578,143.27609252929688,160.88624572753906,506.7009582519531,397.3180236816406,104.91940307617188,126.62535858154297,198.83999633789062,160.80006408691406
2024-08-09,214.38291931152344,166.94000244140625,145.75347900390625,162.51466369628906,514.7941284179688,400.6036376953125,104.69951629638672,129.6692352294922,200.0,163.31149291992188
2024-08-12,215.91148376464844,166.8000030517578,146.107421875,161.1444091796875,512.9845581054688,401.3830261230469,108.96746063232422,130.17979431152344,197.49000549316406,163.8098907470703
2024-08-13,219.62364196777344,170.22999572753906,153.51992797851562,163.00119018554688,525.502197265625,408.48699951171875,116.08402252197266,131.8293914794922,207.8300018310547,168.41250610351562
2024-08-14,220.07029724121094,170.10000610351562,155.02406311035156,159.23794555664062,523.7324829101562,411.2989807128906,118.0230941772461,133.14512634277344,201.3800048828125,166.0965118408203
2024-08-15,223.0479736328125,177.58999633789062,163.32139587402344,160.16139221191406,534.2417602539062,416.162109375,122.80079650878906,134.4510498046875,214.13999938964844,169.99562072753906
2024-08-16,224.3680877685547,177.05999755859375,162.91831970214844,161.8096923828125,524.3887329101562,413.6317138671875,124.51995849609375,134.98126220703125,216.1199951171875,170.56239318847656
2024-08-19,224.20925903320312,178.22000122070312,164.87466430664062,165.4934844970703,526.2380981445312,416.6563720703125,129.93736267089844,135.4231414794922,222.72000122070312,171.45166015625
2024-08-20,224.82464599609375,178.8800048828125,163.14442443847656,165.9998779296875,523.7026977539062,419.8885192871094,127.18867492675781,136.65049743652344,221.10000610351562,168.11936950683594
2024-08-21,224.71548461914062,180.11000061035156,162.97731018066406,164.6792755126953,532.0841674804688,419.23614501953125,128.4380645751953,137.66184997558594,223.27000427246094,167.5330352783203
2024-08-22,222.85940551757812,176.1300048828125,159.595458984375,162.6437225341797,528.872802734375,410.7454528808594,123.68035888671875,135.5802459716797,210.66000366210938,162.64698791503906
2024-08-23,225.1521759033203,177.0399932861328,163.5474853515625,164.45086669921875,524.9654541015625,411.97113037109375,129.30764770507812,136.67015075683594,220.32000732421875,167.37669372558594
2024-08-26,225.48965454101562,175.5,156.92144775390625,164.98709106445312,518.1248779296875,408.7093200683594,126.39905548095703,136.3853759765625,213.2100067138672,165.217041015625
2024-08-27,226.3333282470703,173.1199951171875,158.66151428222656,163.51751708984375,516.116455078125,409.05523681640625,128.23817443847656,135.97299194335938,209.2100067138672,166.66334533691406
2024-08-28,224.80477905273438,170.8000030517578,155.5057830810547,161.70045471191406,513.8097534179688,405.85272216796875,125.54946899414062,135.38385009765625,205.75,165.34410095214844
2024-08-29,228.08023071289062,172.1199951171875,154.2769012451172,160.63800048828125,515.241455078125,408.34356689453125,117.5333251953125,136.89596557617188,206.27999877929688,165.2952117919922
2024-08-30,227.29612731933594,178.5,160.0673370361328,162.22671508789062,518.3138427734375,412.3171081542969,119.31246948242188,138.73211669921875,214.11000061035156,167.78712463378906
2024-09-03,221.1124725341797,176.25,150.2069091796875,156.24920654296875,508.8187255859375,404.7060852050781,107.94794464111328,136.9745330810547,210.60000610351562,156.8325958251953
2024-09-04,219.206787109375,173.3300018310547,151.514404296875,155.3456268310547,509.7930603027344,404.1723327636719,106.15882110595703,138.20187377929688,219.41000366210938,157.20391845703125
2024-09-05,220.7253875732422,177.88999938964844,150.23641967773438,156.1300506591797,513.8892822265625,403.6682434082031,107.15834045410156,140.02821350097656,230.1699981689453,159.9694366455078
2024-09-06,219.17698669433594,171.38999938964844,134.68385314941406,149.85464477539062,497.39471435546875,397.0556335449219,102.78044891357422,139.24270629882812,210.72999572753906,153.24623107910156
2024-09-09,219.2663116455078,175.39999389648438,138.43927001953125,147.856201171875,501.8887634277344,401.0290832519531,106.41869354248047,137.3574676513672,216.27000427246094,159.07040405273438
2024-09-10,218.47227478027344,179.5500030517578,145.704345703125,147.80648803710938,501.8887634277344,409.4111022949219,108.04789733886719,153.0678253173828,226.1699981689453,158.72837829589844
2024-09-11,221.0032958984375,184.52000427246094,155.59425354003906,150.29214477539062,508.8882751464844,418.1488952636719,116.85366821289062,154.33444213867188,228.1300048828125,166.3506317138672
2024-09-12,221.1124725341797,187.0,161.77793884277344,153.80186462402344,522.5791015625,422.06304931640625,119.09276580810547,158.45838928222656,229.80999755859375,168.14157104492188
2024-09-13,220.844482421875,186.49000549316406,164.85501098632812,156.55596923828125,521.604736328125,425.611572265625,119.05278015136719,159.0966339111328,230.2899932861328,169.19105529785156
2024-09-16,214.71046447753906,184.88999938964844,161.24703979492188,157.1525115966797,530.7208251953125,426.3529052734375,116.73370361328125,167.2463836669922,226.77999877929688,165.83668518066406
2024-09-17,215.17698669433594,186.8800048828125,159.72325134277344,158.40528869628906,533.7462768554688,430.1188049316406,115.54417419433594,164.43817138671875,227.8699951171875,164.1398468017578
2024-09-18,219.04794311523438,186.42999267578125,158.936767578125,158.89248657226562,535.368408203125,425.8290710449219,113.32505798339844,161.55137634277344,227.1999969482422,164.0712127685547
2024-09-19,227.16708374023438,189.8699951171875,165.1309051513672,161.20909118652344,556.4169311523438,433.6179504394531,117.82328033447266,164.5559844970703,243.9199981689453,172.83970642089844
2024-09-20,226.5020751953125,191.60000610351562,168.76058959960938,162.65077209472656,558.6560668945312,430.2374572753906,115.95402526855469,164.9585723876953,238.25,170.74075317382812
2024-09-23,224.7849578857422,193.8800048828125,170.575439453125,160.92076110839844,561.7013549804688,428.4978332519531,116.21391296386719,162.9456787109375,250.0,171.40771484375
2024-09-24,225.67823791503906,193.9600067138672,172.449462890625,161.35824584960938,560.6266479492188,424.2080078125,120.82209014892578,162.7984161376953,254.27000427246094,178.4794158935547
2024-09-25,224.68568420410156,192.52999877929688,173.1201629638672,160.56283569335938,565.5828247070312,427.1139831542969,123.4610366821289,163.26971435546875,257.0199890136719,178.85214233398438
2024-09-26,225.8271484375,191.16000366210938,175.655029296875,161.79571533203125,565.114990234375,426.3232116699219,123.9908218383789,165.05679321289062,254.22000122070312,183.24620056152344
2024-09-27,226.09512329101562,187.97000122070312,170.32887268066406,163.00869750976562,564.63720703125,423.0712585449219,121.35187530517578,165.6851806640625,260.4599914550781,174.55612182617188
2024-09-30,231.26637268066406,186.3300018310547,170.14146423339844,164.89779663085938,569.69287109375,425.3249206542969,121.39186096191406,167.3151092529297,261.6300048828125,170.33860778808594
2024-10-01,224.52688598632812,185.1300048828125,165.1802520751953,166.03128051757812,573.7035522460938,415.8260498046875,116.95361328125,164.13377380371094,258.0199890136719,168.7693328857422
2024-10-02,225.09266662597656,184.75999450683594,168.3266143798828,164.9077606201172,570.0611572265625,412.3071594238281,118.80288696289062,164.67381286621094,249.02000427246094,172.4277801513672
2024-10-03,223.9908905029297,181.9600067138672,169.53981018066406,164.9077606201172,579.973388671875,411.7240295410156,122.80130004882812,163.83920288085938,240.66000366210938,176.03717041015625
2024-10-04,225.1124725341797,186.50999450683594,174.22486877441406,166.100830078125,593.0801391601562,411.24957275390625,124.87047576904297,167.76678466796875,250.0800018310547,177.68495178222656
2024-10-07,220.04049682617188,180.8000030517578,172.68618774414062,162.04428100585938,581.9736328125,404.8049621582031,127.66937255859375,166.89291381835938,240.8300018310547,180.97068786621094
2024-10-08,224.09017944335938,182.72000122070312,178.25892639160156,163.4362335205078,590.0447387695312,409.9151916503906,132.83731079101562,171.21324157714844,244.5,182.4811553955078
2024-10-09,227.83209228515625,185.1699981689453,183.40756225585938,160.9307098388672,587.6762084960938,412.6333923339844,132.59742736816406,175.06227111816406,241.0500030517578,183.5502471923828
2024-10-10,227.33583068847656,186.64999389648438,183.15109252929688,161.14942932128906,581.0282592773438,411.0321044921875,134.75656127929688,172.6217041015625,238.77000427246094,182.21633911132812
2024-10-11,225.85690307617188,188.82000732421875,178.99867248535156,162.3027801513672,587.1188354492188,411.506591796875,134.74656677246094,172.97598266601562,217.8000030517578,187.1498565673828
2024-10-14,229.57901000976562,187.5399932861328,179.81732177734375,164.01290893554688,587.5866088867188,414.2939758300781,138.01527404785156,173.32040405273438,219.16000366210938,188.5229949951172
2024-10-15,232.1100311279297,187.69000244140625,173.57388305664062,164.5100555419922,583.45654296875,413.8985900878906,131.54783630371094,171.3226776123047,219.57000732421875,183.54043579101562
2024-10-16,230.055419921875,186.88999938964844,174.4023895263672,164.2117462158203,574.0220336914062,411.30889892578125,135.66619873046875,171.99188232421875,221.3300018310547,183.8837127685547
2024-10-17,230.4226837158203,187.52999877929688,179.04800415039062,161.99456787109375,574.161376953125,411.9019775390625,136.87571716308594,172.8874053955078,220.88999938964844,201.8915252685547
2024-10-18,233.25144958496094,188.99000549316406,177.43040466308594,162.48175048828125,573.7035522460938,413.3252868652344,137.94529724121094,171.91314697265625,220.6999969482422,196.9285888671875
2024-10-21,234.720458984375,189.07000732421875,177.529052734375,163.12803649902344,572.3997802734375,413.9381103515625,143.6530303955078,170.99790954589844,218.85000610351562,198.07614135742188
2024-10-22,234.1051025390625,189.6999969482422,176.9274139404297,164.19187927246094,579.2169799804688,422.5671691894531,143.5330810546875,172.52330017089844,217.97000122070312,194.67269897460938
2024-10-23,229.04302978515625,184.7100067138672,171.1376495361328,161.8454132080078,560.98486328125,419.6907958984375,139.50466918945312,170.34841918945312,213.64999389648438,197.00704956054688
2024-10-24,228.8544464111328,186.3800048828125,169.00718688964844,161.7857666015625,565.0552368164062,419.8193359375,140.35433959960938,171.6080780029297,260.4800109863281,194.1332550048828
2024-10-25,229.68820190429688,187.8300018310547,170.63462829589844,164.32113647460938,570.4990234375,423.1997985839844,141.48388671875,170.76173400878906,269.19000244140625,199.53756713867188
2024-10-28,231.66339111328125,188.38999938964844,169.6680145263672,165.76280212402344,575.3854370117188,421.6578063964844,140.4643096923828,169.67922973632812,262.510009765625,190.94561767578125
2024-10-29,231.93136596679688,190.8300018310547,176.789306640625,168.705810546875,590.4329223632812,426.95587158203125,141.19400024414062,170.67315673828125,259.5199890136719,193.16224670410156
2024-10-30,228.38795471191406,192.72999572753906,174.22486877441406,173.45834350585938,588.9600219726562,427.52911376953125,139.28475952148438,171.7852020263672,257.54998779296875,190.74942016601562
2024-10-31,224.2291259765625,186.39999389648438,167.44879150390625,170.12757873535156,564.856201171875,401.6518249511719,132.70736694335938,165.17202758789062,249.85000610351562,186.88502502441406
2024-11-01,221.25143432617188,197.92999267578125,166.61041259765625,170.30654907226562,564.438232421875,405.6253662109375,135.34632873535156,167.3173828125,248.97999572753906,189.248779296875
2024-11-04,220.35812377929688,195.77999877929688,166.2454833984375,168.26832580566406,557.9893798828125,403.7374267578125,135.99606323242188,166.89422607421875,242.83999633789062,187.8854522705078
2024-11-05,221.7873992919922,199.5,171.52232360839844,168.7654571533203,569.6829833984375,406.7027893066406,139.85455322265625,169.0493927001953,251.44000244140625,192.00489807128906
2024-11-06,221.06285095214844,207.08999633789062,177.09507751464844,175.49659729003906,569.3046875,415.3219299316406,145.5522918701172,178.35903930664062,288.5299987792969,189.5135955810547
2024-11-07,225.7874298095703,210.0500030517578,181.29681396484375,179.7122344970703,588.8604736328125,420.5111999511719,148.8209991455078,183.407470703125,296.9100036621094,197.3307342529297
2024-11-08,225.51914978027344,208.17999267578125,181.129150390625,177.3260040283203,586.5117797851562,417.6546630859375,147.5714569091797,186.24169921875,321.2200012207031,197.34051513671875
2024-11-11,222.80648803710938,206.83999633789062,176.46380615234375,179.31454467773438,580.3714599609375,413.17706298828125,145.20240783691406,186.1236114501953,350.0,190.3276824951172
2024-11-12,222.80648803710938,208.91000366210938,173.81060791015625,180.57725524902344,582.0134887695312,418.13897705078125,148.231201171875,186.5664520263672,328.489990234375,188.09144592285156
2024-11-13,223.6908416748047,214.10000610351562,171.20669555664062,177.8529815673828,577.216552734375,420.28387451171875,146.21200561523438,186.61566162109375,330.239990234375,183.07943725585938
2024-11-14,226.7711639404297,211.47999572753906,168.05044555664062,174.57192993164062,574.3902587890625,421.95440673828125,146.70181274414062,184.07667541503906,311.17999267578125,184.88414001464844
2024-11-15,223.5715789794922,202.61000061035156,162.586181640625,171.49966430664062,551.4210205078125,410.2018127441406,141.92369079589844,180.81927490234375,320.7200012207031,182.44190979003906
2024-11-18,226.57241821289062,201.6999969482422,163.40481567382812,174.29351806640625,551.7395629882812,410.9530334472656,140.09442138671875,182.77764892578125,338.739990234375,183.8837127685547
2024-11-19,226.83074951171875,204.61000061035156,163.08921813964844,177.09735107421875,558.3974609375,412.9595642089844,146.95172119140625,185.89724731445312,346.0,186.03172302246094
2024-11-20,227.54620361328125,202.8800048828125,161.0179443359375,174.96963500976562,562.8060913085938,410.6861572265625,145.83216857910156,187.7178497314453,342.0299987792969,184.74684143066406
2024-11-21,227.06924438476562,198.3800048828125,161.69850158691406,166.66757202148438,560.3877563476562,408.913330078125,146.6118621826172,189.3711395263672,339.6400146484375,187.57159423828125
2024-11-22,228.41064453125,197.1199951171875,161.98452758789062,163.81405639648438,556.4567260742188,413.00372314453125,141.8937225341797,189.23336791992188,352.55999755859375,186.433837890625
2024-11-25,231.3916015625,201.4499969482422,162.56646728515625,166.68743896484375,562.3980712890625,414.776611328125,135.96607971191406,185.00173950195312,338.5899963378906,181.52975463867188
2024-11-26,233.56771850585938,207.86000061035156,162.48756408691406,168.14901733398438,570.78759765625,423.888427734375,136.86572265625,187.34388732910156,338.2300109863281,180.31353759765625
2024-11-27,233.43853759765625,205.74000549316406,157.48687744140625,168.25839233398438,566.468505859375,418.93634033203125,135.2863311767578,179.7958221435547,332.8900146484375,177.71437072753906
2024-11-29,235.8233184814453,207.88999938964844,159.86395263671875,167.97999572753906,571.5639038085938,419.40185546875,138.19520568847656,181.9018096923828,345.1600036621094,181.11782836914062
2024-12-02,238.06898498535156,210.7100067138672,164.23333740234375,170.5054168701172,589.9850463867188,426.8498229980469,138.57504272460938,178.52630615234375,357.0899963378906,190.67095947265625
2024-12-03,241.10951232910156,213.44000244140625,165.8509063720703,170.3562774658203,610.7052001953125,427.0676574707031,140.20440673828125,179.98277282714844,351.4200134277344,195.0748291015625
2024-12-04,241.46726989746094,218.16000366210938,168.22796630859375,173.36886596679688,610.83447265625,433.22802734375,145.0824737548828,185.1985321044922,357.92999267578125,196.84033203125
2024-12-05,241.49703979492188,220.5500030517578,168.1392059326172,171.64881896972656,606.0077514648438,438.37823486328125,145.0124969482422,183.27955627441406,369.489990234375,200.38107299804688
2024-12-06,241.29832458496094,227.02999877929688,177.07534790039062,173.7069549560547,620.7765502929688,439.3191223144531,142.3933563232422,188.64291381835938,389.2200012207031,199.1256103515625
2024-12-09,245.1835174560547,226.08999633789062,176.49342346191406,174.56295776367188,610.6255493164062,441.7456359863281,138.7645263671875,187.42263793945312,389.7900085449219,195.3494873046875
2024-12-10,246.197021484375,225.0399932861328,169.4608917236328,184.31788635253906,616.347900390625,439.0814208984375,135.0257568359375,174.91465759277344,400.989990234375,188.25816345214844
2024-12-11,244.92515563964844,230.25999450683594,180.6951446533203,194.50079345703125,629.643798828125,444.6871643066406,139.2643585205078,175.74130249023438,424.7699890136719,190.86715698242188
2024-12-12,246.38583374023438,228.97000122070312,178.18988037109375,191.07662963867188,627.7628173828125,445.2516784667969,137.2949981689453,172.5331268310547,418.1000061035156,188.38369750976562
2024-12-13,246.5547637939453,227.4600067138672,221.72637939453125,188.9464874267578,617.3729248046875,442.983642578125,134.20602416992188,170.63380432128906,436.2300109863281,197.7605743408203
2024-12-16,249.44625854492188,232.92999267578125,246.58184814453125,195.75498962402344,621.7454833984375,447.26226806640625,131.95675659179688,168.50814819335938,463.0199890136719,198.97079467773438
2024-12-17,251.87078857421875,231.14999389648438,236.94541931152344,194.52069091796875,616.964599609375,450.1047058105469,130.3472900390625,167.01231384277344,479.8599853515625,197.43588256835938
2024-12-18,246.47525024414062,220.52000427246094,220.5625,187.5330047607422,594.8035278320312,433.1983337402344,128.8677978515625,162.78065490722656,440.1300048828125,192.41781616210938
2024-12-19,248.20419311523438,223.2899932861328,215.33497619628906,187.64248657226562,593.1900024414062,432.841796875,130.63717651367188,166.10693359375,436.1700134277344,191.51258850097656
2024-12-20,252.87437438964844,224.9199981689453,217.7711944580078,190.52915954589844,582.9112548828125,432.4159240722656,134.65586853027344,166.96310424804688,421.05999755859375,194.0413360595703
2024-12-23,253.64942932128906,225.05999755859375,229.78717041015625,193.73434448242188,597.452880859375,431.078857421875,139.624267578125,166.4513702392578,430.6000061035156,204.02821350097656
2024-12-24,256.5608215332031,229.0500030517578,237.0363311767578,195.20751953125,605.3213500976562,435.11968994140625,140.17408752441406,168.68528747558594,462.2799987792969,203.0147705078125
2024-12-26,257.3755798339844,227.0500030517578,242.6536865234375,194.69989013671875,600.9389038085938,433.9114074707031,139.88417053222656,168.9509735107422,454.1300048828125,199.7973175048828
2024-12-27,253.96739196777344,223.75,239.08349609375,191.87294006347656,597.4130859375,426.4040832519531,136.96511840820312,166.2742462158203,431.6600036621094,198.39028930664062
2024-12-30,250.5989227294922,221.3000030517578,232.9815673828125,190.3599395751953,588.8772583007812,420.7586975097656,137.4449462890625,164.2568359375,417.4100036621094,197.1702117919922
2024-12-31,248.83023071289062,219.38999938964844,229.2827911376953,188.4288787841797,583.170166015625,417.4606018066406,134.2460174560547,163.99110412597656,403.8399963378906,194.31683349609375
2025-01-02,242.30191040039062,220.22000122070312,229.4212646484375,188.55825805664062,596.8452758789062,414.5685729980469,138.26467895507812,163.39080810546875,379.2799987792969,198.34109497070312
2025-01-03,241.81503295898438,224.19000244140625,229.98500061035156,190.90740966796875,602.2138061523438,419.29290771484375,144.4226837158203,163.6761932373047,410.44000244140625,205.25816345214844
2025-01-06,243.44461059570312,227.61000061035156,233.80239868164062,195.96401977539062,627.681640625,423.7497863769531,149.38104248046875,163.05621337890625,411.04998779296875,216.47496032714844
2025-01-07,240.67233276367188,222.11000061035156,226.11810302734375,194.59039306640625,615.4208984375,418.3222961425781,140.09408569335938,159.45437622070312,394.3599853515625,208.02297973632812
2025-01-08,241.15921020507812,222.1300048828125,226.78070068359375,193.05747985839844,608.2794189453125,420.4913024902344,140.06411743164062,160.54673767089844,394.94000244140625,203.7920684814453
2025-01-10,235.3463592529297,218.94000244140625,221.8358612060547,191.15626525878906,613.39892578125,414.93505859375,135.86549377441406,152.41781616210938,394.739990234375,205.02198791503906
2025-01-13,232.9119110107422,218.4600067138672,222.8050537109375,190.1309814453125,605.8990478515625,413.1919250488281,133.1863555908203,151.84559631347656,403.30999755859375,198.1246337890625
2025-01-14,231.7990264892578,217.75999450683594,222.2215576171875,188.78720092773438,591.8753051757812,411.68646240234375,131.7168426513672,154.20338439941406,396.3599853515625,198.21316528320312
2025-01-15,236.35987854003906,223.35000610351562,225.48516845703125,194.6501007080078,614.6538696289062,422.22454833984375,136.1953887939453,156.1764373779297,428.2200012207031,203.47723388671875
2025-01-16,226.8108673095703,220.66000366210938,226.87962341308594,192.02224731445312,608.8570556640625,420.5111083984375,133.5262451171875,157.38986206054688,413.82000732421875,211.33883666992188
2025-01-17,228.5199737548828,225.94000244140625,234.821044921875,195.0980224609375,610.3213500976562,424.91845703125,137.66490173339844,158.8597869873047,426.5,208.10169982910156
2025-01-21,221.2265625,230.7100067138672,237.6593780517578,197.1385955810547,613.99658203125,424.3935546875,140.78387451171875,170.2442626953125,424.07000732421875,215.18601989746094
2025-01-22,222.40902709960938,235.00999450683594,238.2527618408203,197.45712280273438,621.0083618164062,441.9239196777344,147.0218505859375,181.7372589111328,415.1099853515625,219.6136932373047
2025-01-23,222.24009704589844,235.4199981689453,237.6297149658203,197.06890869140625,633.9066162109375,442.42901611328125,147.17178344726562,183.95693969726562,412.3800048828125,221.01089477539062
2025-01-24,221.36566162109375,234.85000610351562,242.0009765625,199.28866577148438,644.9025268554688,439.804443359375,142.57327270507812,181.1256103515625,406.5799865722656,218.31492614746094
2025-01-27,228.40074157714844,235.4199981689453,199.90049743652344,190.9272918701172,657.2429809570312,430.39544677734375,118.38121032714844,156.1468505859375,397.1499938964844,189.2200164794922
2025-01-28,236.74740600585938,238.14999389648438,205.0727996826172,194.40126037597656,671.63525390625,442.91436767578125,128.94775390625,161.7897491455078,398.0899963378906,199.1479034423828
2025-01-29,237.84042358398438,237.07000732421875,204.07395935058594,194.51075744628906,673.78662109375,438.09100341796875,123.65948486328125,159.8364715576172,389.1000061035156,199.07904052734375
2025-01-30,236.0816650390625,234.63999938964844,213.28126525878906,199.94561767578125,684.2545166015625,411.01300048828125,124.60918426513672,168.08380126953125,400.2799987792969,204.80552673339844
2025-01-31,234.5017547607422,237.67999267578125,218.8293914794922,203.08114624023438,686.4259033203125,411.08233642578125,120.03067016601562,167.76809692382812,404.6000061035156,205.95672607421875
2025-02-03,226.56248474121094,237.4199981689453,215.3284149169922,200.303955078125,694.6728515625,406.9820556640625,116.62178802490234,166.32777404785156,383.67999267578125,196.58969116210938
2025-02-04,231.32208251953125,242.05999755859375,219.97659301757812,205.43028259277344,701.3758544921875,408.4180908203125,118.61112976074219,165.62734985351562,392.2099914550781,200.77139282226562
2025-02-05,230.99415588378906,236.1699981689453,229.4410400390625,190.4495391845703,702.05322265625,409.32928466796875,124.78910827636719,169.3465118408203,378.1700134277344,205.2187957763672
2025-02-06,231.73939514160156,238.8300018310547,228.80810546875,190.71829223632812,709.1447143554688,411.8350524902344,128.63784790039062,170.0272216796875,374.32000732421875,207.11776733398438
2025-02-07,226.1848907470703,229.14999389648438,222.38966369628906,184.48707580566406,711.6646728515625,405.8232116699219,129.7974395751953,172.10879516601562,361.6199951171875,202.8081512451172
2025-02-10,226.45346069335938,233.13999938964844,232.447509765625,185.6118927001953,714.5331420898438,408.26953125,133.5262451171875,176.50868225097656,350.7300109863281,204.60873413085938
2025-02-11,231.39735412597656,232.75999450683594,232.447509765625,184.46719360351562,716.9235229492188,407.4970397949219,132.7565155029297,174.80201721191406,328.5,205.3860626220703
2025-02-12,235.62501525878906,228.92999267578125,233.74307250976562,182.76504516601562,722.4812622070312,405.1200256347656,131.0970458984375,169.8989715576172,336.510009765625,203.06396484375
2025-02-13,240.26052856445312,230.3699951171875,233.19912719726562,185.28341674804688,725.6486206054688,406.60565185546875,135.2456817626953,171.51687622070312,355.94000244140625,198.58709716796875
2025-02-14,243.3144073486328,228.67999267578125,230.46957397460938,184.37759399414062,733.72607421875,404.5158386230469,138.80453491210938,171.81285095214844,355.8399963378906,200.62380981445312
2025-02-18,243.18507385253906,226.64999389648438,226.00930786132812,182.92430114746094,713.5072631835938,405.7142639160156,139.35435485839844,177.3768310546875,354.1099853515625,199.4824676513672
2025-02-19,243.5829620361328,226.6300048828125,226.2071075439453,184.4174041748047,700.9576416015625,410.7950744628906,139.1844024658203,179.07363891601562,360.55999755859375,197.72120666503906
2025-02-20,244.53790283203125,222.8800048828125,224.2390594482422,183.710693359375,692.0632934570312,412.9684753417969,140.06411743164062,173.62803649902344,354.3999938964844,196.8848876953125
2025-02-21,244.25938415527344,216.5800018310547,216.24818420410156,178.83323669433594,680.8184204101562,405.108642578125,134.38595581054688,165.5484161376953,337.79998779296875,195.0547637939453
2025-02-24,245.80125427246094,212.7100067138672,205.63650512695312,178.42510986328125,665.4600219726562,400.9306335449219,130.23733520507812,167.66943359375,330.5299987792969,188.57066345214844
2025-02-25,245.74156188964844,212.8000030517578,200.3059844970703,174.61273193359375,654.87255859375,394.8769836425781,126.5885238647461,166.26856994628906,302.79998779296875,186.32728576660156
2025-02-26,239.09666442871094,214.35000610351562,210.59127807617188,171.93511962890625,671.0078125,396.6930847167969,131.23699951171875,170.14559936523438,290.79998779296875,191.492919921875
2025-02-27,236.05276489257812,208.74000549316406,195.61827087402344,167.72457885742188,655.6095581054688,389.5477600097656,120.11064910888672,162.53952026367188,281.95001220703125,178.18031311035156
2025-02-28,240.5688934326172,212.27999877929688,197.2302703857422,169.49636840820312,665.5297241210938,393.9739074707031,124.87908172607422,163.82199096679688,292.9800109863281,177.6293182373047
2025-03-03,236.77890014648438,205.02000427246094,185.30331420898438,166.24143981933594,652.4322509765625,385.5384826660156,114.02263641357422,159.8364715576172,284.6499938964844,170.1907958984375
2025-03-04,234.68994140625,203.8000030517578,185.41209411621094,170.13345336914062,637.4424438476562,385.6575622558594,115.95201110839844,155.34776306152344,272.0400085449219,177.10784912109375
2025-03-05,234.50094604492188,208.36000061035156,189.46688842773438,172.22378540039062,653.8466186523438,397.9732666015625,117.26158142089844,159.38262939453125,279.1000061035156,181.31907653808594
2025-03-06,234.09312438964844,200.6999969482422,177.47067260742188,171.55686950683594,625.420654296875,393.8746643066406,110.53378295898438,148.90576171875,263.45001220703125,173.02450561523438
2025-03-07,237.81346130371094,199.25,192.80960083007812,173.05992126464844,623.1597290039062,390.3218688964844,112.6530990600586,153.0688934326172,262.6700134277344,174.2544403076172
2025-03-10,226.28436279296875,194.5399932861328,182.41551208496094,165.2968292236328,595.6004028320312,377.2717590332031,106.9449691772461,146.7847442626953,222.14999389648438,167.9080810546875
2025-03-11,219.6792755126953,196.58999633789062,187.99330139160156,163.47315979003906,603.28955078125,377.5595703125,108.72438049316406,142.23687744140625,230.5800018310547,168.2229461669922
2025-03-12,215.8395538330078,198.88999938964844,192.08763122558594,166.5325469970703,617.0841064453125,380.35809326171875,115.71273803710938,148.8564453125,248.08999633789062,174.3232879638672
2025-03-13,208.5779266357422,193.88999938964844,189.24929809570312,162.19760131835938,588.27978515625,375.892333984375,115.55277252197266,145.66998291015625,240.67999267578125,168.8329620361328
2025-03-14,212.36790466308594,197.9499969482422,193.3831787109375,164.91815185546875,605.7103271484375,385.60791015625,121.6413345336914,147.25828552246094,249.97999572753906,171.29278564453125
2025-03-17,212.87521362304688,195.74000549316406,192.35467529296875,163.7222900390625,603.018798828125,385.74688720703125,119.50183868408203,151.9344024658203,238.00999450683594,173.40826416015625
2025-03-18,211.57211303710938,192.82000732421875,186.58897399902344,160.11480712890625,580.5487670898438,380.6062316894531,115.4028091430664,147.4358673095703,225.30999755859375,171.01194763183594
2025-03-19,214.10870361328125,195.5399932861328,193.41285705566406,163.32369995117188,582.2435302734375,384.87359619140625,117.4923095703125,150.39541625976562,235.86000061035156,171.6342010498047
2025-03-20,212.97471618652344,194.9499969482422,189.008544921875,162.23744201660156,584.1775512695312,383.9010314941406,118.50206756591797,150.66177368164062,236.25999450683594,175.29884338378906
2025-03-21,217.12277221679688,196.2100067138672,190.11956787109375,163.42333984375,594.3956298828125,388.28741455078125,117.6722640991211,150.1783905029297,248.7100067138672,174.56788635253906
2025-03-24,219.56983947753906,203.25999450683594,189.7128448486328,167.1005859375,616.92529296875,390.0936279296875,121.38140106201172,152.78280639648438,278.3900146484375,178.94369506835938
2025-03-25,222.57395935058594,205.7100067138672,186.7468719482422,169.9706268310547,624.3621826171875,392.15777587890625,120.66156768798828,151.85546875,288.1400146484375,178.68687438964844
2025-03-26,220.3656463623047,201.1300048828125,177.82913208007812,164.48963928222656,609.079833984375,387.0072021484375,113.73320007324219,145.80810546875,272.05999755859375,171.37741088867188
2025-03-27,222.67344665527344,201.36000061035156,170.60763549804688,161.6793975830078,600.7058715820312,387.6125793457031,111.40374755859375,143.8153076171875,273.1300048828125,166.1817626953125
2025-03-28,216.75469970703125,192.72000122070312,167.76071166992188,153.79672241210938,574.9462890625,375.92205810546875,109.64415740966797,138.9714813232422,263.54998779296875,163.2283172607422
2025-03-31,220.9624786376953,190.25999450683594,166.08428955078125,154.1056365966797,574.5674438476562,372.5379943847656,108.35446166992188,137.92576599121094,259.1600036621094,163.9691619873047
2025-04-01,222.01690673828125,192.1699981689453,167.16554260253906,156.52725219726562,584.1775512695312,379.2863464355469,110.12405395507812,140.02708435058594,268.4599914550781,166.5768585205078
2025-04-02,222.71324157714844,196.00999450683594,170.70684814453125,156.49734497070312,582.1139526367188,379.2367248535156,110.39398193359375,143.8942413330078,282.760009765625,168.30545043945312
2025-04-03,202.1220245361328,178.41000366210938,152.7721405029297,150.19918823242188,529.9666748046875,370.2752990722656,101.7760238647461,135.3805389404297,267.2799987792969,155.45460510253906
2025-04-04,187.389892578125,171.0,145.11419677734375,145.09689331054688,503.1602783203125,357.10614013671875,94.28778076171875,126.54130554199219,239.42999267578125,145.00404357910156
2025-04-07,180.5062713623047,175.25999450683594,152.901123046875,146.24290466308594,514.6444091796875,355.14117431640625,97.61698913574219,125.44625854492188,233.2899932861328,144.3817596435547
2025-04-08,171.5137481689453,170.66000366210938,154.77590942382812,144.19998168945312,508.86248779296875,351.86627197265625,96.27731323242188,122.82210540771484,221.86000061035156,139.64048767089844
2025-04-09,197.8048553466797,191.10000610351562,183.661865234375,158.1615753173828,583.9483032226562,387.52325439453125,114.30307006835938,137.80740356445312,272.20001220703125,156.807861328125
2025-04-10,189.4191436767578,181.22000122070312,170.9151611328125,152.2919464111328,544.5909423828125,378.4527282714844,107.5446548461914,132.02540588378906,252.39999389648438,149.28109741210938
2025-04-11,197.1085205078125,184.8699951171875,180.47769165039062,156.5970001220703,541.8795166015625,385.498779296875,110.90386962890625,131.0353546142578,252.30999755859375,155.15829467773438
2025-04-14,201.45555114746094,182.1199951171875,176.92645263671875,158.5203399658203,529.8270263671875,384.8636169433594,110.68392181396484,133.30259704589844,252.35000610351562,153.93345642089844
2025-04-15,201.07754516601562,179.58999633789062,177.51168823242188,155.76988220214844,519.8981323242188,382.7994384765625,112.1735610961914,132.60955810546875,254.11000061035156,155.4052276611328
2025-04-16,193.2489013671875,174.3300018310547,173.2065887451172,152.80018615722656,500.7477722167969,368.78668212890625,104.46538543701172,128.47105407714844,241.5500030517578,149.81448364257812
2025-04-17,195.9446563720703,172.61000061035156,169.6156768798828,150.63768005371094,499.9203796386719,364.98577880859375,101.4660873413086,127.34239196777344,241.3699951171875,149.8836212158203
2025-04-21,192.14476013183594,167.32000732421875,164.87411499023438,147.15972900390625,483.15264892578125,356.3916015625,96.88717651367188,121.60000610351562,227.5,146.05108642578125
2025-04-22,198.69017028808594,173.17999267578125,168.21702575683594,150.9465789794922,498.7240905761719,364.0331115722656,98.86669921875,125.97608947753906,237.97000122070312,149.54776000976562
2025-04-23,203.52464294433594,180.60000610351562,175.48809814453125,154.81320190429688,518.6519775390625,371.5456237792969,102.68579864501953,130.0947723388672,250.74000549316406,155.87936401367188
2025-04-24,207.27479553222656,186.5399932861328,186.63775634765625,158.7296142578125,531.491943359375,384.35748291015625,106.40491485595703,136.14407348632812,259.510009765625,162.1714324951172
2025-04-25,208.18002319335938,188.99000549316406,190.7643280029297,161.4003448486328,545.5679931640625,388.8729248046875,110.98385620117188,137.11434936523438,284.95001220703125,163.08018493652344
2025-04-28,209.0354766845703,187.6999969482422,190.9230499267578,160.05502319335938,548.0302734375,388.18817138671875,108.70439147949219,138.7479705810547,285.8800048828125,161.40097045898438
2025-04-29,210.09988403320312,187.38999938964844,189.63348388671875,159.60658264160156,552.7156982421875,391.0462951660156,108.99431610107422,139.39149475097656,292.0299987792969,162.46775817871094
2025-04-30,211.38308715820312,184.4199981689453,190.9230499267578,158.2512664794922,547.2925415039062,392.25701904296875,108.89433288574219,139.3221893310547,282.1600036621094,164.6507110595703
2025-05-01,212.19879150390625,190.1999969482422,195.74398803710938,160.7426300048828,570.430419921875,422.16802978515625,111.58370208740234,144.04483032226562,280.5199890136719,170.60696411132812
2025-05-02,204.2706756591797,189.97999572753906,202.0032501220703,163.46319580078125,595.1632690429688,431.9729919433594,114.47303009033203,149.2327423095703,287.2099914550781,177.08668518066406
2025-05-05,197.84463500976562,186.35000610351562,199.1067352294922,163.64259338378906,597.4063110351562,432.8562316894531,113.7931900024414,147.80706787109375,280.260009765625,174.24192810058594
2025-05-06,197.4666290283203,185.00999450683594,198.48179626464844,162.66595458984375,585.4833984375,430.0179443359375,113.51325988769531,146.23284912109375,275.3500061035156,170.17233276367188
2025-05-07,195.218505859375,188.7100067138672,203.16384887695312,150.85691833496094,594.953857421875,430.0576477050781,117.03242492675781,147.88626098632812,276.2200012207031,172.40467834472656
2025-05-08,196.45201110839844,192.0800018310547,206.1000518798828,153.74688720703125,596.1502075195312,434.84100341796875,117.34235382080078,148.80703735351562,284.82000732421875,173.07635498046875
2025-05-09,197.48654174804688,193.05999755859375,206.52659606933594,152.22219848632812,590.6472778320312,435.39678955078125,116.62252044677734,148.8466339111328,298.260009765625,174.3604736328125
2025-05-12,209.95704650878906,208.63999938964844,219.79905700683594,157.91246032714844,637.4413452148438,445.8467712402344,122.97103118896484,155.65829467773438,318.3800048828125,184.69248962402344
2025-05-13,212.0885772705078,211.3699951171875,230.55194091796875,158.97872924804688,653.9896850585938,445.7276916503906,129.89938354492188,160.65814208984375,334.07000732421875,191.61672973632812
2025-05-14,211.490966796875,210.25,230.25436401367188,164.79855346679688,657.309326171875,449.4988098144531,135.30810546875,161.3313751220703,347.67999267578125,192.3773193359375
2025-05-15,210.61444091796875,205.1699981689453,230.77017211914062,163.3934326171875,641.8775634765625,450.512939453125,134.79824829101562,157.81663513183594,342.82000732421875,191.8439178466797
2025-05-16,210.42518615722656,205.58999633789062,226.77256774902344,165.61573791503906,638.3485107421875,451.6463317871094,135.36810302734375,158.89581298828125,349.9800109863281,191.8439178466797
2025-05-19,207.9550018310547,206.16000366210938,228.77635192871094,165.9645233154297,638.438232421875,456.2197570800781,135.53805541992188,158.0542449951172,342.0899963378906,191.13272094726562
2025-05-20,206.04258728027344,204.07000732421875,229.81788635253906,163.41336059570312,635.1185913085938,455.5238342285156,134.3483428955078,158.7176055908203,343.82000732421875,191.0833282470703
2025-05-21,201.2914276123047,201.1199951171875,227.88356018066406,167.97755432128906,633.5234985351562,449.9561767578125,131.76895141601562,155.61868286132812,334.6199951171875,189.41400146484375
2025-05-22,200.56431579589844,203.10000610351562,228.6771240234375,170.27955627441406,634.5902709960938,452.23291015625,132.7987060546875,155.74740600585938,341.0400085449219,193.78982543945312
2025-05-23,194.49838256835938,200.99000549316406,226.88168334960938,167.8878631591797,625.1097412109375,447.5799560546875,131.25906372070312,154.42071533203125,339.3399963378906,189.6313018798828
2025-05-27,199.41885375976562,206.02000427246094,233.75596618652344,172.30255126953125,640.322265625,458.0292663574219,135.4680633544922,160.30172729492188,362.8900146484375,195.26156616210938
2025-05-28,199.62803649902344,204.72000122070312,237.50558471679688,171.76441955566406,641.5784912109375,454.7184753417969,134.7782440185547,162.22244262695312,356.8999938964844,193.7404327392578
2025-05-29,199.15988159179688,205.6999969482422,240.0251922607422,171.26614379882812,643.0438232421875,456.0308837890625,139.15721130371094,161.2818603515625,358.42999267578125,194.73806762695312
2025-05-30,200.05633544921875,205.00999450683594,240.1243896484375,171.1465606689453,645.4761962890625,457.701171875,135.09817504882812,163.88575744628906,346.4599914550781,190.95492553710938
2025-06-02,200.90298461914062,206.64999389648438,246.7110137939453,168.4459228515625,668.8134765625,459.3018798828125,137.34764099121094,164.91542053222656,342.69000244140625,192.45631408691406
2025-06-03,202.46676635742188,205.7100067138672,254.7855987548828,165.60577392578125,664.7760620117188,460.29608154296875,141.1867218017578,167.45989990234375,344.2699890136719,195.19244384765625
2025-06-04,202.01856994628906,207.22999572753906,258.9815673828125,167.46929931640625,685.8104858398438,461.1908874511719,141.88656616210938,166.43023681640625,332.04998779296875,199.923828125
2025-06-05,199.83718872070312,207.91000366210938,257.8408508300781,167.62876892089844,682.4907836914062,464.9788818359375,139.95703125,169.44003295898438,284.70001220703125,200.8523406982422
2025-06-06,203.11419677734375,213.57000732421875,244.9453125,173.079833984375,695.5401000976562,467.6632995605469,141.6865997314453,172.2914276123047,295.1400146484375,202.66983032226562
2025-06-09,200.65394592285156,216.97999572753906,242.31661987304688,175.69395446777344,691.9014282226562,470.0196228027344,142.59640502929688,175.39031982421875,308.5799865722656,204.46755981445312
2025-06-10,201.869140625,217.61000061035156,242.66380310058594,178.1983184814453,700.2155151367188,468.2001953125,143.92608642578125,175.717041015625,326.0899963378906,209.86077880859375
2025-06-11,197.99452209472656,213.1999969482422,250.8772430419922,176.9511260986328,691.981201171875,469.8903503417969,142.80625915527344,174.6279754638672,326.42999267578125,211.48069763183594
2025-06-12,198.412841796875,213.24000549316406,254.01185607910156,175.30484008789062,691.20361328125,476.104248046875,144.9759063720703,197.874755859375,319.1099853515625,213.572509765625
2025-06-13,195.67372131347656,212.10000610351562,246.7010955810547,174.2771453857422,680.7461547851562,472.2168273925781,141.94639587402344,213.08216857910156,325.30999755859375,209.27984619140625
2025-06-16,197.6359100341797,216.10000610351562,250.07376098632812,176.3724365234375,700.4749145507812,476.37274169921875,144.66595458984375,209.00311279296875,329.1300048828125,213.82034301757812
2025-06-17,194.86691284179688,214.82000732421875,247.36569213867188,175.55426025390625,695.5963745117188,475.2790832519531,144.09603881835938,206.11209106445312,316.3500061035156,212.05569458007812
2025-06-18,195.80320739746094,212.52000427246094,249.24050903320312,172.93020629882812,694.1397705078125,477.4663391113281,145.455810546875,208.77537536621094,322.04998779296875,211.65914916992188
2025-06-20,200.20574951171875,209.69000244140625,248.5644073486328,166.26522827148438,680.7511596679688,474.6427307128906,143.8260955810547,203.13198852539062,322.1600036621094,207.70355224609375
2025-06-23,200.70376586914062,208.47000122070312,252.32284545898438,164.8184814453125,696.8934326171875,483.1930847167969,144.1460418701172,204.98342895507812,348.67999267578125,208.50657653808594
2025-06-24,199.50851440429688,212.77000427246094,262.26580810546875,166.39492797851562,710.5313110351562,487.2793273925781,147.87539672851562,213.1316680908203,340.4700012207031,218.19232177734375
2025-06-25,200.76353454589844,211.99000549316406,263.14080810546875,170.29612731933594,707.01953125,489.4268798828125,154.28436279296875,208.6268768310547,327.54998779296875,220.81948852539062
2025-06-26,200.20574951171875,217.1199951171875,268.6293640136719,173.14968872070312,724.3887939453125,494.57696533203125,154.99423217773438,210.7060089111328,325.7799987792969,222.0785369873047
2025-06-27,200.28543090820312,223.3000030517578,267.81402587890625,178.1284637451172,731.9110717773438,493.07568359375,157.7238006591797,208.15164184570312,323.6300048828125,226.59921264648438
2025-06-30,204.3592529296875,219.38999938964844,274.07806396484375,175.83364868164062,736.3606567382812,494.53717041015625,157.96376037597656,216.4582977294922,317.6600036621094,224.5371551513672
2025-07-01,206.99879455566406,220.4600067138672,263.23028564453125,175.4445343017578,717.5348510742188,489.2080993652344,153.2745361328125,216.78501892089844,300.7099914550781,222.74276733398438
2025-07-02,211.6005401611328,219.9199981689453,268.36083984375,178.23822021484375,711.8981323242188,488.2536926269531,157.22386169433594,227.69554138183594,315.6499938964844,231.58584594726562
2025-07-03,212.70614624023438,223.41000366210938,273.6107482910156,179.126220703125,717.3253784179688,495.9589538574219,159.3135223388672,234.96266174316406,315.3500061035156,232.77549743652344
2025-07-07,209.12037658691406,223.47000122070312,272.616455078125,176.3923797607422,716.6668701171875,494.84539794921875,158.21371459960938,229.95289611816406,293.94000244140625,227.1940460205078
2025-07-08,209.18011474609375,219.36000061035156,270.25,173.9678497314453,718.9813842773438,493.7517395019531,159.97341918945312,232.170654296875,297.80999755859375,225.8953399658203
2025-07-09,210.3056640625,222.5399932861328,276.31524658203125,176.2227783203125,731.0631713867188,500.60198974609375,162.85293579101562,233.4676513671875,295.8800048828125,229.8410186767578
2025-07-10,211.57066345214844,222.25999450683594,273.8294982910156,177.2205047607422,725.5360717773438,498.58367919921875,164.07273864746094,233.1600799560547,309.8699951171875,227.77894592285156
2025-07-11,210.32559204101562,225.02000427246094,272.8153076171875,179.7847442626953,715.828857421875,500.4130554199219,164.89259338378906,228.7548370361328,313.510009765625,228.41342163085938
2025-07-14,207.7956085205078,225.69000244140625,274.0283508300781,181.1516571044922,719.2308959960938,500.1147766113281,164.04273986816406,227.48486328125,316.8999938964844,226.6983642578125
2025-07-15,208.28369140625,226.35000610351562,279.337890625,181.59068298339844,708.7255249023438,502.89862060546875,170.671630859375,233.1204071044922,310.7799987792969,234.90696716308594
2025-07-16,209.3295440673828,223.19000244140625,279.2086181640625,182.55848693847656,701.2630004882812,502.6997985839844,171.34152221679688,239.41075134277344,321.6700134277344,235.51170349121094
2025-07-17,209.1901092529297,223.8800048828125,284.8164978027344,183.16712951660156,699.7665405273438,508.7446594238281,172.97125244140625,246.8024139404297,319.4100036621094,243.48239135742188
2025-07-18,210.3455047607422,226.1300048828125,281.7242126464844,184.64378356933594,702.6298828125,507.1041564941406,172.38136291503906,243.52825927734375,329.6499938964844,238.32720947265625
2025-07-21,211.640380859375,229.3000030517578,286.5664367675781,189.67245483398438,711.2994384765625,507.1141357421875,171.35153198242188,241.63320922851562,328.489990234375,236.7905731201172
2025-07-22,213.55276489257812,227.47000122070312,277.0013122558594,190.90966796875,703.1586303710938,502.3517761230469,167.00225830078125,236.2457275390625,332.1099853515625,232.5772247314453
2025-07-23,213.3037872314453,228.2899932861328,282.0722351074219,189.80215454101562,711.9081420898438,502.94830322265625,170.75161743164062,240.00604248046875,332.55999755859375,238.25782775878906
2025-07-24,212.91531372070312,232.22999572753906,287.0635986328125,191.73780822753906,713.1251831054688,507.9294128417969,173.7111358642578,240.92877197265625,305.29998779296875,239.51687622070312
2025-07-25,213.03485107421875,231.44000244140625,288.52520751953125,192.74551391601562,711.0101318359375,510.7430725097656,173.47117614746094,243.20083618164062,316.05999755859375,243.48239135742188
2025-07-28,213.2041778564453,232.7899932861328,292.6216735839844,192.14688110351562,715.9486083984375,509.5400085449219,176.7206268310547,245.77056884765625,325.5899963378906,240.65695190429688
2025-07-29,210.43515014648438,231.00999450683594,295.7239685058594,195.3097381591797,698.35986328125,509.609619140625,175.4808349609375,248.0227813720703,321.20001220703125,239.2491912841797
2025-07-30,208.2239227294922,230.19000244140625,300.894287109375,196.08799743652344,693.5811157226562,510.2757568359375,179.24021911621094,248.637939453125,319.0400085449219,240.81558227539062
2025-07-31,206.74978637695312,234.11000061035156,292.025146484375,191.46839904785156,771.6278076171875,530.4187622070312,177.84043884277344,251.7831268310547,308.2699890136719,239.53668212890625
2025-08-01,201.58030700683594,214.75,286.9940185546875,188.70465087890625,748.2527465820312,521.0829467773438,173.69113159179688,242.50631713867188,302.6300048828125,233.1819610595703
2025-08-04,202.54644775390625,211.64999389648438,296.022216796875,194.60133361816406,774.5509643554688,532.5463256835938,179.9700927734375,250.55282592773438,309.260009765625,236.9392852783203
2025-08-05,202.11814880371094,213.75,291.259521484375,194.232177734375,761.6712036132812,524.7019653320312,178.23037719726562,253.66822814941406,308.7200012207031,230.46559143066406
2025-08-06,212.4073486328125,222.30999755859375,299.94970703125,195.64898681640625,770.1812133789062,521.908203125,179.3901824951172,254.4222869873047,319.9100036621094,229.3750762939453
2025-08-07,219.16053771972656,223.1300048828125,302.0278015136719,196.07801818847656,760.0449829101562,517.8318481445312,180.73997497558594,247.43740844726562,322.2699890136719,240.52806091308594
2025-08-08,228.4437255859375,222.69000244140625,303.2308654785156,200.9669952392578,767.4974975585938,519.0249633789062,182.66964721679688,248.0922393798828,329.6499938964844,239.744873046875
2025-08-11,226.53909301757812,221.3000030517578,302.1669616699219,200.54794311523438,764.0755615234375,518.7565307617188,182.0297393798828,250.70164489746094,339.0299987792969,240.0026397705078
2025-08-12,229.00213623046875,221.47000122070312,311.0460510253906,202.88267517089844,788.1489868164062,526.183349609375,183.1295623779297,251.87240600585938,340.8399963378906,242.18365478515625
2025-08-13,232.6717529296875,224.55999755859375,307.3273620605469,201.5057830810547,778.2523193359375,517.5733642578125,181.55982971191406,242.2681884765625,339.3800048828125,239.35824584960938
2025-08-14,232.12330627441406,230.97999572753906,309.4552001953125,202.48358154296875,780.2974243164062,519.4623413085938,181.98974609375,243.04209899902344,335.5799865722656,238.92202758789062
2025-08-15,230.93666076660156,231.02999877929688,304.59307861328125,203.44142150878906,783.3901977539062,517.1657104492188,180.42001342773438,246.3361053466797,330.55999755859375,236.82032775878906
2025-08-18,230.23863220214844,231.49000549316406,304.0163879394531,203.0423126220703,765.572021484375,514.1134643554688,181.979736328125,247.1199188232422,335.1600036621094,239.32850646972656
2025-08-19,229.90956115722656,228.00999450683594,293.2282409667969,201.11666870117188,749.71923828125,506.8257751464844,175.61080932617188,232.78305053710938,329.30999755859375,230.69361877441406
2025-08-20,225.3723907470703,223.80999755859375,289.50958251953125,198.87173461914062,745.968017578125,502.7991638183594,175.370849609375,233.2196044921875,323.8999938964844,226.62896728515625
2025-08-21,224.26551818847656,221.9499969482422,287.9485168457031,199.3007354736328,737.3682250976562,502.15185546875,174.95091247558594,231.33448791503906,320.1099853515625,225.36990356445312
2025-08-22,227.11746215820312,228.83999633789062,292.32342529296875,205.62648010253906,753.021484375,505.1295166015625,177.96043395996094,234.5193328857422,340.010009765625,230.98110961914062
2025-08-25,226.5191650390625,227.94000244140625,292.5521240234375,208.02110290527344,751.5349731445312,502.17181396484375,179.78012084960938,233.56686401367188,346.6000061035156,233.5586700439453
2025-08-26,228.6630859375,228.7100067138672,296.310546875,206.67413330078125,752.3331298828125,499.96099853515625,181.7397918701172,232.3762664794922,351.6700134277344,236.6616973876953
2025-08-27,229.83978271484375,229.1199951171875,298.53778076171875,207.01336669921875,745.62890625,504.6415100097656,181.56983947753906,233.96372985839844,349.6000061035156,237.22677612304688
2025-08-28,231.90391540527344,231.60000610351562,306.889892578125,211.1640167236328,749.3501586914062,507.5295104980469,180.1400604248047,238.4384307861328,345.9800109863281,236.21559143066406
2025-08-29,231.485107421875,229.0,295.6941223144531,212.43116760253906,736.96923828125,504.59173583984375,174.1510467529297,224.35952758789062,333.8699951171875,228.87939453125
2025-09-02,229.07192993164062,225.33999633789062,296.5392761230469,210.87466430664062,733.3876342773438,503.0282287597656,170.75161743164062,223.5360107421875,329.3599853515625,226.42076110839844
2025-09-03,237.79725646972656,225.99000549316406,300.66558837890625,230.14122009277344,735.3231201171875,503.2572937011719,170.59165954589844,221.70050048828125,334.0899963378906,229.3948974609375
2025-09-04,239.10353088378906,235.67999267578125,304.35443115234375,231.77755737304688,746.8959350585938,505.866455078125,171.63148498535156,221.2540283203125,338.5299987792969,233.1819610595703
2025-09-05,239.01380920410156,232.3300018310547,332.9802551269531,234.47146606445312,750.68701171875,492.9501647949219,166.9922637939453,230.97731018066406,350.8399963378906,241.31124877929688
2025-09-08,237.20892333984375,235.83999633789062,343.6788635253906,233.72247314453125,750.5372924804688,496.13690185546875,168.2820281982422,236.61282348632812,346.3999938964844,245.0586700439453
2025-09-09,233.6888885498047,238.24000549316406,334.7501220703125,239.30491638183594,763.9059448242188,496.3460388183594,170.7316131591797,239.6190948486328,346.9700012207031,248.75650024414062
2025-09-10,226.1501922607422,230.3300018310547,367.4624938964844,238.84552001953125,750.2180786132812,498.29791259765625,177.300537109375,325.75933837890625,347.7900085449219,258.1944274902344
2025-09-11,229.38107299804688,229.9499969482422,357.5791931152344,240.0438995361328,749.1406860351562,498.9352722167969,177.1505584716797,305.4496154785156,368.80999755859375,256.6776123046875
2025-09-12,233.40968322753906,228.14999389648438,357.8177795410156,240.4733123779297,753.8196411132812,507.7884521484375,177.80047607421875,289.89239501953125,395.94000244140625,257.093994140625
2025-09-15,236.03224182128906,231.42999267578125,362.01373291015625,251.26864624023438,762.9083251953125,513.225830078125,177.73049926757812,299.7744445800781,410.0400085449219,259.1263427734375
2025-09-16,237.4781494140625,234.0500030517578,357.947021484375,250.8192596435547,777.1748046875,506.9320068359375,174.86080932617188,304.24908447265625,421.6199951171875,260.62005615234375
2025-09-17,238.3157958984375,231.6199951171875,344.1959533691406,249.19146728515625,773.9024658203125,507.9079284667969,170.27130126953125,299.0501403808594,425.8599853515625,261.3460693359375
2025-09-18,237.20892333984375,231.22999572753906,343.380615234375,251.68807983398438,778.4218139648438,506.3444519042969,176.2206573486328,294.297607421875,416.8500061035156,267.1639099121094
2025-09-19,244.8074188232422,231.47999572753906,342.9729309082031,254.3744354248047,776.5562744140625,515.78515625,176.6505889892578,306.2433776855469,426.07000732421875,263.41461181640625
2025-09-22,255.35755920410156,227.6300048828125,337.4351806640625,252.18739318847656,763.8824462890625,512.319580078125,183.58984375,325.5807800292969,434.2099914550781,271.1319885253906
2025-09-23,253.7122344970703,220.7100067138672,337.5845642089844,251.31858825683594,754.1387939453125,507.1212463378906,178.410400390625,311.37286376953125,425.8500061035156,281.1566162109375
2025-09-24,251.59820556640625,220.2100067138672,337.95306396484375,246.80470275878906,759.3899536132812,508.0373840332031,176.9505615234375,306.044921875,442.7900085449219,279.1676025390625
2025-09-25,256.14532470703125,218.14999389648438,334.7559509277344,245.45654296875,747.6595458984375,504.9303283691406,177.67050170898438,289.0490417480469,423.3900146484375,275.1398620605469
2025-09-26,254.7393341064453,219.77999877929688,333.19219970703125,246.2055206298828,742.5081787109375,509.34197998046875,178.17044067382812,281.2406311035156,440.3999938964844,271.85797119140625
2025-09-29,253.7122344970703,222.1699981689453,326.5887145996094,243.71890258789062,742.1588134765625,512.4689331054688,181.83004760742188,280.546142578125,443.2099914550781,271.7287292480469
2025-09-30,253.9116668701172,219.57000732421875,328.5906677246094,242.77020263671875,733.15380859375,515.8051147460938,186.55950927734375,279.03802490234375,444.7200012207031,277.75543212890625
2025-10-01,254.72933959960938,220.6300048828125,332.0567932128906,244.5677490234375,716.142333984375,517.557861328125,187.21945190429688,286.7471923828125,459.4599914550781,286.88494873046875
2025-10-02,256.40460205078125,222.41000366210938,336.8276062011719,245.35667419433594,725.8360595703125,513.604248046875,188.8692626953125,286.5190124511719,436.0,286.52691650390625
2025-10-03,257.2920837402344,219.50999450683594,337.016845703125,245.01715087890625,709.3735961914062,515.20751953125,187.5994110107422,283.89971923828125,429.8299865722656,290.58453369140625
2025-10-06,255.9658660888672,220.89999389648438,334.1483459472656,250.09024047851562,714.465087890625,526.3811645507812,185.51962280273438,289.3070068359375,453.25,300.7384033203125
2025-10-07,255.75645446777344,221.77999877929688,335.0646667480469,245.42657470703125,711.889404296875,521.8101196289062,185.01968383789062,282.0145263671875,433.0899963378906,292.4143981933594
2025-10-08,257.33197021484375,225.22000122070312,344.11834716796875,244.2881317138672,716.6414794921875,522.676513671875,189.0892333984375,286.3702087402344,438.69000244140625,302.8467712402344
2025-10-09,253.32330322265625,227.74000549316406,343.6402282714844,241.2023162841797,732.2852783203125,520.2366943359375,192.54885864257812,295.1462707519531,435.5400085449219,298.2322692871094
2025-10-10,244.57806396484375,216.3699951171875,323.331787109375,236.2490692138672,704.1223754882812,508.84405517578125,183.139892578125,291.1706848144531,413.489990234375,279.11785888671875
2025-10-13,246.96133422851562,220.07000732421875,355.2735595703125,243.81875610351562,714.5050048828125,511.9212341308594,188.29933166503906,306.1287536621094,435.8999938964844,301.2257385253906
2025-10-14,247.07101440429688,216.38999938964844,342.7538146972656,245.1169891357422,707.4668579101562,511.4432373046875,180.01022338867188,297.1737976074219,429.239990234375,294.3139343261719
2025-10-15,248.63658142089844,215.57000732421875,349.92498779296875,250.68942260742188,716.3519287109375,511.3038024902344,179.8102569580078,301.76556396484375,435.1499938964844,303.03570556640625
2025-10-16,246.7519073486328,214.47000122070312,352.7337341308594,251.1188507080078,710.881103515625,509.4913330078125,181.7900390625,311.0882873535156,428.75,298.1924743652344
2025-10-17,251.5782470703125,213.0399932861328,347.9329833984375,252.9563446044922,715.7229614257812,511.4532470703125,183.19989013671875,289.53076171875,439.30999755859375,293.4586181640625
2025-10-20,261.50018310546875,216.47999572753906,347.8433532714844,256.2019348144531,730.947509765625,514.6498413085938,182.6199493408203,275.487060546875,447.42999267578125,296.06427001953125
2025-10-21,262.0286865234375,222.02999877929688,341.2897033691406,250.12020874023438,732.0457153320312,515.5162963867188,181.14010620117188,273.4694519042969,442.6000061035156,292.89178466796875
2025-10-22,257.7209167480469,217.9499969482422,338.9391174316406,251.34854125976562,732.1854248046875,518.3843994140625,180.2602081298828,270.99468994140625,438.9700012207031,287.292724609375
2025-10-23,258.8476867675781,221.08999633789062,342.9131774902344,252.73666381835938,732.7744750976562,518.404296875,182.13999938964844,278.35943603515625,448.9800109863281,289.1325378417969
2025-10-24,262.07855224609375,224.2100067138672,352.7138366699219,259.5673828125,737.1271362304688,521.441650390625,186.23953247070312,281.5994873046875,433.7200012207031,293.33929443359375
2025-10-27,268.0516357421875,226.97000122070312,360.6021423339844,268.9046630859375,749.56640625,529.3189697265625,191.46897888183594,279.6812744140625,452.4200134277344,296.6112365722656
2025-10-28,268.2410888671875,229.25,371.4784851074219,267.1071472167969,750.1853637695312,539.8252563476562,201.0079345703125,279.11474609375,460.54998779296875,299.8731994628906
2025-10-29,268.93914794921875,230.3000030517578,384.43646240234375,274.197509765625,750.4149780273438,539.307373046875,207.01727294921875,273.6185302734375,461.510009765625,303.41363525390625
2025-10-30,270.63433837890625,222.86000061035156,374.9645080566406,281.09814453125,665.357177734375,523.582763671875,202.8677215576172,255.32101440429688,440.1000061035156,301.55389404296875
2025-10-31,269.60723876953125,244.22000122070312,368.15185546875,280.8085021972656,647.2674560546875,515.6656494140625,202.4677734375,261.00604248046875,456.55999755859375,298.77923583984375
2025-11-03,268.2909851074219,254.0,361.1001281738281,283.3350830078125,636.645263671875,514.888916015625,206.85728454589844,256.275146484375,468.3699951171875,303.18487548828125
2025-11-04,269.2781982421875,249.32000732421875,350.5325622558594,277.1634521484375,626.2725830078125,512.2001342773438,198.66818237304688,246.6542510986328,444.260009765625,292.4342956542969
2025-11-05,269.3778991699219,250.1999969482422,357.54443359375,283.92425537109375,634.88818359375,505.0597839355469,195.18858337402344,248.78118896484375,462.07000732421875,292.02655029296875
2025-11-06,269.0089416503906,243.0399932861328,354.16796875,284.3636779785156,617.9065551757812,495.04144287109375,188.05935668945312,242.3109588623047,445.9100036621094,287.65069580078125
2025-11-07,267.7126159667969,244.41000366210938,348.0325927734375,278.45172119140625,620.6719360351562,494.7626037597656,188.1293487548828,237.7986602783203,429.5199890136719,284.92578125
2025-11-10,268.9303283691406,248.39999389648438,356.9568176269531,289.7064208984375,630.7051391601562,503.9045715332031,199.0281524658203,239.3590850830078,445.2300109863281,293.6475830078125
2025-11-11,274.73956298828125,249.10000610351562,350.552490234375,290.914794921875,626.0330200195312,506.573486328125,193.1387939453125,234.70767211914062,439.6199951171875,289.57012939453125
2025-11-12,272.962890625,244.1999969482422,353.7994689941406,286.3210144042969,607.9931640625,509.0233154296875,193.7787322998047,225.60362243652344,430.6000061035156,289.02313232421875
2025-11-13,272.4438171386719,237.5800018310547,338.6203918457031,278.19207763671875,608.8717041015625,501.205810546875,186.8394775390625,216.2411651611328,401.989990234375,280.6494445800781
2025-11-14,271.90484619140625,234.69000244140625,341.0904541015625,276.0350036621094,608.4424438476562,508.0672607421875,190.14910888671875,221.48890686035156,404.3500061035156,283.2550048828125
2025-11-17,266.9639892578125,232.8699951171875,341.2796936035156,284.63330078125,601.0048217773438,505.3883972167969,186.5795135498047,218.5171661376953,408.9200134277344,280.46044921875
2025-11-18,266.94403076171875,222.5500030517578,339.1383361816406,283.8943176269531,596.6920776367188,491.74517822265625,181.340087890625,219.14332580566406,401.25,276.38299560546875
2025-11-19,268.0619812011719,222.69000244140625,353.0026550292969,292.4127502441406,589.3343505859375,485.1027526855469,186.49952697753906,224.15252685546875,403.989990234375,280.8184814453125
2025-11-20,265.7562561035156,217.13999938964844,345.43304443359375,289.05731201171875,588.1663818359375,477.3404846191406,180.6201629638672,209.40316772460938,395.2300109863281,275.9752197265625
2025-11-21,270.98651123046875,220.69000244140625,338.8395080566406,299.25347900390625,593.2578125,471.04486083984375,178.86036682128906,197.54603576660156,391.0899963378906,273.54864501953125
2025-11-24,275.4083557128906,226.27999877929688,376.448486328125,318.14776611328125,612.0264282226562,472.92059326171875,182.52996826171875,199.05674743652344,417.7799987792969,283.0760192871094
2025-11-25,276.45635986328125,229.6699981689453,383.490234375,323.0011901855469,635.15771484375,475.90374755859375,177.80047607421875,195.82659912109375,419.3999938964844,283.1157531738281
2025-11-26,277.0353088378906,229.16000366210938,395.9801025390625,319.5159606933594,632.5521240234375,484.3943786621094,180.24020385742188,203.7081756591797,426.5799865722656,288.36676025390625
2025-11-28,278.3328857421875,233.22000122070312,401.3485107421875,319.7456359863281,646.8681640625,490.88958740234375,176.98056030273438,200.71653747558594,430.1700134277344,289.9082336425781
2025-12-01,282.57501220703125,233.8800048828125,384.5360107421875,314.46282958984375,639.7999877929688,485.6315612792969,179.90025329589844,199.7127227783203,430.1400146484375,286.0992736816406
2025-12-02,285.6592712402344,234.4199981689453,380.0440979003906,315.38153076171875,646.01953125,488.8841552734375,181.44007873535156,199.8717498779297,429.239990234375,290.48504638671875
2025-12-03,283.623046875,232.3800048828125,379.0879211425781,319.19635009765625,638.5321044921875,476.64208984375,179.57028198242188,206.46124267578125,446.739990234375,293.8266296386719
2025-12-04,280.179443359375,229.11000061035156,379.5062561035156,317.1890869140625,660.4254760742188,479.7449951171875,183.37008666992188,213.0209503173828,454.5299987792969,291.3204650878906
2025-12-05,278.26300048828125,229.52999877929688,388.6794128417969,320.8341064453125,672.2955932617188,482.0597229003906,182.40013122558594,216.25108337402344,455.0,293.1006164550781
2025-12-08,277.3746643066406,226.88999938964844,399.4959716796875,313.49932861328125,665.6866455078125,489.9018249511719,185.5399627685547,219.1929931640625,439.5799865722656,300.2113342285156
2025-12-09,276.6659851074219,227.9199981689453,404.66522216796875,316.85693359375,655.8630981445312,490.8995361328125,184.95999145507812,220.1769561767578,445.1700134277344,301.7428894042969
2025-12-10,278.26300048828125,231.77999877929688,411.3185119628906,319.9847412109375,649.0444946289062,477.4701843261719,183.77005004882812,221.64791870117188,451.45001220703125,308.4359130859375
2025-12-11,277.514404296875,230.27999877929688,404.7449035644531,312.210205078125,651.6202392578125,482.3690185546875,180.92019653320312,197.635498046875,446.8900146484375,303.993408203125
2025-12-12,277.763916015625,226.19000244140625,358.4906005859375,309.07244873046875,643.1543579101562,477.4402770996094,175.01052856445312,188.80972290039062,458.9599914550781,291.21942138671875
2025-12-15,273.6016540527344,222.5399932861328,338.4510803222656,308.003173828125,646.9561157226562,473.73870849609375,176.28045654296875,183.79055786132812,475.30999755859375,286.9314880371094
2025-12-16,274.1007385253906,222.55999755859375,339.93511962890625,306.3543395996094,656.587890625,475.3051452636719,177.71038818359375,187.49777221679688,489.8800048828125,286.0639343261719
2025-12-17,271.33587646484375,221.27000427246094,324.7162170410156,296.5112609863281,648.9443969726562,475.0357360839844,170.93075561523438,177.37002563476562,467.260009765625,276.1817626953125
2025-12-18,271.68524169921875,226.75999450683594,328.560791015625,302.2472229003906,663.881591796875,482.87786865234375,174.1305694580078,178.930419921875,483.3699951171875,283.88006591796875
2025-12-19,273.1625061035156,227.35000610351562,338.99884033203125,306.9439392089844,658.2064819335938,484.8134460449219,180.98020935058594,190.79751586914062,481.20001220703125,288.1380920410156
2025-12-22,270.4674987792969,228.42999267578125,340.7352600097656,309.56207275390625,660.9341430664062,483.81573486328125,183.6800537109375,197.16836547851562,488.7300109863281,292.4559020996094
2025-12-23,271.85491943359375,232.13999938964844,348.5887756347656,314.1288757324219,664.3711547851562,485.7413330078125,189.19976806640625,194.14691162109375,485.55999755859375,296.1156311035156
2025-12-24,273.3022155761719,232.3800048828125,349.48687744140625,313.8690490722656,666.9789428710938,486.90863037109375,188.59979248046875,196.28379821777344,485.3999938964844,297.96038818359375
2025-12-26,272.89300537109375,232.52000427246094,351.39288330078125,313.2894592285156,662.7225952148438,486.599365234375,190.51968383789062,196.78074645996094,475.19000244140625,301.9890441894531
2025-12-29,273.2523498535156,232.07000732421875,348.65863037109375,313.33941650390625,658.1265258789062,485.9907531738281,188.20980834960938,194.18667602539062,459.6400146484375,300.074462890625
2025-12-30,272.57354736328125,232.52999877929688,349.1176452636719,313.6292419433594,665.3803100585938,486.3699035644531,187.52984619140625,196.00550842285156,454.42999267578125,298.7381896972656
2025-12-31,271.3558349609375,230.82000732421875,345.3755187988281,312.7798156738281,659.5253295898438,482.5186767578125,186.4899139404297,193.71954345703125,449.7200012207031,303.0361328125
2026-01-02,270.5074462890625,226.5,346.8923034667969,314.9283142089844,649.8535766601562,471.8630065917969,188.83978271484375,194.51467895507812,438.07000732421875,318.7119140625
2026-01-05,266.764404296875,233.05999755859375,342.7011413574219,316.3173522949219,658.2264404296875,471.773193359375,188.1098175048828,191.41371154785156,451.6700134277344,321.3445129394531
2026-01-06,261.87347412109375,240.92999267578125,343.0503845214844,314.1188659667969,660.0548706054688,477.4203186035156,187.22987365722656,192.56663513183594,432.9599914550781,326.50994873046875
2026-01-07,259.84722900390625,241.55999755859375,342.78094482421875,321.7535095214844,648.1350708007812,482.3690185546875,189.09976196289062,191.6621856689453,431.4100036621094,317.7845458984375
2026-01-08,258.55963134765625,246.2899932861328,331.7840270996094,325.2110595703125,645.50732421875,477.0212097167969,185.0299835205078,188.49166870117188,435.79998779296875,317.1164245605469
2026-01-09,258.8890075683594,247.3800048828125,344.24786376953125,328.3388671875,652.5013427734375,478.1885681152344,184.84999084472656,197.82907104492188,445.010009765625,322.72064208984375
2026-01-12,259.7673645019531,246.47000122070312,351.47271728515625,331.62652587890625,641.4207763671875,476.09332275390625,184.92999267578125,203.96762084960938,448.9599914550781,330.8377685546875
2026-01-13,260.5658874511719,242.60000610351562,353.86767578125,335.7336730957031,630.5501708984375,469.5981750488281,185.79994201660156,201.5859375,447.20001220703125,330.2793273925781
2026-01-14,259.4779052734375,236.64999389648438,339.17852783203125,335.603759765625,614.9934692382812,458.3338928222656,183.1300811767578,192.9361572265625,439.20001220703125,326.19085693359375
2026-01-15,257.7311706542969,238.17999267578125,342.30194091796875,332.5458984375,620.2689208984375,455.6200866699219,187.03988647460938,189.18923950195312,438.57000732421875,340.6800537109375
2026-01-16,255.05612182617188,239.1199951171875,350.9737548828125,329.7678527832031,619.7194213867188,458.8127746582031,186.21990966796875,190.4249267578125,437.5,341.4378967285156
2026-01-20,246.2425079345703,231.0,331.9037780761719,321.77349853515625,603.6032104492188,453.48492431640625,178.06036376953125,179.29379272460938,419.25,326.24072265625
2026-01-21,247.1907501220703,231.30999755859375,328.1116943359375,328.1490173339844,612.4356689453125,443.0986328125,183.31008911132812,173.2748260498047,431.44000244140625,325.2036437988281
2026-01-22,247.8894500732422,234.33999633789062,324.8086242675781,330.3074951171875,647.0759887695312,450.1126403808594,184.82998657226562,177.55984497070312,449.3599853515625,326.45013427734375
2026-01-23,247.58001708984375,239.16000366210938,319.3800354003906,327.6993103027344,658.1964721679688,464.888916015625,187.6598358154297,176.5434112548828,449.05999755859375,333.9290466308594
2026-01-26,254.93637084960938,238.4199981689453,324.16998291015625,333.02557373046875,671.7847900390625,469.20904541015625,186.4599151611328,181.80503845214844,435.20001220703125,331.7751159667969
2026-01-27,257.7910461425781,244.67999267578125,332.0933837890625,334.31463623046875,672.394287109375,479.485595703125,188.50979614257812,174.291259765625,430.8999938964844,337.3893127441406
2026-01-28,255.96444702148438,243.00999450683594,332.54241943359375,335.7736511230469,668.1578979492188,480.533203125,191.5096435546875,172.19857788085938,431.4599914550781,341.3381652832031
2026-01-29,257.801025390625,241.72999572753906,330.0376892089844,338.0120544433594,737.6784057617188,432.5128173828125,192.49957275390625,168.42176818847656,416.55999755859375,338.59588623046875
2026-01-30,258.99884033203125,239.3000030517578,330.6064758300781,337.7622375488281,715.8870849609375,429.31011962890625,191.11965942382812,164.00718688964844,430.4100036621094,329.63116455078125
2026-02-02,269.50927734375,242.9600067138672,330.4168701171875,343.4482421875,705.8056640625,422.4058837890625,185.59996032714844,159.50291442871094,421.80999755859375,340.40081787109375
2026-02-03,268.98028564453125,238.6199951171875,319.659423828125,339.47100830078125,691.1082763671875,410.2735595703125,180.33023071289062,154.13168334960938,421.9599914550781,334.80657958984375
2026-02-04,275.97723388671875,232.99000549316406,307.4051513671875,332.80572509765625,668.417724609375,413.2467956542969,174.18057250976562,146.15951538085938,406.010009765625,324.82470703125
2026-02-05,275.3983459472656,222.69000244140625,309.8600158691406,331.0169677734375,669.63671875,392.7735290527344,171.87069702148438,136.00498962402344,397.2099914550781,329.8006896972656
2026-02-06,277.6042175292969,210.32000732421875,332.2231140136719,322.63287353515625,660.8941650390625,400.22650146484375,185.39996337890625,142.32293701171875,411.1099853515625,347.8697814941406
2026-02-09,274.3672180175781,208.72000122070312,343.22003173828125,324.09185791015625,676.640625,412.65814208984375,190.0297088623047,156.0449981689453,417.32000732421875,354.4113464355469
2026-02-10,273.4280700683594,206.9600067138672,339.72735595703125,318.3558654785156,670.1461791992188,412.328857421875,188.52978515625,159.33351135253906,425.2099914550781,360.89306640625
2026-02-11,275.24639892578125,204.0800018310547,342.0425109863281,310.7412414550781,668.1179809570312,403.4491271972656,190.0397186279297,156.61302185058594,428.2699890136719,373.0388488769531
2026-02-12,261.4891052246094,199.60000610351562,330.4767761230469,308.7826232910156,649.254150390625,400.9248962402344,186.9298858642578,155.9353790283203,417.07000732421875,367.065673828125
2026-02-13,255.5445556640625,198.7899932861328,324.48931884765625,305.50494384765625,639.2227172851562,400.4060974121094,182.80010986328125,159.5826416015625,417.44000244140625,365.33056640625
2026-02-17,263.6371154785156,201.14999389648438,331.8439025878906,301.8075256347656,638.7431030273438,395.95623779296875,184.95999145507812,153.43411254882812,410.6300048828125,363.1766662597656
2026-02-18,264.106689453125,204.7899932861328,332.8118591308594,303.1166076660156,642.6697387695312,398.69000244140625,187.96981811523438,155.62646484375,411.32000732421875,361.2420959472656
2026-02-19,260.3401184082031,204.86000061035156,333.29083251953125,302.636962890625,644.2284545898438,398.4599914550781,187.88983154296875,155.9951629638672,411.7099914550781,359.3773498535156
2026-02-20,264.3364562988281,210.11000061035156,331.9536437988281,314.7584228515625,655.09912109375,397.2300109863281,189.8097381591797,147.5646209716797,411.82000732421875,369.49884033203125
2026-02-23,265.9349670410156,205.27000427246094,329.64849853515625,311.2708740234375,636.7048950195312,384.4700012207031,191.53964233398438,140.81817626953125,399.8299865722656,369.000244140625
2026-02-24,271.8895263671875,208.55999755859375,324.8086242675781,310.6813049316406,638.7531127929688,389.0,192.83956909179688,145.63136291503906,409.3800048828125,384.66607666015625
2026-02-25,273.97760009765625,210.63999938964844,331.6143798828125,312.67987060546875,653.1307983398438,400.6000061035156,195.54940795898438,147.37527465820312,417.3999938964844,386.6405334472656
2026-02-26,272.6987609863281,207.9199981689453,321.0265808105469,307.1637878417969,656.447998046875,401.7200012207031,184.87998962402344,149.78684997558594,408.5799865722656,375.751220703125
2026-02-27,263.93682861328125,210.0,318.8810729980469,311.54071044921875,647.62548828125,392.739990234375,177.180419921875,144.89393615722656,402.510009765625,373.5274658203125
2026-03-02,264.476318359375,208.38999938964844,318.1526184082031,306.3043518066406,653.0009155273438,398.54998779296875,182.47012329101562,148.7305450439453,403.32000732421875,368.07281494140625
2026-03-03,263.5072326660156,208.72999572753906,313.18304443359375,303.3664245605469,654.5196533203125,403.92999267578125,180.04025268554688,148.4913787841797,392.42999267578125,352.13775634765625
2026-03-04,262.2783508300781,216.82000732421875,316.86529541015625,302.9167785644531,667.1587524414062,405.20001220703125,183.03009033203125,151.8396759033203,405.94000244140625,356.4356384277344
2026-03-05,260.0504150390625,218.94000244140625,332.0733947753906,300.6683349609375,660.0049438476562,410.67999267578125,183.330078125,154.25125122070312,405.54998779296875,352.8656921386719
2026-03-06,257.2229919433594,213.2100067138672,329.7882080078125,298.30999755859375,644.308349609375,408.9599914550781,177.8103790283203,152.42764282226562,396.7300109863281,337.9377746582031
2026-03-09,259.6407775878906,213.49000549316406,345.0262451171875,306.3599853515625,646.836181640625,409.4100036621094,182.64010620117188,151.03250122070312,398.67999267578125,347.72021484375
2026-03-10,260.58990478515625,214.3300018310547,341.86285400390625,307.0400085449219,653.510498046875,405.760009765625,184.760009765625,148.88002014160156,399.239990234375,346.1147155761719
2026-03-11,260.5699157714844,212.64999389648438,340.85498046875,308.70001220703125,654.2998046875,404.8800048828125,186.02999877929688,162.55226135253906,407.82000732421875,353.563720703125
2026-03-12,255.52456665039062,209.52999877929688,335.2667236328125,303.54998779296875,637.6340942382812,401.8599853515625,183.13999938964844,158.60606384277344,395.010009765625,335.7638854980469
2026-03-13,249.8897705078125,207.6699981689453,321.4856262207031,302.2799987792969,613.1849975585938,395.54998779296875,180.25,154.5701446533203,391.20001220703125,337.359375
2026-03-16,252.58729553222656,211.74000549316406,324.2398681640625,305.55999755859375,627.4500122070312,399.95001220703125,183.22000122070312,155.42715454101562,395.55999755859375,339.2740173339844
2026-03-17,253.99598693847656,215.1999969482422,320.63739013671875,310.9200134277344,622.6599731445312,399.4100036621094,181.92999267578125,154.151611328125,399.2699890136719,345.9800109863281
2026-03-18,249.70994567871094,209.8699951171875,315.2686462402344,307.69000244140625,615.6799926757812,391.7900085449219,180.39999389648438,152.36782836914062,392.7799987792969,339.57000732421875
2026-03-19,248.73085021972656,208.75999450683594,319.17047119140625,307.1300048828125,606.7000122070312,389.0199890136719,178.55999755859375,154.97872924804688,380.29998779296875,338.7900085449219
2026-03-20,247.76173400878906,205.3699951171875,309.8600158691406,301.0,593.6599731445312,381.8699951171875,172.6999969482422,149.15904235839844,367.9599914550781,329.239990234375
2026-03-23,251.25851440429688,210.13999938964844,322.510009765625,302.05999755859375,604.0599975585938,383.0,175.63999938964844,153.80282592773438,380.8500061035156,338.45001220703125
2026-03-24,251.4083709716797,207.24000549316406,318.2900085449219,290.44000244140625,592.9199829101562,372.739990234375,175.1999969482422,146.57806396484375,383.0299987792969,343.25
2026-03-25,252.38746643066406,211.7100067138672,318.80999755859375,290.92999267578125,594.8900146484375,371.0400085449219,178.67999267578125,145.5117950439453,385.95001220703125,347.75
2026-03-26,252.6572265625,207.5399932861328,309.4200134277344,280.9200134277344,547.5399780273438,365.9700012207031,171.24000549316406,142.31295776367188,372.1099853515625,326.1099853515625
2026-03-27,248.57098388671875,199.33999633789062,300.67999267578125,274.3399963378906,525.719970703125,356.7699890136719,167.52000427246094,139.17391967773438,361.8299865722656,326.739990234375
2026-03-30,246.40298461914062,200.9499969482422,293.4100036621094,273.5,536.3800048828125,358.9599914550781,165.1699981689453,138.31692504882812,355.2799987792969,316.5
2026-03-31,253.55638122558594,208.27000427246094,309.510009765625,287.55999755859375,572.1300048828125,370.1700134277344,174.39999389648438,146.59799194335938,371.75,337.95001220703125
2026-04-01,255.3946990966797,210.57000732421875,313.489990234375,297.3900146484375,579.22998046875,369.3699951171875,175.75,144.7245330810547,381.260009765625,341.489990234375
2026-04-02,255.68443298339844,209.77000427246094,314.54998779296875,295.7699890136719,574.4600219726562,373.4599914550781,177.38999938964844,145.87054443359375,360.5899963378906,339.0400085449219
2026-04-06,258.6217041015625,212.7899932861328,314.42999267578125,299.989990234375,573.02001953125,372.8800048828125,177.63999938964844,145.033447265625,352.82000732421875,341.760009765625
2026-04-07,253.26666259765625,213.77000427246094,333.9700012207031,305.4599914550781,575.0499877929688,372.2900085449219,178.10000610351562,142.6717071533203,346.6499938964844,345.32000732421875
2026-04-08,258.66168212890625,221.25,350.6300048828125,317.32000732421875,612.4199829101562,374.3299865722656,182.0800018310547,143.16000366210938,343.25,365.8999938964844
2026-04-09,260.2502136230469,233.64999389648438,354.9100036621094,318.489990234375,628.3900146484375,373.07000732421875,183.91000366210938,137.86000061035156,345.6199951171875,365.489990234375
2026-04-10,260.240234375,238.3800048828125,371.54998779296875,317.239990234375,629.8599853515625,370.8699951171875,188.6300048828125,138.08999633789062,348.95001220703125,370.6000061035156
2026-04-13,258.96142578125,239.88999938964844,379.75,321.30999755859375,634.530029296875,384.3699951171875,189.30999755859375,155.6199951171875,352.4200134277344,369.57000732421875
2026-04-14,258.59173583984375,249.02000427246094,380.7799987792969,332.9100036621094,662.489990234375,393.1099853515625,196.50999450683594,163.0,364.20001220703125,379.8900146484375
2026-04-15,266.18475341796875,248.5,396.7200012207031,337.1199951171875,671.5800170898438,411.2200012207031,198.8699951171875,169.80999755859375,391.95001220703125,375.1000061035156
2026-04-16,263.15753173828125,249.6999969482422,398.4700012207031,336.0199890136719,676.8699951171875,420.260009765625,198.35000610351562,178.33999633789062,388.8999938964844,363.3500061035156
2026-04-17,269.98126220703125,250.55999755859375,406.5400085449219,341.67999267578125,688.5499877929688,422.7900085449219,201.67999267578125,175.05999755859375,400.6199951171875,370.5
2026-04-20,272.79864501953125,248.27999877929688,399.6300048828125,337.4200134277344,670.9099731445312,418.07000732421875,202.05999755859375,177.5800018310547,392.5,366.239990234375
2026-04-21,265.9250183105469,249.91000366210938,402.1700134277344,332.2900085449219,668.8400268554688,424.1600036621094,199.8800048828125,181.1699981689453,386.4200134277344,368.0799865722656
2026-04-22,272.9185791015625,255.36000061035156,422.6499938964844,339.32000732421875,674.719970703125,432.9200134277344,202.5,187.5,387.510009765625,387.44000244140625
2026-04-23,273.1783142089844,255.0800018310547,419.94000244140625,338.8900146484375,659.1500244140625,415.75,199.63999938964844,176.27999877929688,373.7200012207031,382.6600036621094
2026-04-24,270.81048583984375,263.989990234375,422.760009765625,344.3999938964844,675.030029296875,424.6199951171875,208.27000427246094,173.27999877929688,376.29998779296875,402.4599914550781
2026-04-27,267.3636474609375,261.1199951171875,418.20001220703125,350.3399963378906,678.6199951171875,424.82000732421875,216.61000061035156,172.9600067138672,378.6700134277344,404.9800109863281
2026-04-28,270.4608154296875,259.70001220703125,399.8299865722656,349.7799987792969,671.3400268554688,429.25,213.1699981689453,165.9600067138672,376.0199890136719,392.3399963378906
2026-04-29,269.92132568359375,263.0400085449219,405.45001220703125,349.94000244140625,669.1199951171875,424.4599914550781,209.25,163.8300018310547,372.79998779296875,393.8299865722656
2026-04-30,271.1002502441406,265.05999755859375,417.42999267578125,384.79998779296875,611.9099731445312,407.7799987792969,199.57000732421875,161.38999938964844,381.6300048828125,396.05999755859375
2026-05-01,279.88214111328125,268.260009765625,421.2799987792969,385.69000244140625,608.75,414.44000244140625,198.4499969482422,171.8300018310547,390.82000732421875,397.6700134277344
2026-05-04,276.5751647949219,272.04998779296875,416.5,383.25,610.4099731445312,413.6199951171875,198.47999572753906,180.2899932861328,392.510009765625,401.6099853515625
2026-05-05,283.9184265136719,273.54998779296875,427.3599853515625,388.42999267578125,604.9600219726562,411.3800048828125,196.5,185.35000610351562,389.3699951171875,394.4100036621094
2026-05-06,287.245361328125,274.989990234375,425.44000244140625,398.0400085449219,612.8800048828125,413.9599914550781,207.8300018310547,194.02999877929688,398.7300109863281,419.5
2026-05-07,287.1754150390625,271.1700134277344,412.55999755859375,397.989990234375,616.8099975585938,420.7699890136719,211.5,194.58999633789062,411.7900085449219,414.1499938964844
2026-05-08,293.0500183105469,272.67999267578125,430.0,400.79998779296875,609.6300048828125,415.1199951171875,215.1999969482422,195.9499969482422,428.3500061035156,411.67999267578125
2026-05-11,292.67999267578125,268.989990234375,428.42999267578125,388.6400146484375,598.8599853515625,412.6600036621094,219.44000244140625,193.83999633789062,445.0,404.5400085449219
2026-05-12,294.79998779296875,265.82000732421875,419.29998779296875,387.3500061035156,603.0,407.7699890136719,220.77999877929688,186.8300018310547,433.45001220703125,397.2799987792969
2026-05-13,298.8699951171875,270.1300048828125,416.7900085449219,402.6199951171875,616.6300048828125,405.2099914550781,225.8300018310547,189.75999450683594,445.2699890136719,399.79998779296875
2026-05-14,298.2099914550781,267.2200012207031,439.7900085449219,401.07000732421875,618.4299926757812,409.42999267578125,235.74000549316406,195.61000061035156,443.29998779296875,417.7200012207031
2026-05-15,300.2300109863281,264.1400146484375,425.19000244140625,396.7799987792969,614.22998046875,421.9200134277344,225.32000732421875,192.9499969482422,422.239990234375,404.3500061035156
2026-05-18,297.8399963378906,264.8599853515625,420.7099914550781,396.94000244140625,611.2100219726562,423.5400085449219,222.32000732421875,186.61000061035156,409.989990234375,395.95001220703125
2026-05-19,298.9700012207031,259.3399963378906,411.07000732421875,387.6600036621094,602.6099853515625,417.4200134277344,220.61000061035156,181.4600067138672,404.1099853515625,392.6099853515625
